parameter,phase,phase_iteration,depth_index,z_m,objective_wave_s,all_source_propagations_s,normalization_threshold_support_s,phase_space_rearrangement_s,total_s
1,warmup,1,1,-2.9999e-05,0.203721,0.548453,0.026622,0.020563,0.799359
1,warmup,1,2,-2.9398999999999998e-05,0.057782,0.206695,0.001693,0.011681,0.27785099999999996
1,warmup,1,3,-2.8799e-05,0.054116,0.203513,0.001407,0.010037,0.269073
1,warmup,1,4,-2.8199e-05,0.057152,0.203597,0.001406,0.010029,0.27218400000000004
1,warmup,1,5,-2.7598999999999998e-05,0.063687,0.20499,0.00313,0.011902,0.28370900000000004
1,warmup,1,6,-2.6999e-05,0.04723,0.203146,0.00112,0.009644,0.26114
1,warmup,1,7,-2.6399e-05,0.04358,0.203157,0.001133,0.009625,0.25749500000000003
1,warmup,1,8,-2.5798999999999998e-05,0.044039,0.20305,0.001113,0.009603,0.257805
1,warmup,1,9,-2.5198999999999997e-05,0.04271,0.203211,0.001115,0.009628,0.256664
1,warmup,1,10,-2.4599e-05,0.036522,0.203281,0.001107,0.009647,0.250557
1,warmup,1,11,-2.3999e-05,0.035949,0.203241,0.001108,0.009661,0.24995900000000001
1,warmup,1,12,-2.3399e-05,0.035644,0.203173,0.001107,0.009617,0.249541
1,warmup,1,13,-2.2799e-05,0.037513,0.203406,0.001108,0.009641,0.251668
1,warmup,1,14,-2.2199e-05,0.030422,0.203219,0.001111,0.009742,0.24449400000000002
1,warmup,1,15,-2.1598999999999998e-05,0.029697,0.203911,0.001108,0.009707,0.244423
1,warmup,1,16,-2.0998999999999997e-05,0.029773,0.203268,0.001107,0.009697,0.243845
1,warmup,1,17,-2.0399e-05,0.029714,0.203676,0.001127,0.009711,0.24422799999999997
1,warmup,1,18,-1.9799e-05,0.024732,0.203147,0.001109,0.009643,0.238631
1,warmup,1,19,-1.9199e-05,0.023695,0.203217,0.001118,0.009641,0.23767100000000002
1,warmup,1,20,-1.8599e-05,0.02386,0.203059,0.001115,0.009728,0.23776199999999997
1,warmup,1,21,-1.7998999999999998e-05,0.023865,0.203723,0.001108,0.009741,0.23843699999999998
1,warmup,1,22,-1.7398999999999997e-05,0.023541,0.203212,0.001108,0.009701,0.237562
1,warmup,1,23,-1.6799e-05,0.019113,0.203215,0.001111,0.009747,0.233186
1,warmup,1,24,-1.6199e-05,0.018911,0.2031,0.001105,0.009675,0.232791
1,warmup,1,25,-1.5599e-05,0.019143,0.203344,0.001111,0.00975,0.233348
1,warmup,1,26,-1.4998999999999998e-05,0.015167,0.203177,0.001112,0.009764,0.22921999999999998
1,warmup,1,27,-1.4398999999999997e-05,0.014925,0.20342,0.001116,0.00978,0.229241
1,warmup,1,28,-1.3798999999999996e-05,0.014721,0.203361,0.001114,0.009762,0.228958
1,warmup,1,29,-1.3198999999999998e-05,0.014784,0.203259,0.001112,0.009745,0.2289
1,warmup,1,30,-1.2598999999999997e-05,0.01455,0.203351,0.001105,0.009705,0.228711
1,warmup,1,31,-1.1998999999999996e-05,0.011587,0.203408,0.00111,0.009783,0.22588799999999998
1,warmup,1,32,-1.1398999999999999e-05,0.011179,0.203193,0.001111,0.009788,0.225271
1,warmup,1,33,-1.0798999999999998e-05,0.011046,0.203364,0.001113,0.009756,0.225279
1,warmup,1,34,-1.0198999999999997e-05,0.011069,0.203296,0.00111,0.009797,0.225272
1,warmup,1,35,-9.598999999999999e-06,0.011413,0.203437,0.001114,0.009758,0.225722
1,warmup,1,36,-8.998999999999998e-06,0.008239,0.203159,0.001113,0.009807,0.22231800000000002
1,warmup,1,37,-8.398999999999997e-06,0.007989,0.203336,0.001115,0.009806,0.222246
1,warmup,1,38,-7.799e-06,0.007969,0.203449,0.001116,0.009806,0.22234
1,warmup,1,39,-7.198999999999999e-06,0.006043,0.203602,0.001112,0.009839,0.22059600000000001
1,warmup,1,40,-6.598999999999998e-06,0.005608,0.203213,0.00111,0.009819,0.21975
1,warmup,1,41,-5.998999999999997e-06,0.00544,0.203221,0.001104,0.009816,0.219581
1,warmup,1,42,-5.3989999999999995e-06,0.005794,0.20343,0.001108,0.009836,0.220168
1,warmup,1,43,-4.7989999999999984e-06,0.004276,0.203451,0.001114,0.009856,0.218697
1,warmup,1,44,-4.198999999999997e-06,0.003904,0.20252,0.001109,0.009889,0.217422
1,warmup,1,45,-3.5989999999999993e-06,0.003832,0.202582,0.001104,0.009737,0.217255
1,warmup,1,46,-2.9989999999999983e-06,0.003851,0.202588,0.001103,0.009757,0.21729899999999996
1,warmup,1,47,-2.3989999999999973e-06,0.003869,0.20262,0.001105,0.009798,0.217392
1,warmup,1,48,-1.7989999999999996e-06,0.004036,0.202543,0.001106,0.00981,0.217495
1,warmup,1,49,-1.1989999999999986e-06,0.006672,0.202516,0.001112,0.009827,0.22012700000000002
1,warmup,1,50,-5.989999999999977e-07,0.003871,0.202418,0.001109,0.009731,0.217129
1,warmup,1,51,1e-09,0.003809,0.202556,0.001125,0.009852,0.217342
1,warmup,1,52,6.009999999999976e-07,0.004004,0.202498,0.001111,0.009805,0.21741800000000003
1,warmup,1,53,1.2009999999999988e-06,0.00381,0.202672,0.001117,0.00983,0.217429
1,warmup,1,54,1.8009999999999998e-06,0.003918,0.202662,0.001106,0.009796,0.217482
1,warmup,1,55,2.4009999999999974e-06,0.003807,0.202684,0.001114,0.010509,0.218114
1,warmup,1,56,3.0009999999999985e-06,0.004322,0.202617,0.00112,0.009854,0.217913
1,warmup,1,57,3.6009999999999995e-06,0.003851,0.202745,0.001108,0.009829,0.217533
1,warmup,1,58,4.200999999999997e-06,0.003829,0.20282,0.001119,0.009871,0.217639
1,warmup,1,59,4.800999999999998e-06,0.004088,0.202772,0.001107,0.009868,0.217835
1,warmup,1,60,5.400999999999999e-06,0.005662,0.202641,0.001115,0.009795,0.219213
1,warmup,1,61,6.000999999999996e-06,0.00587,0.202602,0.001109,0.009836,0.219417
1,warmup,1,62,6.6009999999999974e-06,0.005552,0.202483,0.001116,0.009732,0.218883
1,warmup,1,63,7.2009999999999985e-06,0.005547,0.203223,0.001126,0.009907,0.21980299999999997
1,warmup,1,64,7.801e-06,0.008436,0.202463,0.001114,0.009802,0.221815
1,warmup,1,65,8.400999999999998e-06,0.008027,0.202957,0.001117,0.009786,0.221887
1,warmup,1,66,9.000999999999999e-06,0.008034,0.202679,0.001111,0.009816,0.22163999999999998
1,warmup,1,67,9.601e-06,0.007887,0.202501,0.001102,0.009756,0.221246
1,warmup,1,68,1.0200999999999998e-05,0.011099,0.203002,0.001123,0.009826,0.22505
1,warmup,1,69,1.0800999999999999e-05,0.011457,0.203068,0.001106,0.009864,0.225495
1,warmup,1,70,1.1401e-05,0.010899,0.202562,0.001111,0.010366,0.22493799999999997
1,warmup,1,71,1.2000999999999997e-05,0.011512,0.203269,0.001115,0.009868,0.225764
1,warmup,1,72,1.2600999999999998e-05,0.014894,0.203144,0.00111,0.009855,0.22900299999999998
1,warmup,1,73,1.3201e-05,0.014685,0.203139,0.001117,0.009795,0.228736
1,warmup,1,74,1.3800999999999997e-05,0.01486,0.203094,0.00111,0.009838,0.228902
1,warmup,1,75,1.4400999999999998e-05,0.014544,0.203184,0.001109,0.009835,0.22867200000000001
1,warmup,1,76,1.5001e-05,0.019219,0.203091,0.001128,0.009799,0.233237
1,warmup,1,77,1.5601e-05,0.019641,0.203154,0.001113,0.009848,0.233756
1,warmup,1,78,1.6200999999999996e-05,0.019102,0.20328,0.001109,0.009843,0.23333399999999999
1,warmup,1,79,1.6800999999999997e-05,0.019022,0.203352,0.001119,0.009815,0.23330800000000002
1,warmup,1,80,1.7400999999999995e-05,0.019083,0.203141,0.001105,0.009868,0.23319699999999996
1,warmup,1,81,1.8000999999999996e-05,0.024178,0.203242,0.001109,0.009878,0.238407
1,warmup,1,82,1.8600999999999997e-05,0.023982,0.203265,0.00112,0.00979,0.238157
1,warmup,1,83,1.9200999999999998e-05,0.024213,0.203279,0.001108,0.009839,0.23843899999999996
1,warmup,1,84,1.9801e-05,0.023895,0.203187,0.001104,0.009861,0.238047
1,warmup,1,85,2.0400999999999997e-05,0.030112,0.203174,0.001117,0.009868,0.244271
1,warmup,1,86,2.1000999999999994e-05,0.029967,0.203094,0.00111,0.00982,0.24399099999999999
1,warmup,1,87,2.1600999999999995e-05,0.029694,0.203373,0.001116,0.009822,0.244005
1,warmup,1,88,2.2200999999999996e-05,0.029778,0.20325,0.001121,0.009805,0.243954
1,warmup,1,89,2.2800999999999997e-05,0.036585,0.204119,0.001116,0.009829,0.251649
1,warmup,1,90,2.3401e-05,0.036332,0.203932,0.001118,0.009876,0.25125800000000004
1,warmup,1,91,2.4000999999999996e-05,0.036534,0.203975,0.001133,0.009882,0.25152399999999997
1,warmup,1,92,2.4600999999999997e-05,0.037223,0.2039,0.001116,0.009862,0.252101
1,warmup,1,93,2.5200999999999995e-05,0.043973,0.203861,0.00111,0.009842,0.258786
1,warmup,1,94,2.5800999999999996e-05,0.042966,0.20433,0.001112,0.009904,0.25831200000000004
1,warmup,1,95,2.6400999999999997e-05,0.043147,0.203852,0.001118,0.00986,0.257977
1,warmup,1,96,2.7000999999999998e-05,0.043028,0.203812,0.001111,0.009875,0.257826
1,warmup,1,97,2.7600999999999995e-05,0.051007,0.204706,0.001114,0.009873,0.2667
1,warmup,1,98,2.8200999999999996e-05,0.050821,0.204784,0.001135,0.00987,0.26660999999999996
1,warmup,1,99,2.8800999999999998e-05,0.050845,0.204168,0.00111,0.009874,0.265997
1,warmup,1,100,2.9400999999999995e-05,0.050817,0.204337,0.001115,0.009833,0.26610199999999995
1,warmup,1,101,3.0000999999999996e-05,0.050839,0.204595,0.001124,0.009926,0.266484
1,warmup,2,1,-2.9999e-05,0.061039,0.204131,0.001134,0.009817,0.27612100000000006
1,warmup,2,2,-2.9398999999999998e-05,0.051439,0.204005,0.00112,0.009875,0.26643900000000004
1,warmup,2,3,-2.8799e-05,0.051158,0.204544,0.001114,0.009821,0.266637
1,warmup,2,4,-2.8199e-05,0.056042,0.204553,0.001123,0.009861,0.271579
1,warmup,2,5,-2.7598999999999998e-05,0.050955,0.204182,0.001118,0.009855,0.26611
1,warmup,2,6,-2.6999e-05,0.043328,0.204188,0.001123,0.009793,0.25843200000000005
1,warmup,2,7,-2.6399e-05,0.043475,0.204244,0.001116,0.009858,0.258693
1,warmup,2,8,-2.5798999999999998e-05,0.043108,0.204625,0.001118,0.009887,0.258738
1,warmup,2,9,-2.5198999999999997e-05,0.043163,0.20399,0.001117,0.009792,0.258062
1,warmup,2,10,-2.4599e-05,0.036064,0.204216,0.001135,0.0099,0.251315
1,warmup,2,11,-2.3999e-05,0.037258,0.204042,0.001116,0.009794,0.25221000000000005
1,warmup,2,12,-2.3399e-05,0.036353,0.204056,0.001124,0.009815,0.251348
1,warmup,2,13,-2.2799e-05,0.036304,0.204228,0.001116,0.009812,0.25146
1,warmup,2,14,-2.2199e-05,0.029922,0.204046,0.001119,0.009866,0.24495300000000003
1,warmup,2,15,-2.1598999999999998e-05,0.029817,0.20411,0.001121,0.009837,0.24488500000000005
1,warmup,2,16,-2.0998999999999997e-05,0.029849,0.204094,0.001114,0.009853,0.24491000000000002
1,warmup,2,17,-2.0399e-05,0.029818,0.204002,0.001112,0.009806,0.244738
1,warmup,2,18,-1.9799e-05,0.02399,0.204163,0.00113,0.009843,0.239126
1,warmup,2,19,-1.9199e-05,0.024349,0.204141,0.001117,0.009814,0.239421
1,warmup,2,20,-1.8599e-05,0.024033,0.20414,0.001117,0.00983,0.23912
1,warmup,2,21,-1.7998999999999998e-05,0.023895,0.20423,0.001122,0.009831,0.239078
1,warmup,2,22,-1.7398999999999997e-05,0.01923,0.204261,0.001118,0.009874,0.234483
1,warmup,2,23,-1.6799e-05,0.022071,0.204117,0.001118,0.009837,0.23714300000000002
1,warmup,2,24,-1.6199e-05,0.019195,0.204193,0.001113,0.009806,0.23430700000000002
1,warmup,2,25,-1.5599e-05,0.019289,0.204164,0.001115,0.009777,0.23434500000000003
1,warmup,2,26,-1.4998999999999998e-05,0.014734,0.204106,0.001113,0.009862,0.22981500000000002
1,warmup,2,27,-1.4398999999999997e-05,0.015302,0.204234,0.001124,0.009812,0.230472
1,warmup,2,28,-1.3798999999999996e-05,0.014841,0.204136,0.001117,0.009832,0.22992600000000002
1,warmup,2,29,-1.3198999999999998e-05,0.0147,0.204113,0.001114,0.009768,0.22969499999999998
1,warmup,2,30,-1.2598999999999997e-05,0.014702,0.204194,0.001114,0.009819,0.22982899999999998
1,warmup,2,31,-1.1998999999999996e-05,0.011262,0.204155,0.001117,0.009909,0.226443
1,warmup,2,32,-1.1398999999999999e-05,0.011343,0.20409,0.001114,0.009836,0.226383
1,warmup,2,33,-1.0798999999999998e-05,0.011169,0.204207,0.001115,0.009848,0.226339
1,warmup,2,34,-1.0198999999999997e-05,0.011105,0.204227,0.001117,0.009772,0.226221
1,warmup,2,35,-9.598999999999999e-06,0.008064,0.204207,0.001118,0.009839,0.22322799999999998
1,warmup,2,36,-8.998999999999998e-06,0.008277,0.204031,0.001116,0.009869,0.223293
1,warmup,2,37,-8.398999999999997e-06,0.008034,0.204139,0.00111,0.009801,0.223084
1,warmup,2,38,-7.799e-06,0.008079,0.204362,0.001112,0.009809,0.223362
1,warmup,2,39,-7.198999999999999e-06,0.005684,0.204117,0.001115,0.009825,0.220741
1,warmup,2,40,-6.598999999999998e-06,0.005783,0.2042,0.001116,0.009857,0.220956
1,warmup,2,41,-5.998999999999997e-06,0.005761,0.204277,0.001139,0.009911,0.22108799999999998
1,warmup,2,42,-5.3989999999999995e-06,0.006064,0.204352,0.001118,0.009864,0.221398
1,warmup,2,43,-4.7989999999999984e-06,0.004041,0.204356,0.001112,0.009885,0.219394
1,warmup,2,44,-4.198999999999997e-06,0.004117,0.204142,0.00112,0.009801,0.21918
1,warmup,2,45,-3.5989999999999993e-06,0.004067,0.204296,0.001119,0.009802,0.219284
1,warmup,2,46,-2.9989999999999983e-06,0.00399,0.204229,0.001126,0.00983,0.21917499999999998
1,warmup,2,47,-2.3989999999999973e-06,0.00409,0.204169,0.001118,0.009887,0.21926400000000001
1,warmup,2,48,-1.7989999999999996e-06,0.004025,0.204426,0.001118,0.009929,0.219498
1,warmup,2,49,-1.1989999999999986e-06,0.004002,0.205113,0.001124,0.009852,0.220091
1,warmup,2,50,-5.989999999999977e-07,0.006635,0.204335,0.001116,0.009854,0.22194
1,warmup,2,51,1e-09,0.004009,0.204318,0.001115,0.009948,0.21939000000000003
1,warmup,2,52,6.009999999999976e-07,0.003969,0.204202,0.00113,0.009816,0.21911699999999998
1,warmup,2,53,1.2009999999999988e-06,0.004363,0.204663,0.001122,0.009889,0.22003700000000004
1,warmup,2,54,1.8009999999999998e-06,0.004217,0.204509,0.001125,0.00985,0.21970099999999998
1,warmup,2,55,2.4009999999999974e-06,0.004153,0.204372,0.001126,0.009849,0.21949999999999997
1,warmup,2,56,3.0009999999999985e-06,0.004043,0.204186,0.001123,0.009909,0.219261
1,warmup,2,57,3.6009999999999995e-06,0.004047,0.204544,0.001132,0.009904,0.219627
1,warmup,2,58,4.200999999999997e-06,0.004281,0.204507,0.001118,0.009886,0.21979200000000002
1,warmup,2,59,4.800999999999998e-06,0.003981,0.204428,0.001126,0.009835,0.21937
1,warmup,2,60,5.400999999999999e-06,0.005874,0.204415,0.001124,0.009859,0.22127200000000002
1,warmup,2,61,6.000999999999996e-06,0.005889,0.204521,0.001121,0.009886,0.22141700000000003
1,warmup,2,62,6.6009999999999974e-06,0.005805,0.204622,0.001124,0.009858,0.221409
1,warmup,2,63,7.2009999999999985e-06,0.005839,0.204943,0.001122,0.009898,0.221802
1,warmup,2,64,7.801e-06,0.008432,0.204976,0.001127,0.009857,0.22439199999999998
1,warmup,2,65,8.400999999999998e-06,0.008148,0.204886,0.001124,0.00981,0.223968
1,warmup,2,66,9.000999999999999e-06,0.008151,0.204753,0.001119,0.009888,0.223911
1,warmup,2,67,9.601e-06,0.008208,0.204853,0.001118,0.009807,0.22398600000000002
1,warmup,2,68,1.0200999999999998e-05,0.011284,0.204768,0.001129,0.00984,0.22702099999999997
1,warmup,2,69,1.0800999999999999e-05,0.011169,0.204863,0.001112,0.009819,0.226963
1,warmup,2,70,1.1401e-05,0.011308,0.204883,0.00112,0.009803,0.22711400000000004
1,warmup,2,71,1.2000999999999997e-05,0.011138,0.204799,0.001116,0.009902,0.22695500000000002
1,warmup,2,72,1.2600999999999998e-05,0.015155,0.204797,0.001115,0.009835,0.23090200000000002
1,warmup,2,73,1.3201e-05,0.014709,0.204901,0.001121,0.009874,0.230605
1,warmup,2,74,1.3800999999999997e-05,0.014877,0.204824,0.001115,0.009917,0.23073300000000002
1,warmup,2,75,1.4400999999999998e-05,0.01551,0.2051,0.001135,0.009828,0.231573
1,warmup,2,76,1.5001e-05,0.019522,0.204867,0.001114,0.009875,0.235378
1,warmup,2,77,1.5601e-05,0.021556,0.205144,0.001119,0.009892,0.237711
1,warmup,2,78,1.6200999999999996e-05,0.019379,0.204827,0.001112,0.009821,0.23513900000000001
1,warmup,2,79,1.6800999999999997e-05,0.019175,0.204804,0.00111,0.009859,0.23494800000000002
1,warmup,2,80,1.7400999999999995e-05,0.019173,0.204817,0.00111,0.009883,0.234983
1,warmup,2,81,1.8000999999999996e-05,0.024209,0.205433,0.001125,0.00984,0.240607
1,warmup,2,82,1.8600999999999997e-05,0.024254,0.205408,0.001115,0.009917,0.24069400000000002
1,warmup,2,83,1.9200999999999998e-05,0.024165,0.20525,0.001119,0.00993,0.24046399999999998
1,warmup,2,84,1.9801e-05,0.024206,0.205287,0.001118,0.009893,0.24050400000000002
1,warmup,2,85,2.0400999999999997e-05,0.030545,0.205361,0.001118,0.009898,0.24692199999999997
1,warmup,2,86,2.1000999999999994e-05,0.030289,0.205458,0.001125,0.009939,0.246811
1,warmup,2,87,2.1600999999999995e-05,0.030195,0.2064,0.001134,0.009856,0.247585
1,warmup,2,88,2.2200999999999996e-05,0.030512,0.205509,0.001123,0.009906,0.24705000000000002
1,warmup,2,89,2.2800999999999997e-05,0.036879,0.205439,0.001118,0.009878,0.25331400000000004
1,warmup,2,90,2.3401e-05,0.036396,0.205453,0.001115,0.009906,0.25287
1,warmup,2,91,2.4000999999999996e-05,0.036378,0.20547,0.001121,0.009897,0.25286600000000004
1,warmup,2,92,2.4600999999999997e-05,0.036391,0.205555,0.001132,0.009933,0.253011
1,warmup,2,93,2.5200999999999995e-05,0.044071,0.20549,0.001118,0.009878,0.260557
1,warmup,2,94,2.5800999999999996e-05,0.043574,0.205452,0.001117,0.009838,0.259981
1,warmup,2,95,2.6400999999999997e-05,0.04372,0.205371,0.001113,0.009969,0.260173
1,warmup,2,96,2.7000999999999998e-05,0.043521,0.205431,0.001118,0.009864,0.259934
1,warmup,2,97,2.7600999999999995e-05,0.052007,0.205498,0.001115,0.009816,0.26843599999999995
1,warmup,2,98,2.8200999999999996e-05,0.051961,0.206103,0.001118,0.009934,0.269116
1,warmup,2,99,2.8800999999999998e-05,0.052029,0.205339,0.00112,0.009855,0.268343
1,warmup,2,100,2.9400999999999995e-05,0.051662,0.20562,0.001116,0.009839,0.268237
1,warmup,2,101,3.0000999999999996e-05,0.056227,0.206016,0.001123,0.009929,0.273295
1,warmup,3,1,-2.9999e-05,0.061281,0.205939,0.001133,0.00992,0.278273
1,warmup,3,2,-2.9398999999999998e-05,0.052913,0.205523,0.001126,0.009852,0.26941400000000004
1,warmup,3,3,-2.8799e-05,0.052621,0.205889,0.001124,0.009849,0.26948300000000003
1,warmup,3,4,-2.8199e-05,0.056913,0.206033,0.001127,0.009975,0.274048
1,warmup,3,5,-2.7598999999999998e-05,0.052171,0.205923,0.001127,0.009963,0.269184
1,warmup,3,6,-2.6999e-05,0.043888,0.205381,0.001115,0.009853,0.260237
1,warmup,3,7,-2.6399e-05,0.043837,0.20561,0.001125,0.009862,0.26043399999999994
1,warmup,3,8,-2.5798999999999998e-05,0.043971,0.205477,0.001117,0.009866,0.26043099999999997
1,warmup,3,9,-2.5198999999999997e-05,0.044437,0.205879,0.001143,0.009922,0.261381
1,warmup,3,10,-2.4599e-05,0.037193,0.205595,0.001119,0.009905,0.25381200000000004
1,warmup,3,11,-2.3999e-05,0.036576,0.205649,0.001124,0.009902,0.253251
1,warmup,3,12,-2.3399e-05,0.036867,0.205319,0.001119,0.009889,0.25319400000000003
1,warmup,3,13,-2.2799e-05,0.036622,0.205446,0.001118,0.009891,0.253077
1,warmup,3,14,-2.2199e-05,0.030596,0.205656,0.001122,0.0099,0.24727400000000002
1,warmup,3,15,-2.1598999999999998e-05,0.030959,0.205575,0.001122,0.009924,0.24758000000000002
1,warmup,3,16,-2.0998999999999997e-05,0.03096,0.205575,0.00113,0.009905,0.24756999999999998
1,warmup,3,17,-2.0399e-05,0.030652,0.205551,0.00112,0.009889,0.24721200000000002
1,warmup,3,18,-1.9799e-05,0.024593,0.20552,0.001121,0.009911,0.24114500000000003
1,warmup,3,19,-1.9199e-05,0.024604,0.205747,0.001117,0.009855,0.24132300000000004
1,warmup,3,20,-1.8599e-05,0.024535,0.205487,0.001119,0.009922,0.24106300000000003
1,warmup,3,21,-1.7998999999999998e-05,0.02462,0.205503,0.001121,0.009923,0.241167
1,warmup,3,22,-1.7398999999999997e-05,0.01969,0.205504,0.001122,0.00993,0.236246
1,warmup,3,23,-1.6799e-05,0.01963,0.20643,0.001136,0.009953,0.237149
1,warmup,3,24,-1.6199e-05,0.019906,0.205358,0.001117,0.009883,0.23626400000000003
1,warmup,3,25,-1.5599e-05,0.019586,0.205637,0.001123,0.009856,0.236202
1,warmup,3,26,-1.4998999999999998e-05,0.015125,0.205725,0.001121,0.009904,0.231875
1,warmup,3,27,-1.4398999999999997e-05,0.015113,0.205774,0.001125,0.009929,0.23194099999999998
1,warmup,3,28,-1.3798999999999996e-05,0.015173,0.205402,0.001122,0.009912,0.231609
1,warmup,3,29,-1.3198999999999998e-05,0.015095,0.205661,0.001118,0.009872,0.231746
1,warmup,3,30,-1.2598999999999997e-05,0.015052,0.205565,0.001123,0.009883,0.23162300000000002
1,warmup,3,31,-1.1998999999999996e-05,0.011683,0.205656,0.00112,0.009833,0.22829200000000002
1,warmup,3,32,-1.1398999999999999e-05,0.015267,0.205467,0.001115,0.009918,0.23176700000000003
1,warmup,3,33,-1.0798999999999998e-05,0.011364,0.205578,0.001116,0.009886,0.22794400000000004
1,warmup,3,34,-1.0198999999999997e-05,0.011469,0.205549,0.001125,0.009884,0.228027
1,warmup,3,35,-9.598999999999999e-06,0.008324,0.205597,0.001121,0.009935,0.224977
1,warmup,3,36,-8.998999999999998e-06,0.008257,0.205431,0.001119,0.009844,0.224651
1,warmup,3,37,-8.398999999999997e-06,0.008305,0.205505,0.001118,0.009845,0.224773
1,warmup,3,38,-7.799e-06,0.008231,0.205514,0.001129,0.009901,0.22477499999999997
1,warmup,3,39,-7.198999999999999e-06,0.005957,0.205427,0.001118,0.009893,0.222395
1,warmup,3,40,-6.598999999999998e-06,0.005828,0.205271,0.001119,0.009931,0.222149
1,warmup,3,41,-5.998999999999997e-06,0.007705,0.205572,0.001127,0.009863,0.224267
1,warmup,3,42,-5.3989999999999995e-06,0.005808,0.205362,0.00113,0.009885,0.222185
1,warmup,3,43,-4.7989999999999984e-06,0.004055,0.205882,0.001122,0.00995,0.221009
1,warmup,3,44,-4.198999999999997e-06,0.003993,0.205564,0.001121,0.009893,0.22057100000000002
1,warmup,3,45,-3.5989999999999993e-06,0.004006,0.205938,0.001128,0.009952,0.221024
1,warmup,3,46,-2.9989999999999983e-06,0.003992,0.205813,0.001115,0.009848,0.220768
1,warmup,3,47,-2.3989999999999973e-06,0.004091,0.206003,0.001125,0.009826,0.221045
1,warmup,3,48,-1.7989999999999996e-06,0.004023,0.205649,0.001119,0.009899,0.22069
1,warmup,3,49,-1.1989999999999986e-06,0.003986,0.205684,0.001127,0.009957,0.22075399999999998
1,warmup,3,50,-5.989999999999977e-07,0.00404,0.205897,0.001123,0.009925,0.220985
1,warmup,3,51,1e-09,0.003964,0.206032,0.001128,0.009886,0.22100999999999998
1,warmup,3,52,6.009999999999976e-07,0.004074,0.205614,0.001118,0.009845,0.22065099999999999
1,warmup,3,53,1.2009999999999988e-06,0.004016,0.205807,0.001119,0.010678,0.22161999999999998
1,warmup,3,54,1.8009999999999998e-06,0.004207,0.205633,0.001118,0.009887,0.220845
1,warmup,3,55,2.4009999999999974e-06,0.003994,0.20608,0.001123,0.009961,0.22115800000000002
1,warmup,3,56,3.0009999999999985e-06,0.004053,0.205799,0.001119,0.009893,0.22086400000000003
1,warmup,3,57,3.6009999999999995e-06,0.004066,0.205858,0.001122,0.00991,0.220956
1,warmup,3,58,4.200999999999997e-06,0.004024,0.205817,0.001123,0.009902,0.220866
1,warmup,3,59,4.800999999999998e-06,0.003977,0.20593,0.001121,0.00992,0.22094800000000003
1,warmup,3,60,5.400999999999999e-06,0.005944,0.205832,0.001121,0.009964,0.222861
1,warmup,3,61,6.000999999999996e-06,0.005899,0.205874,0.001128,0.009868,0.22276899999999997
1,warmup,3,62,6.6009999999999974e-06,0.005884,0.205828,0.001118,0.009905,0.22273500000000002
1,warmup,3,63,7.2009999999999985e-06,0.00577,0.206044,0.001123,0.009947,0.22288400000000003
1,warmup,3,64,7.801e-06,0.008411,0.205819,0.00112,0.009948,0.22529800000000003
1,warmup,3,65,8.400999999999998e-06,0.008314,0.205838,0.00112,0.009923,0.22519499999999998
1,warmup,3,66,9.000999999999999e-06,0.008333,0.205908,0.001125,0.009857,0.225223
1,warmup,3,67,9.601e-06,0.008365,0.205988,0.001119,0.009897,0.225369
1,warmup,3,68,1.0200999999999998e-05,0.011428,0.206258,0.00112,0.009907,0.228713
1,warmup,3,69,1.0800999999999999e-05,0.011466,0.206272,0.001126,0.009889,0.228753
1,warmup,3,70,1.1401e-05,0.011472,0.205633,0.001125,0.009902,0.228132
1,warmup,3,71,1.2000999999999997e-05,0.011396,0.207105,0.001146,0.009947,0.22959400000000002
1,warmup,3,72,1.2600999999999998e-05,0.015913,0.206157,0.001122,0.009945,0.23313700000000004
1,warmup,3,73,1.3201e-05,0.015239,0.206151,0.001124,0.009969,0.232483
1,warmup,3,74,1.3800999999999997e-05,0.015171,0.206379,0.001126,0.009976,0.232652
1,warmup,3,75,1.4400999999999998e-05,0.015182,0.206356,0.001123,0.009922,0.23258300000000004
1,warmup,3,76,1.5001e-05,0.019952,0.206264,0.001118,0.00991,0.237244
1,warmup,3,77,1.5601e-05,0.021237,0.206384,0.00113,0.009843,0.238594
1,warmup,3,78,1.6200999999999996e-05,0.019687,0.206334,0.001117,0.009931,0.237069
1,warmup,3,79,1.6800999999999997e-05,0.019708,0.206408,0.001123,0.010196,0.23743500000000003
1,warmup,3,80,1.7400999999999995e-05,0.01976,0.206252,0.001135,0.009928,0.23707499999999998
1,warmup,3,81,1.8000999999999996e-05,0.02489,0.206247,0.001123,0.009918,0.24217800000000003
1,warmup,3,82,1.8600999999999997e-05,0.024599,0.206193,0.001126,0.009885,0.241803
1,warmup,3,83,1.9200999999999998e-05,0.024655,0.206497,0.001122,0.009857,0.24213100000000004
1,warmup,3,84,1.9801e-05,0.024632,0.206283,0.001123,0.009877,0.241915
1,warmup,3,85,2.0400999999999997e-05,0.031009,0.206211,0.001123,0.00997,0.24831300000000003
1,warmup,3,86,2.1000999999999994e-05,0.030907,0.20628,0.001118,0.009965,0.24827
1,warmup,3,87,2.1600999999999995e-05,0.03072,0.20654,0.001122,0.009922,0.24830400000000002
1,warmup,3,88,2.2200999999999996e-05,0.030825,0.2061,0.001142,0.009868,0.247935
1,warmup,3,89,2.2800999999999997e-05,0.037545,0.206279,0.001128,0.009862,0.254814
1,warmup,3,90,2.3401e-05,0.036941,0.206241,0.001119,0.00997,0.254271
1,warmup,3,91,2.4000999999999996e-05,0.036948,0.206579,0.001124,0.009946,0.254597
1,warmup,3,92,2.4600999999999997e-05,0.036829,0.206175,0.00112,0.009961,0.254085
1,warmup,3,93,2.5200999999999995e-05,0.044439,0.206478,0.00112,0.009943,0.26198
1,warmup,3,94,2.5800999999999996e-05,0.043988,0.206102,0.001126,0.009892,0.26110800000000006
1,warmup,3,95,2.6400999999999997e-05,0.044079,0.206897,0.001122,0.009898,0.261996
1,warmup,3,96,2.7000999999999998e-05,0.044466,0.206646,0.001137,0.010041,0.26229
1,warmup,3,97,2.7600999999999995e-05,0.052418,0.206908,0.00112,0.00998,0.270426
1,warmup,3,98,2.8200999999999996e-05,0.05175,0.207059,0.001125,0.009934,0.269868
1,warmup,3,99,2.8800999999999998e-05,0.051624,0.207105,0.001127,0.009956,0.269812
1,warmup,3,100,2.9400999999999995e-05,0.051774,0.206663,0.001123,0.009953,0.269513
1,warmup,3,101,3.0000999999999996e-05,0.051829,0.207061,0.001124,0.00995,0.26996400000000004
1,warmup,4,1,-2.9999e-05,0.062116,0.207046,0.001129,0.009864,0.280155
1,warmup,4,2,-2.9398999999999998e-05,0.052421,0.206802,0.001129,0.010012,0.27036400000000005
1,warmup,4,3,-2.8799e-05,0.052514,0.206663,0.001129,0.01002,0.27032599999999996
1,warmup,4,4,-2.8199e-05,0.056858,0.206482,0.001131,0.009946,0.274417
1,warmup,4,5,-2.7598999999999998e-05,0.051824,0.207045,0.001123,0.009921,0.269913
1,warmup,4,6,-2.6999e-05,0.044041,0.20622,0.001119,0.009927,0.26130699999999996
1,warmup,4,7,-2.6399e-05,0.044127,0.2067,0.001129,0.009895,0.261851
1,warmup,4,8,-2.5798999999999998e-05,0.044166,0.206665,0.00113,0.009932,0.261893
1,warmup,4,9,-2.5198999999999997e-05,0.04432,0.206925,0.001126,0.009979,0.26235
1,warmup,4,10,-2.4599e-05,0.036966,0.206194,0.001129,0.009947,0.25423599999999996
1,warmup,4,11,-2.3999e-05,0.038261,0.206698,0.001135,0.009922,0.25601599999999997
1,warmup,4,12,-2.3399e-05,0.037143,0.206618,0.001126,0.009958,0.254845
1,warmup,4,13,-2.2799e-05,0.037234,0.206253,0.001121,0.009932,0.25454000000000004
1,warmup,4,14,-2.2199e-05,0.030813,0.206384,0.001123,0.009956,0.24827600000000002
1,warmup,4,15,-2.1598999999999998e-05,0.030805,0.206225,0.001121,0.009941,0.248092
1,warmup,4,16,-2.0998999999999997e-05,0.031012,0.206164,0.001123,0.009945,0.24824400000000002
1,warmup,4,17,-2.0399e-05,0.030869,0.206356,0.001125,0.009866,0.248216
1,warmup,4,18,-1.9799e-05,0.02477,0.206347,0.001121,0.009955,0.24219300000000002
1,warmup,4,19,-1.9199e-05,0.024608,0.206212,0.001126,0.009888,0.241834
1,warmup,4,20,-1.8599e-05,0.024702,0.206069,0.001128,0.009942,0.241841
1,warmup,4,21,-1.7998999999999998e-05,0.024832,0.207183,0.00115,0.009944,0.24310900000000002
1,warmup,4,22,-1.7398999999999997e-05,0.020442,0.206331,0.001128,0.009913,0.23781399999999997
1,warmup,4,23,-1.6799e-05,0.019796,0.206327,0.001127,0.009858,0.237108
1,warmup,4,24,-1.6199e-05,0.0198,0.206338,0.001119,0.009911,0.23716800000000002
1,warmup,4,25,-1.5599e-05,0.019734,0.206412,0.001126,0.009867,0.237139
1,warmup,4,26,-1.4998999999999998e-05,0.015191,0.20624,0.001121,0.009922,0.23247400000000001
1,warmup,4,27,-1.4398999999999997e-05,0.015443,0.206342,0.001125,0.009913,0.232823
1,warmup,4,28,-1.3798999999999996e-05,0.015318,0.206071,0.001122,0.009959,0.23247
1,warmup,4,29,-1.3198999999999998e-05,0.01513,0.206565,0.001124,0.009882,0.232701
1,warmup,4,30,-1.2598999999999997e-05,0.015222,0.206313,0.001117,0.009936,0.232588
1,warmup,4,31,-1.1998999999999996e-05,0.011593,0.206291,0.001129,0.009907,0.22891999999999998
1,warmup,4,32,-1.1398999999999999e-05,0.011566,0.206274,0.001121,0.009927,0.228888
1,warmup,4,33,-1.0798999999999998e-05,0.011515,0.206439,0.001125,0.009883,0.228962
1,warmup,4,34,-1.0198999999999997e-05,0.011491,0.206394,0.00112,0.009896,0.228901
1,warmup,4,35,-9.598999999999999e-06,0.008344,0.206238,0.001121,0.009929,0.225632
1,warmup,4,36,-8.998999999999998e-06,0.008331,0.206342,0.001121,0.009882,0.22567600000000002
1,warmup,4,37,-8.398999999999997e-06,0.008384,0.206386,0.001124,0.00995,0.225844
1,warmup,4,38,-7.799e-06,0.00831,0.206383,0.001121,0.009937,0.22575100000000003
1,warmup,4,39,-7.198999999999999e-06,0.005873,0.206446,0.001129,0.009898,0.22334599999999996
1,warmup,4,40,-6.598999999999998e-06,0.005834,0.206032,0.001128,0.009954,0.22294799999999998
1,warmup,4,41,-5.998999999999997e-06,0.008215,0.20631,0.001121,0.00989,0.22553600000000001
1,warmup,4,42,-5.3989999999999995e-06,0.005871,0.206404,0.001143,0.009974,0.223392
1,warmup,4,43,-4.7989999999999984e-06,0.004234,0.205498,0.00112,0.00988,0.22073199999999998
1,warmup,4,44,-4.198999999999997e-06,0.004044,0.205933,0.001124,0.009915,0.221016
1,warmup,4,45,-3.5989999999999993e-06,0.003999,0.20592,0.001121,0.009904,0.220944
1,warmup,4,46,-2.9989999999999983e-06,0.003963,0.206299,0.001126,0.009907,0.221295
1,warmup,4,47,-2.3989999999999973e-06,0.004084,0.206111,0.001119,0.009932,0.221246
1,warmup,4,48,-1.7989999999999996e-06,0.004038,0.205967,0.001117,0.009922,0.22104400000000002
1,warmup,4,49,-1.1989999999999986e-06,0.004045,0.206269,0.001117,0.009908,0.221339
1,warmup,4,50,-5.989999999999977e-07,0.006556,0.206186,0.001131,0.009955,0.223828
1,warmup,4,51,1e-09,0.004072,0.205965,0.001121,0.00991,0.22106800000000001
1,warmup,4,52,6.009999999999976e-07,0.004017,0.205888,0.001124,0.009928,0.22095699999999996
1,warmup,4,53,1.2009999999999988e-06,0.004046,0.206418,0.001121,0.009953,0.22153799999999998
1,warmup,4,54,1.8009999999999998e-06,0.004039,0.206387,0.001135,0.009923,0.22148399999999996
1,warmup,4,55,2.4009999999999974e-06,0.004209,0.205725,0.001122,0.009962,0.221018
1,warmup,4,56,3.0009999999999985e-06,0.004078,0.206155,0.001126,0.009851,0.22121
1,warmup,4,57,3.6009999999999995e-06,0.003981,0.206447,0.001127,0.009947,0.221502
1,warmup,4,58,4.200999999999997e-06,0.004057,0.206081,0.00113,0.009939,0.221207
1,warmup,4,59,4.800999999999998e-06,0.004062,0.206394,0.001128,0.009908,0.221492
1,warmup,4,60,5.400999999999999e-06,0.005943,0.206234,0.00112,0.00995,0.22324700000000003
1,warmup,4,61,6.000999999999996e-06,0.005836,0.206334,0.001124,0.009902,0.22319599999999998
1,warmup,4,62,6.6009999999999974e-06,0.005847,0.206388,0.00112,0.009919,0.223274
1,warmup,4,63,7.2009999999999985e-06,0.005842,0.206423,0.00112,0.009937,0.223322
1,warmup,4,64,7.801e-06,0.008361,0.206223,0.001128,0.00985,0.22556199999999998
1,warmup,4,65,8.400999999999998e-06,0.008407,0.206697,0.001131,0.009965,0.22619999999999998
1,warmup,4,66,9.000999999999999e-06,0.008451,0.206296,0.001126,0.009866,0.22573900000000002
1,warmup,4,67,9.601e-06,0.00836,0.206528,0.00112,0.009934,0.225942
1,warmup,4,68,1.0200999999999998e-05,0.011493,0.206167,0.001123,0.009925,0.228708
1,warmup,4,69,1.0800999999999999e-05,0.011498,0.206502,0.001122,0.009837,0.22895900000000002
1,warmup,4,70,1.1401e-05,0.01139,0.206391,0.001117,0.009905,0.228803
1,warmup,4,71,1.2000999999999997e-05,0.011657,0.206308,0.001121,0.009879,0.228965
1,warmup,4,72,1.2600999999999998e-05,0.015132,0.206383,0.001121,0.009948,0.23258400000000004
1,warmup,4,73,1.3201e-05,0.015172,0.206488,0.001118,0.009918,0.23269600000000001
1,warmup,4,74,1.3800999999999997e-05,0.015207,0.206325,0.001122,0.009929,0.232583
1,warmup,4,75,1.4400999999999998e-05,0.01537,0.206427,0.00112,0.00987,0.232787
1,warmup,4,76,1.5001e-05,0.019702,0.206164,0.001126,0.0099,0.23689199999999996
1,warmup,4,77,1.5601e-05,0.019996,0.206334,0.001123,0.009923,0.23737599999999998
1,warmup,4,78,1.6200999999999996e-05,0.019713,0.206254,0.001124,0.009907,0.236998
1,warmup,4,79,1.6800999999999997e-05,0.019678,0.206432,0.001129,0.009974,0.237213
1,warmup,4,80,1.7400999999999995e-05,0.019845,0.20632,0.001127,0.009995,0.237287
1,warmup,4,81,1.8000999999999996e-05,0.024836,0.206367,0.001123,0.009846,0.242172
1,warmup,4,82,1.8600999999999997e-05,0.024908,0.206365,0.001123,0.009885,0.24228100000000002
1,warmup,4,83,1.9200999999999998e-05,0.024705,0.206273,0.00113,0.009871,0.241979
1,warmup,4,84,1.9801e-05,0.024687,0.206222,0.001122,0.009916,0.241947
1,warmup,4,85,2.0400999999999997e-05,0.031052,0.206953,0.001126,0.01,0.249131
1,warmup,4,86,2.1000999999999994e-05,0.030831,0.206759,0.001136,0.010011,0.24873699999999999
1,warmup,4,87,2.1600999999999995e-05,0.031029,0.206957,0.001123,0.009934,0.24904300000000001
1,warmup,4,88,2.2200999999999996e-05,0.030788,0.206644,0.001131,0.009912,0.248475
1,warmup,4,89,2.2800999999999997e-05,0.037153,0.206965,0.001123,0.009936,0.255177
1,warmup,4,90,2.3401e-05,0.037155,0.206861,0.001127,0.009936,0.25507899999999994
1,warmup,4,91,2.4000999999999996e-05,0.037072,0.206728,0.001123,0.009948,0.254871
1,warmup,4,92,2.4600999999999997e-05,0.037087,0.206834,0.001124,0.009939,0.254984
1,warmup,4,93,2.5200999999999995e-05,0.045905,0.207052,0.001126,0.009916,0.263999
1,warmup,4,94,2.5800999999999996e-05,0.044167,0.20704,0.001124,0.009936,0.26226700000000003
1,warmup,4,95,2.6400999999999997e-05,0.043982,0.206866,0.001123,0.00994,0.261911
1,warmup,4,96,2.7000999999999998e-05,0.044149,0.206856,0.001127,0.00995,0.26208200000000004
1,warmup,4,97,2.7600999999999995e-05,0.052589,0.2072,0.001125,0.009988,0.270902
1,warmup,4,98,2.8200999999999996e-05,0.052429,0.207377,0.001175,0.009976,0.27095699999999995
1,warmup,4,99,2.8800999999999998e-05,0.05355,0.207533,0.001143,0.009965,0.272191
1,warmup,4,100,2.9400999999999995e-05,0.05261,0.206778,0.00113,0.009898,0.27041600000000005
1,warmup,4,101,3.0000999999999996e-05,0.052431,0.207138,0.001123,0.01014,0.27083199999999996
1,warmup,5,1,-2.9999e-05,0.061571,0.207288,0.001128,0.009857,0.27984400000000004
1,warmup,5,2,-2.9398999999999998e-05,0.052267,0.207257,0.001128,0.00995,0.270602
1,warmup,5,3,-2.8799e-05,0.052145,0.207206,0.001124,0.009893,0.270368
1,warmup,5,4,-2.8199e-05,0.05668,0.206978,0.001125,0.009971,0.274754
1,warmup,5,5,-2.7598999999999998e-05,0.051729,0.207223,0.001127,0.009909,0.26998799999999995
1,warmup,5,6,-2.6999e-05,0.044138,0.206983,0.001124,0.009999,0.262244
1,warmup,5,7,-2.6399e-05,0.044174,0.207133,0.001125,0.009939,0.26237099999999997
1,warmup,5,8,-2.5798999999999998e-05,0.044539,0.207289,0.001129,0.00998,0.262937
1,warmup,5,9,-2.5198999999999997e-05,0.044279,0.207092,0.001124,0.009906,0.26240100000000005
1,warmup,5,10,-2.4599e-05,0.0368,0.207133,0.001129,0.009982,0.255044
1,warmup,5,11,-2.3999e-05,0.036928,0.207198,0.001123,0.009942,0.255191
1,warmup,5,12,-2.3399e-05,0.036964,0.207245,0.001124,0.0099,0.25523300000000004
1,warmup,5,13,-2.2799e-05,0.036843,0.20706,0.001128,0.009881,0.25491199999999997
1,warmup,5,14,-2.2199e-05,0.031009,0.206872,0.001126,0.009926,0.248933
1,warmup,5,15,-2.1598999999999998e-05,0.030886,0.207227,0.001125,0.009911,0.24914899999999998
1,warmup,5,16,-2.0998999999999997e-05,0.03103,0.206982,0.001128,0.009959,0.249099
1,warmup,5,17,-2.0399e-05,0.031022,0.20636,0.001122,0.009915,0.248419
1,warmup,5,18,-1.9799e-05,0.024716,0.206893,0.00112,0.009946,0.242675
1,warmup,5,19,-1.9199e-05,0.024628,0.207079,0.00112,0.009869,0.24269600000000002
1,warmup,5,20,-1.8599e-05,0.025539,0.207308,0.001139,0.010002,0.243988
1,warmup,5,21,-1.7998999999999998e-05,0.024335,0.206181,0.001119,0.009864,0.24149900000000002
1,warmup,5,22,-1.7398999999999997e-05,0.019845,0.206505,0.001127,0.00989,0.237367
1,warmup,5,23,-1.6799e-05,0.019859,0.206568,0.001122,0.009897,0.237446
1,warmup,5,24,-1.6199e-05,0.019928,0.206738,0.001132,0.00998,0.237778
1,warmup,5,25,-1.5599e-05,0.019816,0.206522,0.001137,0.009839,0.23731400000000002
1,warmup,5,26,-1.4998999999999998e-05,0.015339,0.206539,0.001127,0.00992,0.232925
1,warmup,5,27,-1.4398999999999997e-05,0.015142,0.206566,0.001121,0.009884,0.232713
1,warmup,5,28,-1.3798999999999996e-05,0.015238,0.206802,0.001125,0.009964,0.233129
1,warmup,5,29,-1.3198999999999998e-05,0.015187,0.206533,0.001121,0.009898,0.232739
1,warmup,5,30,-1.2598999999999997e-05,0.015376,0.206736,0.001123,0.009973,0.23320800000000003
1,warmup,5,31,-1.1998999999999996e-05,0.011483,0.206712,0.001124,0.009845,0.22916399999999998
1,warmup,5,32,-1.1398999999999999e-05,0.011436,0.206785,0.001127,0.009878,0.22922599999999999
1,warmup,5,33,-1.0798999999999998e-05,0.011793,0.206492,0.001124,0.009913,0.22932200000000003
1,warmup,5,34,-1.0198999999999997e-05,0.011403,0.206733,0.001121,0.009869,0.229126
1,warmup,5,35,-9.598999999999999e-06,0.008377,0.206708,0.001122,0.009945,0.22615200000000002
1,warmup,5,36,-8.998999999999998e-06,0.008287,0.206715,0.001128,0.009918,0.226048
1,warmup,5,37,-8.398999999999997e-06,0.008376,0.206619,0.001122,0.009904,0.226021
1,warmup,5,38,-7.799e-06,0.008262,0.206555,0.001119,0.009924,0.22585999999999998
1,warmup,5,39,-7.198999999999999e-06,0.005923,0.206831,0.001124,0.009958,0.223836
1,warmup,5,40,-6.598999999999998e-06,0.005811,0.206516,0.001121,0.009927,0.22337500000000002
1,warmup,5,41,-5.998999999999997e-06,0.00581,0.206741,0.001123,0.009898,0.22357200000000002
1,warmup,5,42,-5.3989999999999995e-06,0.005864,0.206756,0.001122,0.009903,0.223645
1,warmup,5,43,-4.7989999999999984e-06,0.004102,0.206562,0.001124,0.009915,0.22170299999999998
1,warmup,5,44,-4.198999999999997e-06,0.004013,0.206623,0.001121,0.009892,0.221649
1,warmup,5,45,-3.5989999999999993e-06,0.004012,0.206693,0.001124,0.009942,0.221771
1,warmup,5,46,-2.9989999999999983e-06,0.004036,0.206773,0.001131,0.009893,0.22183300000000003
1,warmup,5,47,-2.3989999999999973e-06,0.004173,0.206626,0.001129,0.009842,0.22177
1,warmup,5,48,-1.7989999999999996e-06,0.00411,0.206658,0.00113,0.009956,0.221854
1,warmup,5,49,-1.1989999999999986e-06,0.003989,0.206689,0.001127,0.009914,0.221719
1,warmup,5,50,-5.989999999999977e-07,0.004021,0.206807,0.001123,0.009937,0.221888
1,warmup,5,51,1e-09,0.004028,0.206759,0.001121,0.009894,0.221802
1,warmup,5,52,6.009999999999976e-07,0.003981,0.206609,0.001126,0.009864,0.22158
1,warmup,5,53,1.2009999999999988e-06,0.004047,0.206796,0.001127,0.009895,0.22186499999999998
1,warmup,5,54,1.8009999999999998e-06,0.004012,0.206578,0.001121,0.009916,0.22162700000000002
1,warmup,5,55,2.4009999999999974e-06,0.004013,0.206794,0.001132,0.009949,0.22188799999999997
1,warmup,5,56,3.0009999999999985e-06,0.003962,0.206728,0.001128,0.009869,0.22168699999999997
1,warmup,5,57,3.6009999999999995e-06,0.00406,0.20681,0.001127,0.009862,0.221859
1,warmup,5,58,4.200999999999997e-06,0.006577,0.206509,0.001122,0.009938,0.224146
1,warmup,5,59,4.800999999999998e-06,0.003985,0.206751,0.001118,0.009872,0.22172599999999998
1,warmup,5,60,5.400999999999999e-06,0.005899,0.206761,0.001125,0.01002,0.22380499999999998
1,warmup,5,61,6.000999999999996e-06,0.005913,0.206536,0.001121,0.009938,0.223508
1,warmup,5,62,6.6009999999999974e-06,0.005773,0.206652,0.001123,0.009903,0.223451
1,warmup,5,63,7.2009999999999985e-06,0.005883,0.206948,0.001126,0.009926,0.22388299999999997
1,warmup,5,64,7.801e-06,0.008414,0.206683,0.001126,0.009906,0.226129
1,warmup,5,65,8.400999999999998e-06,0.008311,0.206697,0.00112,0.010008,0.226136
1,warmup,5,66,9.000999999999999e-06,0.008384,0.206729,0.001121,0.009899,0.226133
1,warmup,5,67,9.601e-06,0.010405,0.20674,0.001125,0.009873,0.22814299999999998
1,warmup,5,68,1.0200999999999998e-05,0.011384,0.206565,0.001126,0.009905,0.22898
1,warmup,5,69,1.0800999999999999e-05,0.011523,0.20657,0.001119,0.009897,0.229109
1,warmup,5,70,1.1401e-05,0.011485,0.206969,0.001124,0.00996,0.229538
1,warmup,5,71,1.2000999999999997e-05,0.011714,0.206793,0.001126,0.009918,0.229551
1,warmup,5,72,1.2600999999999998e-05,0.01528,0.20663,0.001122,0.009947,0.23297900000000002
1,warmup,5,73,1.3201e-05,0.015236,0.206661,0.00112,0.009835,0.23285200000000003
1,warmup,5,74,1.3800999999999997e-05,0.015252,0.206715,0.001131,0.009957,0.23305499999999998
1,warmup,5,75,1.4400999999999998e-05,0.015298,0.206793,0.001125,0.009897,0.233113
1,warmup,5,76,1.5001e-05,0.019926,0.207044,0.001125,0.009958,0.238053
1,warmup,5,77,1.5601e-05,0.019828,0.207029,0.001129,0.009907,0.23789299999999997
1,warmup,5,78,1.6200999999999996e-05,0.019845,0.207122,0.001124,0.009984,0.23807499999999998
1,warmup,5,79,1.6800999999999997e-05,0.019885,0.2072,0.001123,0.009907,0.238115
1,warmup,5,80,1.7400999999999995e-05,0.019823,0.207116,0.001128,0.009984,0.23805099999999998
1,warmup,5,81,1.8000999999999996e-05,0.024642,0.207124,0.001131,0.009915,0.242812
1,warmup,5,82,1.8600999999999997e-05,0.024873,0.207166,0.001125,0.009941,0.243105
1,warmup,5,83,1.9200999999999998e-05,0.024729,0.207307,0.001127,0.009866,0.243029
1,warmup,5,84,1.9801e-05,0.024731,0.207253,0.001127,0.009938,0.243049
1,warmup,5,85,2.0400999999999997e-05,0.030859,0.207244,0.001125,0.009878,0.249106
1,warmup,5,86,2.1000999999999994e-05,0.031268,0.207118,0.001124,0.009935,0.249445
1,warmup,5,87,2.1600999999999995e-05,0.030806,0.207313,0.001128,0.009955,0.24920199999999998
1,warmup,5,88,2.2200999999999996e-05,0.030849,0.207085,0.001124,0.009936,0.248994
1,warmup,5,89,2.2800999999999997e-05,0.03721,0.207113,0.001126,0.009916,0.25536499999999995
1,warmup,5,90,2.3401e-05,0.03728,0.207164,0.001129,0.009956,0.255529
1,warmup,5,91,2.4000999999999996e-05,0.037159,0.207274,0.001125,0.00993,0.255488
1,warmup,5,92,2.4600999999999997e-05,0.036857,0.207248,0.001124,0.009953,0.25518199999999996
1,warmup,5,93,2.5200999999999995e-05,0.043985,0.207083,0.001127,0.009959,0.262154
1,warmup,5,94,2.5800999999999996e-05,0.044211,0.207186,0.001129,0.009966,0.26249199999999995
1,warmup,5,95,2.6400999999999997e-05,0.044115,0.207332,0.001125,0.009883,0.26245499999999994
1,warmup,5,96,2.7000999999999998e-05,0.044057,0.207204,0.001126,0.009944,0.26233100000000004
1,warmup,5,97,2.7600999999999995e-05,0.051646,0.207661,0.001133,0.009913,0.270353
1,warmup,5,98,2.8200999999999996e-05,0.051395,0.207678,0.001129,0.009962,0.270164
1,warmup,5,99,2.8800999999999998e-05,0.051647,0.207358,0.001131,0.00996,0.270096
1,warmup,5,100,2.9400999999999995e-05,0.051633,0.207934,0.001133,0.009969,0.270669
1,warmup,5,101,3.0000999999999996e-05,0.051714,0.207074,0.001124,0.009972,0.269884
1,warmup,6,1,-2.9999e-05,0.060507,0.207108,0.001127,0.009904,0.278646
1,warmup,6,2,-2.9398999999999998e-05,0.052342,0.207001,0.001129,0.009995,0.27046699999999996
1,warmup,6,3,-2.8799e-05,0.052504,0.207406,0.001126,0.010013,0.27104900000000004
1,warmup,6,4,-2.8199e-05,0.056637,0.207089,0.001128,0.00996,0.27481400000000006
1,warmup,6,5,-2.7598999999999998e-05,0.051514,0.207711,0.001126,0.009977,0.270328
1,warmup,6,6,-2.6999e-05,0.044936,0.207209,0.001127,0.009884,0.263156
1,warmup,6,7,-2.6399e-05,0.043875,0.207337,0.001124,0.009983,0.262319
1,warmup,6,8,-2.5798999999999998e-05,0.043849,0.206917,0.001126,0.009986,0.261878
1,warmup,6,9,-2.5198999999999997e-05,0.044017,0.207197,0.001152,0.009998,0.262364
1,warmup,6,10,-2.4599e-05,0.038045,0.207064,0.001126,0.009902,0.256137
1,warmup,6,11,-2.3999e-05,0.037128,0.207123,0.001122,0.009938,0.255311
1,warmup,6,12,-2.3399e-05,0.036976,0.206868,0.001128,0.009877,0.254849
1,warmup,6,13,-2.2799e-05,0.03676,0.207269,0.001126,0.009937,0.255092
1,warmup,6,14,-2.2199e-05,0.030417,0.207224,0.001128,0.009919,0.248688
1,warmup,6,15,-2.1598999999999998e-05,0.030515,0.207285,0.001122,0.010012,0.24893400000000002
1,warmup,6,16,-2.0998999999999997e-05,0.030397,0.207204,0.001123,0.009969,0.24869300000000003
1,warmup,6,17,-2.0399e-05,0.030506,0.207192,0.001125,0.009972,0.248795
1,warmup,6,18,-1.9799e-05,0.024607,0.207126,0.001128,0.009884,0.242745
1,warmup,6,19,-1.9199e-05,0.024524,0.207269,0.001126,0.009943,0.242862
1,warmup,6,20,-1.8599e-05,0.02437,0.207003,0.00113,0.009971,0.242474
1,warmup,6,21,-1.7998999999999998e-05,0.024184,0.207057,0.001123,0.009946,0.24231000000000003
1,warmup,6,22,-1.7398999999999997e-05,0.021183,0.206949,0.001125,0.009998,0.239255
1,warmup,6,23,-1.6799e-05,0.019892,0.207022,0.001144,0.009929,0.237987
1,warmup,6,24,-1.6199e-05,0.01994,0.206858,0.001129,0.009916,0.237843
1,warmup,6,25,-1.5599e-05,0.019952,0.207087,0.00112,0.009949,0.238108
1,warmup,6,26,-1.4998999999999998e-05,0.015353,0.206476,0.001124,0.009935,0.232888
1,warmup,6,27,-1.4398999999999997e-05,0.015157,0.207201,0.00113,0.009988,0.233476
1,warmup,6,28,-1.3798999999999996e-05,0.015315,0.206716,0.001123,0.009933,0.23308700000000002
1,warmup,6,29,-1.3198999999999998e-05,0.015286,0.207099,0.001126,0.009974,0.233485
1,warmup,6,30,-1.2598999999999997e-05,0.015105,0.206627,0.001124,0.009877,0.232733
1,warmup,6,31,-1.1998999999999996e-05,0.011295,0.2069,0.001126,0.00995,0.229271
1,warmup,6,32,-1.1398999999999999e-05,0.011261,0.206744,0.001129,0.009926,0.22905999999999999
1,warmup,6,33,-1.0798999999999998e-05,0.011424,0.206852,0.001129,0.009994,0.229399
1,warmup,6,34,-1.0198999999999997e-05,0.011285,0.206814,0.001129,0.009955,0.22918299999999997
1,warmup,6,35,-9.598999999999999e-06,0.008309,0.20676,0.001123,0.009959,0.22615100000000002
1,warmup,6,36,-8.998999999999998e-06,0.008137,0.206553,0.001129,0.009935,0.22575399999999998
1,warmup,6,37,-8.398999999999997e-06,0.00822,0.206815,0.001127,0.009918,0.22608
1,warmup,6,38,-7.799e-06,0.008199,0.206838,0.001129,0.009977,0.22614299999999998
1,warmup,6,39,-7.198999999999999e-06,0.005706,0.206892,0.001139,0.01,0.223737
1,warmup,6,40,-6.598999999999998e-06,0.005955,0.206482,0.00112,0.009925,0.223482
1,warmup,6,41,-5.998999999999997e-06,0.005636,0.206738,0.00113,0.009941,0.223445
1,warmup,6,42,-5.3989999999999995e-06,0.005705,0.206845,0.001119,0.00993,0.223599
1,warmup,6,43,-4.7989999999999984e-06,0.003935,0.206726,0.001126,0.009974,0.22176099999999999
1,warmup,6,44,-4.198999999999997e-06,0.00388,0.206535,0.001123,0.010015,0.221553
1,warmup,6,45,-3.5989999999999993e-06,0.003852,0.206745,0.001124,0.009923,0.22164399999999998
1,warmup,6,46,-2.9989999999999983e-06,0.003899,0.206848,0.001124,0.009935,0.22180600000000003
1,warmup,6,47,-2.3989999999999973e-06,0.003949,0.206709,0.001125,0.009914,0.221697
1,warmup,6,48,-1.7989999999999996e-06,0.003908,0.206389,0.001125,0.009959,0.22138099999999997
1,warmup,6,49,-1.1989999999999986e-06,0.007895,0.206662,0.001122,0.009978,0.225657
1,warmup,6,50,-5.989999999999977e-07,0.00392,0.206906,0.001125,0.009914,0.221865
1,warmup,6,51,1e-09,0.00393,0.206628,0.001125,0.009967,0.22164999999999999
1,warmup,6,52,6.009999999999976e-07,0.003875,0.206507,0.001125,0.009921,0.22142799999999996
1,warmup,6,53,1.2009999999999988e-06,0.00391,0.206596,0.001122,0.009925,0.221553
1,warmup,6,54,1.8009999999999998e-06,0.003873,0.206582,0.001132,0.009981,0.22156799999999996
1,warmup,6,55,2.4009999999999974e-06,0.003851,0.206857,0.001147,0.009988,0.221843
1,warmup,6,56,3.0009999999999985e-06,0.004185,0.206865,0.00113,0.009946,0.222126
1,warmup,6,57,3.6009999999999995e-06,0.003914,0.206695,0.001131,0.009878,0.22161799999999998
1,warmup,6,58,4.200999999999997e-06,0.003914,0.206625,0.001127,0.009982,0.22164799999999998
1,warmup,6,59,4.800999999999998e-06,0.003843,0.206816,0.001129,0.009978,0.22176600000000002
1,warmup,6,60,5.400999999999999e-06,0.005867,0.206791,0.001136,0.009928,0.223722
1,warmup,6,61,6.000999999999996e-06,0.005735,0.206813,0.001129,0.009994,0.22367099999999998
1,warmup,6,62,6.6009999999999974e-06,0.00568,0.206718,0.001124,0.009923,0.22344499999999998
1,warmup,6,63,7.2009999999999985e-06,0.005677,0.206774,0.001128,0.009976,0.223555
1,warmup,6,64,7.801e-06,0.008211,0.206638,0.001132,0.010009,0.22598999999999997
1,warmup,6,65,8.400999999999998e-06,0.008338,0.207542,0.001121,0.009882,0.22688300000000003
1,warmup,6,66,9.000999999999999e-06,0.00827,0.207304,0.001124,0.009937,0.226635
1,warmup,6,67,9.601e-06,0.008139,0.207378,0.001128,0.009937,0.226582
1,warmup,6,68,1.0200999999999998e-05,0.01145,0.207154,0.001129,0.009918,0.229651
1,warmup,6,69,1.0800999999999999e-05,0.011271,0.207541,0.001125,0.009991,0.229928
1,warmup,6,70,1.1401e-05,0.01131,0.207246,0.001126,0.009897,0.229579
1,warmup,6,71,1.2000999999999997e-05,0.011466,0.207448,0.001134,0.009942,0.22999
1,warmup,6,72,1.2600999999999998e-05,0.015128,0.207262,0.00112,0.009951,0.233461
1,warmup,6,73,1.3201e-05,0.015098,0.207477,0.001124,0.010035,0.23373399999999997
1,warmup,6,74,1.3800999999999997e-05,0.014999,0.207229,0.001123,0.009973,0.23332400000000003
1,warmup,6,75,1.4400999999999998e-05,0.015087,0.207395,0.001128,0.009952,0.23356199999999996
1,warmup,6,76,1.5001e-05,0.020937,0.207173,0.001127,0.009896,0.23913299999999998
1,warmup,6,77,1.5601e-05,0.019596,0.207473,0.001123,0.00996,0.238152
1,warmup,6,78,1.6200999999999996e-05,0.019685,0.207296,0.001131,0.009935,0.238047
1,warmup,6,79,1.6800999999999997e-05,0.01956,0.207391,0.001124,0.009993,0.23806799999999997
1,warmup,6,80,1.7400999999999995e-05,0.019595,0.20726,0.001123,0.009964,0.23794200000000001
1,warmup,6,81,1.8000999999999996e-05,0.024548,0.207468,0.00113,0.009975,0.243121
1,warmup,6,82,1.8600999999999997e-05,0.024557,0.207182,0.001126,0.009946,0.242811
1,warmup,6,83,1.9200999999999998e-05,0.024539,0.207349,0.001129,0.009964,0.242981
1,warmup,6,84,1.9801e-05,0.0245,0.207268,0.001124,0.009971,0.242863
1,warmup,6,85,2.0400999999999997e-05,0.030609,0.20783,0.001127,0.009977,0.24954299999999996
1,warmup,6,86,2.1000999999999994e-05,0.030907,0.207285,0.001126,0.009946,0.24926399999999999
1,warmup,6,87,2.1600999999999995e-05,0.030568,0.207864,0.001126,0.009998,0.249556
1,warmup,6,88,2.2200999999999996e-05,0.030653,0.207499,0.001131,0.00994,0.24922299999999997
1,warmup,6,89,2.2800999999999997e-05,0.03713,0.207837,0.001133,0.009982,0.256082
1,warmup,6,90,2.3401e-05,0.03713,0.207788,0.001127,0.010032,0.256077
1,warmup,6,91,2.4000999999999996e-05,0.03695,0.207844,0.001128,0.009937,0.255859
1,warmup,6,92,2.4600999999999997e-05,0.038252,0.207712,0.001136,0.009969,0.257069
1,warmup,6,93,2.5200999999999995e-05,0.044496,0.207926,0.00113,0.010019,0.263571
1,warmup,6,94,2.5800999999999996e-05,0.044087,0.208,0.001129,0.009889,0.263105
1,warmup,6,95,2.6400999999999997e-05,0.044186,0.207928,0.001128,0.010044,0.263286
1,warmup,6,96,2.7000999999999998e-05,0.044042,0.207651,0.001131,0.009996,0.26282
1,warmup,6,97,2.7600999999999995e-05,0.052331,0.207921,0.001126,0.009976,0.271354
1,warmup,6,98,2.8200999999999996e-05,0.051638,0.208201,0.001129,0.009968,0.27093599999999995
1,warmup,6,99,2.8800999999999998e-05,0.051777,0.20796,0.001132,0.009948,0.27081700000000003
1,warmup,6,100,2.9400999999999995e-05,0.05412,0.207809,0.001138,0.009942,0.27300899999999995
1,warmup,6,101,3.0000999999999996e-05,0.052153,0.208038,0.001127,0.009972,0.27129
1,warmup,7,1,-2.9999e-05,0.06092,0.207964,0.001151,0.009916,0.279951
1,warmup,7,2,-2.9398999999999998e-05,0.052762,0.207883,0.001133,0.010007,0.271785
1,warmup,7,3,-2.8799e-05,0.052354,0.208038,0.001131,0.00994,0.271463
1,warmup,7,4,-2.8199e-05,0.056702,0.207866,0.001132,0.010021,0.27572100000000005
1,warmup,7,5,-2.7598999999999998e-05,0.051556,0.207651,0.001127,0.009984,0.270318
1,warmup,7,6,-2.6999e-05,0.044256,0.207863,0.001134,0.009946,0.263199
1,warmup,7,7,-2.6399e-05,0.043996,0.207911,0.001129,0.009929,0.262965
1,warmup,7,8,-2.5798999999999998e-05,0.044046,0.207706,0.00113,0.009972,0.262854
1,warmup,7,9,-2.5198999999999997e-05,0.044296,0.207807,0.00113,0.009938,0.263171
1,warmup,7,10,-2.4599e-05,0.037004,0.207643,0.001129,0.010103,0.25587899999999997
1,warmup,7,11,-2.3999e-05,0.036965,0.207764,0.001124,0.009932,0.255785
1,warmup,7,12,-2.3399e-05,0.037163,0.207595,0.001144,0.009932,0.255834
1,warmup,7,13,-2.2799e-05,0.037139,0.207627,0.001131,0.00994,0.255837
1,warmup,7,14,-2.2199e-05,0.030651,0.207075,0.001128,0.009999,0.24885300000000002
1,warmup,7,15,-2.1598999999999998e-05,0.030518,0.2078,0.001129,0.009952,0.24939899999999998
1,warmup,7,16,-2.0998999999999997e-05,0.030649,0.206916,0.001127,0.009993,0.248685
1,warmup,7,17,-2.0399e-05,0.030403,0.207797,0.001132,0.00997,0.24930200000000002
1,warmup,7,18,-1.9799e-05,0.024491,0.207167,0.001151,0.009907,0.242716
1,warmup,7,19,-1.9199e-05,0.024664,0.207126,0.001137,0.009923,0.24284999999999998
1,warmup,7,20,-1.8599e-05,0.02471,0.20709,0.001129,0.009951,0.24287999999999998
1,warmup,7,21,-1.7998999999999998e-05,0.02458,0.207242,0.001127,0.00991,0.242859
1,warmup,7,22,-1.7398999999999997e-05,0.019543,0.207088,0.001123,0.009986,0.23774
1,warmup,7,23,-1.6799e-05,0.01956,0.207231,0.001129,0.00993,0.23784999999999998
1,warmup,7,24,-1.6199e-05,0.019507,0.207043,0.001126,0.009867,0.237543
1,warmup,7,25,-1.5599e-05,0.019529,0.207148,0.001123,0.009906,0.237706
1,warmup,7,26,-1.4998999999999998e-05,0.014926,0.207355,0.001125,0.010003,0.233409
1,warmup,7,27,-1.4398999999999997e-05,0.015056,0.207456,0.001127,0.009869,0.23350799999999997
1,warmup,7,28,-1.3798999999999996e-05,0.015013,0.207083,0.00112,0.009922,0.233138
1,warmup,7,29,-1.3198999999999998e-05,0.015053,0.207099,0.001123,0.009921,0.23319600000000001
1,warmup,7,30,-1.2598999999999997e-05,0.015191,0.207283,0.00115,0.009953,0.233577
1,warmup,7,31,-1.1998999999999996e-05,0.011667,0.207497,0.001129,0.009934,0.230227
1,warmup,7,32,-1.1398999999999999e-05,0.011306,0.207116,0.001127,0.009861,0.22941
1,warmup,7,33,-1.0798999999999998e-05,0.011455,0.207306,0.001125,0.009954,0.22983999999999996
1,warmup,7,34,-1.0198999999999997e-05,0.011235,0.207278,0.001123,0.009864,0.2295
1,warmup,7,35,-9.598999999999999e-06,0.008308,0.207265,0.001127,0.009904,0.226604
1,warmup,7,36,-8.998999999999998e-06,0.008132,0.207236,0.001122,0.009925,0.226415
1,warmup,7,37,-8.398999999999997e-06,0.008238,0.207279,0.001134,0.009921,0.226572
1,warmup,7,38,-7.799e-06,0.008182,0.20728,0.001126,0.009987,0.22657499999999997
1,warmup,7,39,-7.198999999999999e-06,0.005753,0.207468,0.001129,0.00987,0.22422
1,warmup,7,40,-6.598999999999998e-06,0.00569,0.207154,0.001123,0.009867,0.22383400000000003
1,warmup,7,41,-5.998999999999997e-06,0.005642,0.207288,0.001131,0.009947,0.224008
1,warmup,7,42,-5.3989999999999995e-06,0.005731,0.207324,0.001119,0.009889,0.224063
1,warmup,7,43,-4.7989999999999984e-06,0.003906,0.20702,0.001121,0.009944,0.22199100000000002
1,warmup,7,44,-4.198999999999997e-06,0.003841,0.207035,0.001129,0.009921,0.221926
1,warmup,7,45,-3.5989999999999993e-06,0.003918,0.207148,0.001124,0.009903,0.22209299999999998
1,warmup,7,46,-2.9989999999999983e-06,0.003989,0.207207,0.001124,0.009988,0.222308
1,warmup,7,47,-2.3989999999999973e-06,0.003922,0.20731,0.001134,0.009961,0.222327
1,warmup,7,48,-1.7989999999999996e-06,0.003861,0.207134,0.001132,0.00996,0.222087
1,warmup,7,49,-1.1989999999999986e-06,0.003938,0.207062,0.001127,0.009907,0.22203399999999998
1,warmup,7,50,-5.989999999999977e-07,0.00393,0.207186,0.00114,0.009968,0.222224
1,warmup,7,51,1e-09,0.004026,0.207405,0.001125,0.009945,0.222501
1,warmup,7,52,6.009999999999976e-07,0.003851,0.207116,0.001128,0.009861,0.221956
1,warmup,7,53,1.2009999999999988e-06,0.003961,0.206963,0.001127,0.009992,0.222043
1,warmup,7,54,1.8009999999999998e-06,0.004007,0.207267,0.001124,0.009896,0.22229400000000002
1,warmup,7,55,2.4009999999999974e-06,0.004041,0.207397,0.00113,0.009919,0.222487
1,warmup,7,56,3.0009999999999985e-06,0.004087,0.207176,0.001127,0.009951,0.22234099999999998
1,warmup,7,57,3.6009999999999995e-06,0.00407,0.206942,0.001132,0.009959,0.22210299999999997
1,warmup,7,58,4.200999999999997e-06,0.004033,0.207258,0.001129,0.009958,0.222378
1,warmup,7,59,4.800999999999998e-06,0.004044,0.20732,0.001127,0.009896,0.22238699999999997
1,warmup,7,60,5.400999999999999e-06,0.005971,0.207197,0.001125,0.009895,0.22418799999999997
1,warmup,7,61,6.000999999999996e-06,0.005877,0.207318,0.001129,0.009972,0.224296
1,warmup,7,62,6.6009999999999974e-06,0.005859,0.207239,0.001127,0.009899,0.224124
1,warmup,7,63,7.2009999999999985e-06,0.005895,0.207304,0.001131,0.009949,0.224279
1,warmup,7,64,7.801e-06,0.008386,0.207113,0.001123,0.009922,0.22654400000000002
1,warmup,7,65,8.400999999999998e-06,0.008393,0.207346,0.001122,0.009878,0.22673900000000002
1,warmup,7,66,9.000999999999999e-06,0.008356,0.207284,0.001125,0.009919,0.226684
1,warmup,7,67,9.601e-06,0.008419,0.207445,0.00113,0.009887,0.226881
1,warmup,7,68,1.0200999999999998e-05,0.011579,0.207246,0.001121,0.009928,0.22987400000000002
1,warmup,7,69,1.0800999999999999e-05,0.011609,0.207282,0.001145,0.009953,0.229989
1,warmup,7,70,1.1401e-05,0.011824,0.207277,0.001129,0.009914,0.230144
1,warmup,7,71,1.2000999999999997e-05,0.011492,0.20743,0.001136,0.009936,0.229994
1,warmup,7,72,1.2600999999999998e-05,0.015628,0.207102,0.001132,0.009915,0.233777
1,warmup,7,73,1.3201e-05,0.015463,0.207263,0.001126,0.009922,0.23377399999999998
1,warmup,7,74,1.3800999999999997e-05,0.01525,0.207174,0.001122,0.009938,0.23348400000000002
1,warmup,7,75,1.4400999999999998e-05,0.015358,0.207424,0.001122,0.009888,0.23379200000000003
1,warmup,7,76,1.5001e-05,0.019983,0.207231,0.001123,0.009941,0.23827800000000002
1,warmup,7,77,1.5601e-05,0.019894,0.207307,0.001124,0.009944,0.238269
1,warmup,7,78,1.6200999999999996e-05,0.019841,0.207284,0.001125,0.009951,0.23820099999999997
1,warmup,7,79,1.6800999999999997e-05,0.019856,0.207256,0.001125,0.009923,0.23815999999999996
1,warmup,7,80,1.7400999999999995e-05,0.019895,0.207054,0.001344,0.009947,0.23824
1,warmup,7,81,1.8000999999999996e-05,0.024945,0.207143,0.001127,0.00994,0.24315499999999998
1,warmup,7,82,1.8600999999999997e-05,0.024947,0.207218,0.001122,0.009946,0.24323300000000003
1,warmup,7,83,1.9200999999999998e-05,0.024876,0.207826,0.001128,0.009942,0.24377200000000002
1,warmup,7,84,1.9801e-05,0.03617,0.207083,0.001125,0.009936,0.254314
1,warmup,7,85,2.0400999999999997e-05,0.031237,0.207666,0.001134,0.009974,0.250011
1,warmup,7,86,2.1000999999999994e-05,0.031055,0.207553,0.001124,0.010021,0.249753
1,warmup,7,87,2.1600999999999995e-05,0.030987,0.208005,0.001138,0.00992,0.25005
1,warmup,7,88,2.2200999999999996e-05,0.031294,0.207575,0.001128,0.00998,0.24997699999999998
1,warmup,7,89,2.2800999999999997e-05,0.037609,0.207743,0.001136,0.009983,0.256471
1,warmup,7,90,2.3401e-05,0.037367,0.207751,0.001127,0.010005,0.25625
1,warmup,7,91,2.4000999999999996e-05,0.037318,0.207741,0.001126,0.009944,0.256129
1,warmup,7,92,2.4600999999999997e-05,0.037413,0.207611,0.001131,0.009969,0.25612399999999996
1,warmup,7,93,2.5200999999999995e-05,0.044975,0.20791,0.001129,0.009943,0.263957
1,warmup,7,94,2.5800999999999996e-05,0.044354,0.207816,0.001124,0.009988,0.263282
1,warmup,7,95,2.6400999999999997e-05,0.044795,0.207839,0.001129,0.00998,0.263743
1,warmup,7,96,2.7000999999999998e-05,0.044519,0.207798,0.001129,0.00998,0.263426
1,warmup,7,97,2.7600999999999995e-05,0.052471,0.207726,0.001133,0.009939,0.271269
1,warmup,7,98,2.8200999999999996e-05,0.052303,0.20779,0.001134,0.009975,0.27120200000000005
1,warmup,7,99,2.8800999999999998e-05,0.052093,0.208083,0.001127,0.009907,0.27120999999999995
1,warmup,7,100,2.9400999999999995e-05,0.052252,0.207688,0.001127,0.009905,0.270972
1,warmup,7,101,3.0000999999999996e-05,0.052243,0.207741,0.001126,0.01005,0.27116
1,warmup,8,1,-2.9999e-05,0.061067,0.208245,0.001135,0.009974,0.280421
1,warmup,8,2,-2.9398999999999998e-05,0.053049,0.207961,0.001141,0.009939,0.27209
1,warmup,8,3,-2.8799e-05,0.052998,0.208036,0.001129,0.009931,0.272094
1,warmup,8,4,-2.8199e-05,0.057296,0.208061,0.001128,0.009927,0.27641200000000005
1,warmup,8,5,-2.7598999999999998e-05,0.052105,0.207854,0.001134,0.009921,0.27101400000000003
1,warmup,8,6,-2.6999e-05,0.044622,0.207993,0.001131,0.010017,0.263763
1,warmup,8,7,-2.6399e-05,0.044582,0.20789,0.001132,0.009925,0.263529
1,warmup,8,8,-2.5798999999999998e-05,0.044528,0.207722,0.001129,0.009938,0.26331699999999997
1,warmup,8,9,-2.5198999999999997e-05,0.044592,0.208115,0.001128,0.009962,0.26379700000000006
1,warmup,8,10,-2.4599e-05,0.037139,0.207959,0.001127,0.010006,0.256231
1,warmup,8,11,-2.3999e-05,0.037164,0.207819,0.001127,0.009943,0.256053
1,warmup,8,12,-2.3399e-05,0.037265,0.207818,0.001127,0.009987,0.256197
1,warmup,8,13,-2.2799e-05,0.037208,0.207904,0.00113,0.009919,0.25616099999999997
1,warmup,8,14,-2.2199e-05,0.031198,0.207128,0.001126,0.009918,0.24937
1,warmup,8,15,-2.1598999999999998e-05,0.030979,0.207853,0.001126,0.009962,0.24992
1,warmup,8,16,-2.0998999999999997e-05,0.03099,0.207753,0.00113,0.009947,0.24982
1,warmup,8,17,-2.0399e-05,0.031194,0.20727,0.001127,0.009896,0.249487
1,warmup,8,18,-1.9799e-05,0.02476,0.207191,0.001121,0.009937,0.243009
1,warmup,8,19,-1.9199e-05,0.024912,0.20723,0.001123,0.009872,0.243137
1,warmup,8,20,-1.8599e-05,0.024871,0.207275,0.001127,0.009969,0.24324199999999999
1,warmup,8,21,-1.7998999999999998e-05,0.024739,0.207334,0.001124,0.009945,0.243142
1,warmup,8,22,-1.7398999999999997e-05,0.020087,0.207307,0.001126,0.009974,0.23849399999999998
1,warmup,8,23,-1.6799e-05,0.020046,0.207199,0.001121,0.009937,0.23830300000000001
1,warmup,8,24,-1.6199e-05,0.019947,0.207296,0.001127,0.009969,0.238339
1,warmup,8,25,-1.5599e-05,0.01992,0.207433,0.001125,0.009887,0.238365
1,warmup,8,26,-1.4998999999999998e-05,0.015464,0.207325,0.001127,0.009989,0.233905
1,warmup,8,27,-1.4398999999999997e-05,0.015465,0.207231,0.001133,0.009964,0.233793
1,warmup,8,28,-1.3798999999999996e-05,0.015277,0.207333,0.001122,0.009986,0.233718
1,warmup,8,29,-1.3198999999999998e-05,0.015281,0.207504,0.001128,0.009945,0.23385799999999998
1,warmup,8,30,-1.2598999999999997e-05,0.0153,0.207351,0.001128,0.009956,0.233735
1,warmup,8,31,-1.1998999999999996e-05,0.011597,0.207285,0.001126,0.009898,0.22990599999999997
1,warmup,8,32,-1.1398999999999999e-05,0.011522,0.207236,0.001123,0.009961,0.22984200000000002
1,warmup,8,33,-1.0798999999999998e-05,0.011471,0.207438,0.001137,0.009924,0.22997
1,warmup,8,34,-1.0198999999999997e-05,0.011544,0.207409,0.001126,0.009921,0.22999999999999998
1,warmup,8,35,-9.598999999999999e-06,0.008342,0.207322,0.001121,0.009885,0.22667
1,warmup,8,36,-8.998999999999998e-06,0.008422,0.207251,0.001126,0.009867,0.22666599999999998
1,warmup,8,37,-8.398999999999997e-06,0.008287,0.207514,0.001126,0.0099,0.22682699999999997
1,warmup,8,38,-7.799e-06,0.008666,0.20737,0.001123,0.009978,0.22713700000000003
1,warmup,8,39,-7.198999999999999e-06,0.005864,0.207298,0.00113,0.009991,0.224283
1,warmup,8,40,-6.598999999999998e-06,0.005908,0.207444,0.001124,0.009948,0.224424
1,warmup,8,41,-5.998999999999997e-06,0.005882,0.207454,0.001125,0.009898,0.22435899999999998
1,warmup,8,42,-5.3989999999999995e-06,0.00583,0.207353,0.001132,0.009908,0.224223
1,warmup,8,43,-4.7989999999999984e-06,0.004044,0.207251,0.001129,0.009935,0.22235899999999997
1,warmup,8,44,-4.198999999999997e-06,0.004042,0.207157,0.001125,0.009936,0.22225999999999999
1,warmup,8,45,-3.5989999999999993e-06,0.003971,0.207268,0.001129,0.00993,0.222298
1,warmup,8,46,-2.9989999999999983e-06,0.004074,0.207277,0.001128,0.009916,0.22239499999999998
1,warmup,8,47,-2.3989999999999973e-06,0.004058,0.207224,0.001126,0.009986,0.22239399999999998
1,warmup,8,48,-1.7989999999999996e-06,0.00407,0.207384,0.001126,0.009958,0.22253799999999999
1,warmup,8,49,-1.1989999999999986e-06,0.004009,0.207254,0.001127,0.009916,0.222306
1,warmup,8,50,-5.989999999999977e-07,0.004095,0.20735,0.001128,0.009923,0.22249599999999997
1,warmup,8,51,1e-09,0.004058,0.207249,0.001123,0.009974,0.22240400000000002
1,warmup,8,52,6.009999999999976e-07,0.003994,0.207231,0.001128,0.009856,0.222209
1,warmup,8,53,1.2009999999999988e-06,0.004034,0.207314,0.00113,0.009903,0.222381
1,warmup,8,54,1.8009999999999998e-06,0.004052,0.207066,0.001129,0.009935,0.222182
1,warmup,8,55,2.4009999999999974e-06,0.00399,0.20732,0.001129,0.009976,0.222415
1,warmup,8,56,3.0009999999999985e-06,0.004083,0.207317,0.00113,0.009901,0.222431
1,warmup,8,57,3.6009999999999995e-06,0.004067,0.207318,0.001134,0.009971,0.22249
1,warmup,8,58,4.200999999999997e-06,0.004088,0.207384,0.001128,0.00996,0.22256
1,warmup,8,59,4.800999999999998e-06,0.004005,0.207193,0.001131,0.00994,0.222269
1,warmup,8,60,5.400999999999999e-06,0.005931,0.207299,0.001127,0.009971,0.224328
1,warmup,8,61,6.000999999999996e-06,0.00588,0.207286,0.001124,0.009894,0.224184
1,warmup,8,62,6.6009999999999974e-06,0.005851,0.207442,0.001126,0.009963,0.22438199999999997
1,warmup,8,63,7.2009999999999985e-06,0.005909,0.207417,0.001125,0.009988,0.22443899999999997
1,warmup,8,64,7.801e-06,0.008333,0.207293,0.001127,0.00994,0.226693
1,warmup,8,65,8.400999999999998e-06,0.008425,0.207463,0.001125,0.009978,0.226991
1,warmup,8,66,9.000999999999999e-06,0.008366,0.207385,0.001127,0.009939,0.22681700000000002
1,warmup,8,67,9.601e-06,0.008444,0.207474,0.001125,0.009954,0.22699699999999998
1,warmup,8,68,1.0200999999999998e-05,0.011546,0.20732,0.001127,0.009915,0.229908
1,warmup,8,69,1.0800999999999999e-05,0.011603,0.207441,0.00113,0.00993,0.23010399999999998
1,warmup,8,70,1.1401e-05,0.011496,0.20744,0.001122,0.009923,0.22998100000000002
1,warmup,8,71,1.2000999999999997e-05,0.011437,0.207327,0.001127,0.009925,0.229816
1,warmup,8,72,1.2600999999999998e-05,0.015526,0.20736,0.001122,0.009965,0.23397300000000001
1,warmup,8,73,1.3201e-05,0.015251,0.207315,0.001123,0.009923,0.233612
1,warmup,8,74,1.3800999999999997e-05,0.01524,0.207311,0.001127,0.009972,0.23365
1,warmup,8,75,1.4400999999999998e-05,0.015277,0.207354,0.001125,0.009943,0.23369900000000002
1,warmup,8,76,1.5001e-05,0.019839,0.207418,0.001124,0.009895,0.238276
1,warmup,8,77,1.5601e-05,0.019793,0.207437,0.00113,0.009903,0.238263
1,warmup,8,78,1.6200999999999996e-05,0.019941,0.207276,0.001126,0.010002,0.238345
1,warmup,8,79,1.6800999999999997e-05,0.01984,0.207302,0.001153,0.010013,0.23830799999999996
1,warmup,8,80,1.7400999999999995e-05,0.02072,0.207164,0.001129,0.009954,0.23896699999999996
1,warmup,8,81,1.8000999999999996e-05,0.025065,0.207852,0.001131,0.009906,0.243954
1,warmup,8,82,1.8600999999999997e-05,0.025086,0.207425,0.001129,0.009951,0.24359099999999997
1,warmup,8,83,1.9200999999999998e-05,0.024878,0.207065,0.001124,0.00991,0.24297700000000003
1,warmup,8,84,1.9801e-05,0.02571,0.20765,0.001126,0.010028,0.244514
1,warmup,8,85,2.0400999999999997e-05,0.031423,0.207689,0.001125,0.009974,0.250211
1,warmup,8,86,2.1000999999999994e-05,0.031096,0.207829,0.00113,0.009981,0.250036
1,warmup,8,87,2.1600999999999995e-05,0.031125,0.207649,0.001127,0.009914,0.24981499999999998
1,warmup,8,88,2.2200999999999996e-05,0.031121,0.207181,0.001128,0.009942,0.249372
1,warmup,8,89,2.2800999999999997e-05,0.037387,0.20811,0.001128,0.00992,0.25654499999999997
1,warmup,8,90,2.3401e-05,0.037249,0.208029,0.001125,0.010025,0.256428
1,warmup,8,91,2.4000999999999996e-05,0.037224,0.207983,0.001123,0.009955,0.25628500000000004
1,warmup,8,92,2.4600999999999997e-05,0.040788,0.207708,0.001127,0.010015,0.259638
1,warmup,8,93,2.5200999999999995e-05,0.044725,0.207957,0.001127,0.010025,0.263834
1,warmup,8,94,2.5800999999999996e-05,0.04438,0.208098,0.001131,0.009973,0.263582
1,warmup,8,95,2.6400999999999997e-05,0.044578,0.207746,0.001135,0.009938,0.263397
1,warmup,8,96,2.7000999999999998e-05,0.044352,0.207887,0.001129,0.00995,0.263318
1,warmup,8,97,2.7600999999999995e-05,0.052248,0.208052,0.001133,0.009929,0.271362
1,warmup,8,98,2.8200999999999996e-05,0.051865,0.20806,0.001126,0.009984,0.271035
1,warmup,8,99,2.8800999999999998e-05,0.051984,0.207887,0.001128,0.010026,0.27102499999999996
1,warmup,8,100,2.9400999999999995e-05,0.0522,0.207927,0.001135,0.009917,0.271179
1,warmup,8,101,3.0000999999999996e-05,0.052163,0.208058,0.001128,0.009888,0.271237
1,warmup,9,1,-2.9999e-05,0.061329,0.208019,0.00114,0.009932,0.28042
1,warmup,9,2,-2.9398999999999998e-05,0.052713,0.207966,0.001135,0.01001,0.271824
1,warmup,9,3,-2.8799e-05,0.052549,0.208044,0.001126,0.009931,0.27165000000000006
1,warmup,9,4,-2.8199e-05,0.057014,0.207779,0.001127,0.00997,0.27588999999999997
1,warmup,9,5,-2.7598999999999998e-05,0.052218,0.208201,0.001134,0.009926,0.271479
1,warmup,9,6,-2.6999e-05,0.044506,0.20784,0.00113,0.009935,0.26341100000000006
1,warmup,9,7,-2.6399e-05,0.044548,0.208202,0.001124,0.009903,0.263777
1,warmup,9,8,-2.5798999999999998e-05,0.044414,0.207966,0.001133,0.010009,0.263522
1,warmup,9,9,-2.5198999999999997e-05,0.044324,0.208035,0.001131,0.010028,0.263518
1,warmup,9,10,-2.4599e-05,0.037553,0.20774,0.001122,0.009983,0.256398
1,warmup,9,11,-2.3999e-05,0.037172,0.20766,0.001127,0.009927,0.255886
1,warmup,9,12,-2.3399e-05,0.037233,0.207755,0.001127,0.009956,0.256071
1,warmup,9,13,-2.2799e-05,0.037083,0.207898,0.001127,0.009927,0.256035
1,warmup,9,14,-2.2199e-05,0.0311,0.207816,0.001128,0.010026,0.25006999999999996
1,warmup,9,15,-2.1598999999999998e-05,0.03112,0.207793,0.001129,0.009979,0.250021
1,warmup,9,16,-2.0998999999999997e-05,0.031247,0.207286,0.001131,0.009921,0.249585
1,warmup,9,17,-2.0399e-05,0.031074,0.208029,0.001127,0.00995,0.25017999999999996
1,warmup,9,18,-1.9799e-05,0.024923,0.207447,0.00114,0.009972,0.243482
1,warmup,9,19,-1.9199e-05,0.025023,0.207361,0.001122,0.009892,0.243398
1,warmup,9,20,-1.8599e-05,0.02489,0.20715,0.001128,0.009957,0.24312499999999998
1,warmup,9,21,-1.7998999999999998e-05,0.024802,0.207588,0.001125,0.009937,0.24345199999999997
1,warmup,9,22,-1.7398999999999997e-05,0.019776,0.207434,0.001128,0.009895,0.23823299999999997
1,warmup,9,23,-1.6799e-05,0.019898,0.207611,0.001128,0.009899,0.23853599999999997
1,warmup,9,24,-1.6199e-05,0.019772,0.207295,0.001131,0.009954,0.238152
1,warmup,9,25,-1.5599e-05,0.019939,0.207361,0.001127,0.009969,0.238396
1,warmup,9,26,-1.4998999999999998e-05,0.015299,0.207303,0.001123,0.009985,0.23371
1,warmup,9,27,-1.4398999999999997e-05,0.015396,0.20751,0.001123,0.009953,0.233982
1,warmup,9,28,-1.3798999999999996e-05,0.015322,0.207211,0.001129,0.009928,0.23359
1,warmup,9,29,-1.3198999999999998e-05,0.01544,0.207446,0.001126,0.009868,0.23387999999999998
1,warmup,9,30,-1.2598999999999997e-05,0.019218,0.20724,0.001126,0.009968,0.23755199999999999
1,warmup,9,31,-1.1998999999999996e-05,0.011558,0.207526,0.001129,0.009891,0.230104
1,warmup,9,32,-1.1398999999999999e-05,0.011453,0.207327,0.001124,0.009989,0.229893
1,warmup,9,33,-1.0798999999999998e-05,0.011607,0.207395,0.001121,0.009968,0.23009100000000002
1,warmup,9,34,-1.0198999999999997e-05,0.011532,0.207439,0.001123,0.009901,0.22999500000000003
1,warmup,9,35,-9.598999999999999e-06,0.008361,0.207521,0.001122,0.009953,0.22695700000000002
1,warmup,9,36,-8.998999999999998e-06,0.008435,0.207344,0.001124,0.009898,0.226801
1,warmup,9,37,-8.398999999999997e-06,0.008355,0.207452,0.00113,0.009955,0.22689199999999998
1,warmup,9,38,-7.799e-06,0.008428,0.207451,0.001132,0.009969,0.22698
1,warmup,9,39,-7.198999999999999e-06,0.005863,0.207452,0.001128,0.009908,0.224351
1,warmup,9,40,-6.598999999999998e-06,0.005817,0.207366,0.001157,0.01004,0.22437999999999997
1,warmup,9,41,-5.998999999999997e-06,0.00614,0.207569,0.001128,0.009931,0.224768
1,warmup,9,42,-5.3989999999999995e-06,0.005868,0.207345,0.001133,0.009956,0.224302
1,warmup,9,43,-4.7989999999999984e-06,0.004029,0.207442,0.001123,0.009984,0.222578
1,warmup,9,44,-4.198999999999997e-06,0.004044,0.207163,0.001121,0.009892,0.22222000000000003
1,warmup,9,45,-3.5989999999999993e-06,0.004059,0.207347,0.00113,0.009978,0.222514
1,warmup,9,46,-2.9989999999999983e-06,0.003989,0.207319,0.001135,0.009968,0.222411
1,warmup,9,47,-2.3989999999999973e-06,0.004081,0.207558,0.001124,0.009967,0.22272999999999998
1,warmup,9,48,-1.7989999999999996e-06,0.007386,0.206973,0.001128,0.009909,0.22539599999999999
1,warmup,9,49,-1.1989999999999986e-06,0.003986,0.207331,0.001123,0.00989,0.22233
1,warmup,9,50,-5.989999999999977e-07,0.004031,0.20726,0.001127,0.009952,0.22236999999999998
1,warmup,9,51,1e-09,0.004106,0.207411,0.001127,0.009916,0.22256
1,warmup,9,52,6.009999999999976e-07,0.003976,0.207178,0.001124,0.009961,0.22223900000000002
1,warmup,9,53,1.2009999999999988e-06,0.004082,0.207302,0.001126,0.009923,0.22243299999999996
1,warmup,9,54,1.8009999999999998e-06,0.003905,0.207052,0.001133,0.009894,0.22198400000000001
1,warmup,9,55,2.4009999999999974e-06,0.00386,0.207393,0.001132,0.009981,0.22236599999999998
1,warmup,9,56,3.0009999999999985e-06,0.003938,0.207491,0.001123,0.009931,0.22248300000000001
1,warmup,9,57,3.6009999999999995e-06,0.005539,0.207492,0.001127,0.009961,0.22411899999999998
1,warmup,9,58,4.200999999999997e-06,0.003913,0.207338,0.001123,0.009938,0.222312
1,warmup,9,59,4.800999999999998e-06,0.003849,0.207451,0.001127,0.009843,0.22226999999999997
1,warmup,9,60,5.400999999999999e-06,0.005713,0.207451,0.00113,0.009973,0.224267
1,warmup,9,61,6.000999999999996e-06,0.005719,0.20766,0.001125,0.009939,0.224443
1,warmup,9,62,6.6009999999999974e-06,0.005685,0.207433,0.001126,0.009974,0.224218
1,warmup,9,63,7.2009999999999985e-06,0.005723,0.207572,0.001125,0.00995,0.22437
1,warmup,9,64,7.801e-06,0.008218,0.207299,0.001134,0.009956,0.226607
1,warmup,9,65,8.400999999999998e-06,0.008316,0.207647,0.001129,0.009959,0.22705099999999998
1,warmup,9,66,9.000999999999999e-06,0.013526,0.207333,0.001128,0.009914,0.231901
1,warmup,9,67,9.601e-06,0.008193,0.207464,0.001122,0.009975,0.22675400000000004
1,warmup,9,68,1.0200999999999998e-05,0.011463,0.207327,0.001124,0.009957,0.229871
1,warmup,9,69,1.0800999999999999e-05,0.011353,0.207531,0.001124,0.009915,0.229923
1,warmup,9,70,1.1401e-05,0.011314,0.20723,0.001129,0.009979,0.22965199999999997
1,warmup,9,71,1.2000999999999997e-05,0.011323,0.207581,0.001122,0.009882,0.229908
1,warmup,9,72,1.2600999999999998e-05,0.015044,0.207365,0.00113,0.009987,0.23352599999999998
1,warmup,9,73,1.3201e-05,0.015128,0.207407,0.001127,0.009994,0.233656
1,warmup,9,74,1.3800999999999997e-05,0.015067,0.207277,0.001131,0.010003,0.233478
1,warmup,9,75,1.4400999999999998e-05,0.016938,0.207534,0.001121,0.009881,0.23547400000000002
1,warmup,9,76,1.5001e-05,0.019658,0.207242,0.001123,0.009944,0.23796700000000004
1,warmup,9,77,1.5601e-05,0.019738,0.207495,0.001122,0.009944,0.23829900000000004
1,warmup,9,78,1.6200999999999996e-05,0.019607,0.207316,0.001123,0.009919,0.237965
1,warmup,9,79,1.6800999999999997e-05,0.019672,0.207442,0.001128,0.009919,0.23816099999999998
1,warmup,9,80,1.7400999999999995e-05,0.019709,0.207242,0.001124,0.009921,0.23799600000000004
1,warmup,9,81,1.8000999999999996e-05,0.024583,0.20754,0.001131,0.009911,0.243165
1,warmup,9,82,1.8600999999999997e-05,0.024428,0.207249,0.001127,0.009934,0.24273799999999998
1,warmup,9,83,1.9200999999999998e-05,0.024535,0.207999,0.001126,0.009915,0.24357499999999999
1,warmup,9,84,1.9801e-05,0.024609,0.207899,0.001127,0.010022,0.24365699999999998
1,warmup,9,85,2.0400999999999997e-05,0.030657,0.207929,0.001127,0.009968,0.249681
1,warmup,9,86,2.1000999999999994e-05,0.030597,0.207191,0.001122,0.009967,0.24887700000000001
1,warmup,9,87,2.1600999999999995e-05,0.030466,0.20813,0.001129,0.009921,0.24964599999999998
1,warmup,9,88,2.2200999999999996e-05,0.030576,0.207657,0.001129,0.009956,0.24931799999999998
1,warmup,9,89,2.2800999999999997e-05,0.037194,0.208079,0.001131,0.009944,0.25634799999999996
1,warmup,9,90,2.3401e-05,0.037167,0.207808,0.001126,0.009978,0.256079
1,warmup,9,91,2.4000999999999996e-05,0.037107,0.207952,0.001125,0.009983,0.256167
1,warmup,9,92,2.4600999999999997e-05,0.037116,0.207755,0.001133,0.010003,0.256007
1,warmup,9,93,2.5200999999999995e-05,0.044296,0.208091,0.001122,0.009953,0.26346200000000003
1,warmup,9,94,2.5800999999999996e-05,0.044262,0.208006,0.001129,0.009974,0.26337099999999997
1,warmup,9,95,2.6400999999999997e-05,0.044283,0.208123,0.001127,0.009956,0.26348900000000003
1,warmup,9,96,2.7000999999999998e-05,0.044477,0.207849,0.001126,0.010029,0.263481
1,warmup,9,97,2.7600999999999995e-05,0.051821,0.208041,0.001128,0.009964,0.27095400000000003
1,warmup,9,98,2.8200999999999996e-05,0.0518,0.208166,0.001128,0.009933,0.271027
1,warmup,9,99,2.8800999999999998e-05,0.056326,0.208288,0.001128,0.009987,0.27572900000000006
1,warmup,9,100,2.9400999999999995e-05,0.051954,0.20784,0.001128,0.009951,0.270873
1,warmup,9,101,3.0000999999999996e-05,0.05205,0.208013,0.001129,0.010034,0.27122599999999997
1,warmup,10,1,-2.9999e-05,0.060727,0.20793,0.001137,0.009943,0.279737
1,warmup,10,2,-2.9398999999999998e-05,0.052526,0.207955,0.001128,0.010035,0.27164400000000005
1,warmup,10,3,-2.8799e-05,0.052274,0.207712,0.001127,0.009905,0.271018
1,warmup,10,4,-2.8199e-05,0.056808,0.207613,0.001132,0.009949,0.275502
1,warmup,10,5,-2.7598999999999998e-05,0.054015,0.207819,0.00113,0.009983,0.27294700000000005
1,warmup,10,6,-2.6999e-05,0.044495,0.207825,0.001129,0.009962,0.263411
1,warmup,10,7,-2.6399e-05,0.044416,0.207867,0.001128,0.009949,0.26336
1,warmup,10,8,-2.5798999999999998e-05,0.044197,0.207732,0.001132,0.009989,0.26305000000000006
1,warmup,10,9,-2.5198999999999997e-05,0.044301,0.20779,0.001132,0.009945,0.263168
1,warmup,10,10,-2.4599e-05,0.037223,0.20777,0.001128,0.01001,0.256131
1,warmup,10,11,-2.3999e-05,0.037002,0.207729,0.00113,0.010022,0.25588299999999997
1,warmup,10,12,-2.3399e-05,0.037101,0.207721,0.001127,0.00997,0.25591899999999995
1,warmup,10,13,-2.2799e-05,0.037061,0.207779,0.001128,0.009963,0.255931
1,warmup,10,14,-2.2199e-05,0.030599,0.207258,0.001123,0.01,0.24898
1,warmup,10,15,-2.1598999999999998e-05,0.030554,0.207659,0.001125,0.009963,0.249301
1,warmup,10,16,-2.0998999999999997e-05,0.030531,0.207692,0.001128,0.010056,0.249407
1,warmup,10,17,-2.0399e-05,0.030657,0.207626,0.001126,0.010012,0.24942099999999998
1,warmup,10,18,-1.9799e-05,0.024618,0.207192,0.001131,0.009968,0.24290899999999999
1,warmup,10,19,-1.9199e-05,0.024473,0.20699,0.001127,0.009891,0.242481
1,warmup,10,20,-1.8599e-05,0.024511,0.207511,0.001123,0.010035,0.24318
1,warmup,10,21,-1.7998999999999998e-05,0.024612,0.207474,0.001128,0.009933,0.24314699999999997
1,warmup,10,22,-1.7398999999999997e-05,0.019615,0.207268,0.001128,0.009977,0.23798799999999998
1,warmup,10,23,-1.6799e-05,0.019614,0.207173,0.001122,0.009949,0.237858
1,warmup,10,24,-1.6199e-05,0.01958,0.207533,0.001132,0.010005,0.23825000000000002
1,warmup,10,25,-1.5599e-05,0.019544,0.207593,0.001134,0.00996,0.238231
1,warmup,10,26,-1.4998999999999998e-05,0.015288,0.207573,0.001131,0.009976,0.233968
1,warmup,10,27,-1.4398999999999997e-05,0.015018,0.207219,0.001125,0.00991,0.23327199999999998
1,warmup,10,28,-1.3798999999999996e-05,0.015134,0.207114,0.001124,0.009944,0.23331600000000002
1,warmup,10,29,-1.3198999999999998e-05,0.015225,0.207201,0.001124,0.009946,0.23349599999999998
1,warmup,10,30,-1.2598999999999997e-05,0.015106,0.207371,0.001127,0.009906,0.23351
1,warmup,10,31,-1.1998999999999996e-05,0.011213,0.207245,0.001125,0.009886,0.229469
1,warmup,10,32,-1.1398999999999999e-05,0.011326,0.207268,0.001134,0.009996,0.229724
1,warmup,10,33,-1.0798999999999998e-05,0.011405,0.207463,0.001123,0.009948,0.22993900000000003
1,warmup,10,34,-1.0198999999999997e-05,0.011331,0.207327,0.001127,0.009918,0.22970300000000002
1,warmup,10,35,-9.598999999999999e-06,0.008298,0.207316,0.001124,0.009954,0.22669199999999998
1,warmup,10,36,-8.998999999999998e-06,0.008151,0.207237,0.001382,0.009915,0.226685
1,warmup,10,37,-8.398999999999997e-06,0.008216,0.207385,0.001126,0.009906,0.226633
1,warmup,10,38,-7.799e-06,0.008166,0.207284,0.001131,0.009938,0.226519
1,warmup,10,39,-7.198999999999999e-06,0.005747,0.207445,0.001124,0.009908,0.224224
1,warmup,10,40,-6.598999999999998e-06,0.005695,0.207104,0.001124,0.009922,0.22384500000000002
1,warmup,10,41,-5.998999999999997e-06,0.005645,0.207267,0.001134,0.009947,0.22399300000000003
1,warmup,10,42,-5.3989999999999995e-06,0.005696,0.207425,0.001125,0.009925,0.22417099999999998
1,warmup,10,43,-4.7989999999999984e-06,0.003782,0.2061,0.001125,0.009903,0.22091
1,warmup,10,44,-4.198999999999997e-06,0.003881,0.206328,0.001123,0.009898,0.22123
1,warmup,10,45,-3.5989999999999993e-06,0.003873,0.206474,0.00113,0.009916,0.22139299999999998
1,warmup,10,46,-2.9989999999999983e-06,0.00384,0.206901,0.001143,0.010003,0.22188700000000003
1,warmup,10,47,-2.3989999999999973e-06,0.006478,0.206847,0.001129,0.009941,0.224395
1,warmup,10,48,-1.7989999999999996e-06,0.003883,0.20659,0.001126,0.00989,0.221489
1,warmup,10,49,-1.1989999999999986e-06,0.003824,0.207231,0.001125,0.009875,0.22205499999999997
1,warmup,10,50,-5.989999999999977e-07,0.003902,0.207259,0.001126,0.009988,0.22227499999999997
1,warmup,10,51,1e-09,0.003933,0.207294,0.001125,0.009933,0.22228499999999998
1,warmup,10,52,6.009999999999976e-07,0.003873,0.207083,0.00115,0.009936,0.222042
1,warmup,10,53,1.2009999999999988e-06,0.004145,0.207256,0.001122,0.009999,0.22252200000000003
1,warmup,10,54,1.8009999999999998e-06,0.003876,0.207226,0.001131,0.009923,0.22215599999999996
1,warmup,10,55,2.4009999999999974e-06,0.003898,0.20721,0.001129,0.009966,0.222203
1,warmup,10,56,3.0009999999999985e-06,0.005618,0.20721,0.00113,0.009941,0.22389900000000001
1,warmup,10,57,3.6009999999999995e-06,0.003927,0.207291,0.001129,0.009905,0.222252
1,warmup,10,58,4.200999999999997e-06,0.003966,0.207323,0.001127,0.00993,0.222346
1,warmup,10,59,4.800999999999998e-06,0.003852,0.207201,0.001125,0.00989,0.222068
1,warmup,10,60,5.400999999999999e-06,0.005886,0.207345,0.001128,0.009975,0.224334
1,warmup,10,61,6.000999999999996e-06,0.005697,0.20722,0.001132,0.009897,0.22394599999999998
1,warmup,10,62,6.6009999999999974e-06,0.005638,0.207345,0.001128,0.009921,0.224032
1,warmup,10,63,7.2009999999999985e-06,0.005716,0.207469,0.001125,0.009969,0.22427899999999998
1,warmup,10,64,7.801e-06,0.008314,0.207093,0.001122,0.009939,0.226468
1,warmup,10,65,8.400999999999998e-06,0.010214,0.207354,0.001124,0.009956,0.228648
1,warmup,10,66,9.000999999999999e-06,0.008161,0.207215,0.001127,0.009892,0.226395
1,warmup,10,67,9.601e-06,0.008262,0.207326,0.001129,0.009871,0.22658799999999998
1,warmup,10,68,1.0200999999999998e-05,0.011482,0.207129,0.001123,0.009975,0.22970900000000002
1,warmup,10,69,1.0800999999999999e-05,0.011425,0.207352,0.001124,0.009917,0.22981800000000002
1,warmup,10,70,1.1401e-05,0.011219,0.207374,0.001124,0.009936,0.229653
1,warmup,10,71,1.2000999999999997e-05,0.011359,0.207306,0.001127,0.009892,0.229684
1,warmup,10,72,1.2600999999999998e-05,0.015417,0.207318,0.001126,0.009908,0.233769
1,warmup,10,73,1.3201e-05,0.014916,0.207291,0.001129,0.009917,0.23325300000000002
1,warmup,10,74,1.3800999999999997e-05,0.016822,0.207409,0.00113,0.009997,0.235358
1,warmup,10,75,1.4400999999999998e-05,0.015055,0.207213,0.001129,0.009873,0.23327
1,warmup,10,76,1.5001e-05,0.019774,0.207135,0.001129,0.009958,0.237996
1,warmup,10,77,1.5601e-05,0.019626,0.207246,0.001129,0.009927,0.237928
1,warmup,10,78,1.6200999999999996e-05,0.019706,0.207384,0.001127,0.009911,0.238128
1,warmup,10,79,1.6800999999999997e-05,0.019498,0.20723,0.001127,0.009891,0.23774599999999999
1,warmup,10,80,1.7400999999999995e-05,0.01989,0.207298,0.001132,0.009995,0.238315
1,warmup,10,81,1.8000999999999996e-05,0.024867,0.207173,0.001122,0.009934,0.243096
1,warmup,10,82,1.8600999999999997e-05,0.024521,0.2072,0.001122,0.009968,0.24281100000000003
1,warmup,10,83,1.9200999999999998e-05,0.024682,0.207275,0.001128,0.009918,0.243003
1,warmup,10,84,1.9801e-05,0.024514,0.207056,0.001125,0.009997,0.242692
1,warmup,10,85,2.0400999999999997e-05,0.030758,0.207843,0.001131,0.010001,0.249733
1,warmup,10,86,2.1000999999999994e-05,0.030636,0.207694,0.001128,0.010084,0.24954199999999999
1,warmup,10,87,2.1600999999999995e-05,0.030702,0.207884,0.001126,0.009991,0.249703
1,warmup,10,88,2.2200999999999996e-05,0.0306,0.207656,0.001125,0.009959,0.24933999999999998
1,warmup,10,89,2.2800999999999997e-05,0.037254,0.20778,0.001134,0.009935,0.25610299999999997
1,warmup,10,90,2.3401e-05,0.037058,0.207797,0.001126,0.009984,0.255965
1,warmup,10,91,2.4000999999999996e-05,0.03704,0.207739,0.001128,0.009928,0.255835
1,warmup,10,92,2.4600999999999997e-05,0.037274,0.208021,0.00113,0.01005,0.256475
1,warmup,10,93,2.5200999999999995e-05,0.044631,0.208012,0.001132,0.009928,0.263703
1,warmup,10,94,2.5800999999999996e-05,0.04415,0.207869,0.001133,0.009996,0.263148
1,warmup,10,95,2.6400999999999997e-05,0.044378,0.207862,0.001204,0.009998,0.263442
1,warmup,10,96,2.7000999999999998e-05,0.044344,0.20791,0.001136,0.009967,0.26335700000000006
1,warmup,10,97,2.7600999999999995e-05,0.052055,0.207729,0.001131,0.009928,0.270843
1,warmup,10,98,2.8200999999999996e-05,0.051872,0.207852,0.001132,0.009984,0.27084
1,warmup,10,99,2.8800999999999998e-05,0.051794,0.207944,0.001128,0.010002,0.270868
1,warmup,10,100,2.9400999999999995e-05,0.051537,0.207571,0.001127,0.009944,0.270179
1,warmup,10,101,3.0000999999999996e-05,0.051965,0.207918,0.001126,0.010013,0.271022
1,measurement,1,1,-2.9999e-05,0.061012,0.207906,0.001128,0.009913,0.279959
1,measurement,1,2,-2.9398999999999998e-05,0.052529,0.207941,0.001312,0.010093,0.271875
1,measurement,1,3,-2.8799e-05,0.053057,0.208042,0.001126,0.009979,0.27220400000000006
1,measurement,1,4,-2.8199e-05,0.057053,0.207936,0.001128,0.009973,0.27609000000000006
1,measurement,1,5,-2.7598999999999998e-05,0.051881,0.208043,0.001133,0.009981,0.271038
1,measurement,1,6,-2.6999e-05,0.044211,0.207816,0.001128,0.009973,0.26312800000000003
1,measurement,1,7,-2.6399e-05,0.044375,0.208015,0.001128,0.009978,0.263496
1,measurement,1,8,-2.5798999999999998e-05,0.044003,0.208149,0.001131,0.009972,0.26325499999999996
1,measurement,1,9,-2.5198999999999997e-05,0.044209,0.207884,0.001126,0.010009,0.263228
1,measurement,1,10,-2.4599e-05,0.036906,0.207815,0.001126,0.010011,0.255858
1,measurement,1,11,-2.3999e-05,0.036999,0.207954,0.001132,0.010031,0.256116
1,measurement,1,12,-2.3399e-05,0.037103,0.207825,0.00113,0.009927,0.255985
1,measurement,1,13,-2.2799e-05,0.036976,0.208009,0.001131,0.009976,0.256092
1,measurement,1,14,-2.2199e-05,0.030519,0.207743,0.00113,0.009952,0.24934399999999998
1,measurement,1,15,-2.1598999999999998e-05,0.030636,0.207595,0.001128,0.010025,0.249384
1,measurement,1,16,-2.0998999999999997e-05,0.030583,0.207975,0.001129,0.009966,0.24965299999999999
1,measurement,1,17,-2.0399e-05,0.030586,0.207642,0.001127,0.009977,0.249332
1,measurement,1,18,-1.9799e-05,0.024706,0.207388,0.001122,0.009885,0.243101
1,measurement,1,19,-1.9199e-05,0.024566,0.20744,0.001127,0.009959,0.243092
1,measurement,1,20,-1.8599e-05,0.025541,0.207265,0.001125,0.009949,0.24387999999999999
1,measurement,1,21,-1.7998999999999998e-05,0.023899,0.206966,0.001121,0.009951,0.241937
1,measurement,1,22,-1.7398999999999997e-05,0.01966,0.207404,0.001123,0.009916,0.23810300000000004
1,measurement,1,23,-1.6799e-05,0.019611,0.207288,0.001128,0.009935,0.23796199999999998
1,measurement,1,24,-1.6199e-05,0.019559,0.207535,0.001125,0.009868,0.23808699999999997
1,measurement,1,25,-1.5599e-05,0.019687,0.207384,0.001125,0.009933,0.238129
1,measurement,1,26,-1.4998999999999998e-05,0.015129,0.207252,0.001125,0.009973,0.233479
1,measurement,1,27,-1.4398999999999997e-05,0.015079,0.207366,0.001132,0.010001,0.233578
1,measurement,1,28,-1.3798999999999996e-05,0.015145,0.207473,0.001119,0.009937,0.233674
1,measurement,1,29,-1.3198999999999998e-05,0.015086,0.207406,0.001124,0.009959,0.23357499999999998
1,measurement,1,30,-1.2598999999999997e-05,0.015049,0.207326,0.001129,0.00992,0.23342400000000002
1,measurement,1,31,-1.1998999999999996e-05,0.01144,0.207445,0.001122,0.009938,0.229945
1,measurement,1,32,-1.1398999999999999e-05,0.011214,0.207616,0.001132,0.010253,0.230215
1,measurement,1,33,-1.0798999999999998e-05,0.011359,0.207387,0.001128,0.010002,0.229876
1,measurement,1,34,-1.0198999999999997e-05,0.011479,0.207535,0.001123,0.009966,0.230103
1,measurement,1,35,-9.598999999999999e-06,0.008195,0.207498,0.001123,0.009958,0.226774
1,measurement,1,36,-8.998999999999998e-06,0.008212,0.207425,0.001129,0.009977,0.22674299999999997
1,measurement,1,37,-8.398999999999997e-06,0.010512,0.207424,0.001125,0.0099,0.22896099999999997
1,measurement,1,38,-7.799e-06,0.008195,0.207245,0.001121,0.009962,0.22652300000000003
1,measurement,1,39,-7.198999999999999e-06,0.005645,0.207515,0.001122,0.009975,0.22425700000000004
1,measurement,1,40,-6.598999999999998e-06,0.00569,0.207532,0.001122,0.009905,0.224249
1,measurement,1,41,-5.998999999999997e-06,0.005728,0.207328,0.001126,0.009941,0.22412300000000002
1,measurement,1,42,-5.3989999999999995e-06,0.005629,0.207472,0.00113,0.009954,0.22418499999999997
1,measurement,1,43,-4.7989999999999984e-06,0.003926,0.207433,0.001123,0.009971,0.22245300000000004
1,measurement,1,44,-4.198999999999997e-06,0.003921,0.207088,0.001124,0.009985,0.222118
1,measurement,1,45,-3.5989999999999993e-06,0.003847,0.207261,0.00113,0.009894,0.222132
1,measurement,1,46,-2.9989999999999983e-06,0.006803,0.207244,0.001122,0.009922,0.22509100000000004
1,measurement,1,47,-2.3989999999999973e-06,0.003899,0.207316,0.001135,0.009934,0.222284
1,measurement,1,48,-1.7989999999999996e-06,0.003854,0.207266,0.001123,0.009923,0.222166
1,measurement,1,49,-1.1989999999999986e-06,0.003891,0.207293,0.001129,0.009988,0.222301
1,measurement,1,50,-5.989999999999977e-07,0.003921,0.20727,0.001127,0.009935,0.222253
1,measurement,1,51,1e-09,0.003914,0.207423,0.001131,0.009976,0.222444
1,measurement,1,52,6.009999999999976e-07,0.003889,0.20724,0.001125,0.00996,0.222214
1,measurement,1,53,1.2009999999999988e-06,0.003915,0.207221,0.001123,0.00998,0.222239
1,measurement,1,54,1.8009999999999998e-06,0.00387,0.207373,0.001121,0.009987,0.22235100000000002
1,measurement,1,55,2.4009999999999974e-06,0.004462,0.207474,0.001141,0.009988,0.22306499999999999
1,measurement,1,56,3.0009999999999985e-06,0.004085,0.207329,0.001131,0.009986,0.222531
1,measurement,1,57,3.6009999999999995e-06,0.003889,0.207145,0.001128,0.00991,0.222072
1,measurement,1,58,4.200999999999997e-06,0.003862,0.207409,0.001121,0.00993,0.22232200000000002
1,measurement,1,59,4.800999999999998e-06,0.003894,0.207368,0.001127,0.009974,0.222363
1,measurement,1,60,5.400999999999999e-06,0.00571,0.20738,0.001127,0.009943,0.22416
1,measurement,1,61,6.000999999999996e-06,0.005653,0.207291,0.001127,0.009985,0.22405599999999998
1,measurement,1,62,6.6009999999999974e-06,0.005715,0.2074,0.00113,0.009959,0.224204
1,measurement,1,63,7.2009999999999985e-06,0.005731,0.207361,0.001128,0.009924,0.22414399999999998
1,measurement,1,64,7.801e-06,0.008172,0.207416,0.001122,0.009973,0.22668300000000002
1,measurement,1,65,8.400999999999998e-06,0.008302,0.207344,0.001125,0.009937,0.226708
1,measurement,1,66,9.000999999999999e-06,0.008131,0.207398,0.001124,0.009938,0.226591
1,measurement,1,67,9.601e-06,0.008207,0.207416,0.001122,0.0099,0.22664499999999999
1,measurement,1,68,1.0200999999999998e-05,0.011273,0.207447,0.001121,0.009961,0.229802
1,measurement,1,69,1.0800999999999999e-05,0.011294,0.207388,0.001126,0.00998,0.22978799999999996
1,measurement,1,70,1.1401e-05,0.011404,0.207574,0.001124,0.009894,0.22999600000000003
1,measurement,1,71,1.2000999999999997e-05,0.011355,0.207503,0.001125,0.009995,0.229978
1,measurement,1,72,1.2600999999999998e-05,0.015141,0.207323,0.001127,0.009996,0.233587
1,measurement,1,73,1.3201e-05,0.017281,0.207312,0.001124,0.009973,0.23569
1,measurement,1,74,1.3800999999999997e-05,0.015201,0.207271,0.001128,0.009953,0.23355299999999998
1,measurement,1,75,1.4400999999999998e-05,0.014966,0.207472,0.001123,0.010017,0.233578
1,measurement,1,76,1.5001e-05,0.019555,0.207361,0.001123,0.009919,0.237958
1,measurement,1,77,1.5601e-05,0.01953,0.207305,0.001119,0.010028,0.237982
1,measurement,1,78,1.6200999999999996e-05,0.019618,0.207297,0.001125,0.009946,0.237986
1,measurement,1,79,1.6800999999999997e-05,0.019533,0.207378,0.00112,0.009941,0.23797200000000002
1,measurement,1,80,1.7400999999999995e-05,0.019578,0.20757,0.001131,0.01,0.23827900000000002
1,measurement,1,81,1.8000999999999996e-05,0.024571,0.207891,0.001124,0.009981,0.243567
1,measurement,1,82,1.8600999999999997e-05,0.024728,0.207563,0.001123,0.009879,0.243293
1,measurement,1,83,1.9200999999999998e-05,0.024906,0.207323,0.001119,0.009958,0.24330600000000002
1,measurement,1,84,1.9801e-05,0.024455,0.207212,0.001122,0.009972,0.24276100000000003
1,measurement,1,85,2.0400999999999997e-05,0.030526,0.207976,0.001126,0.01001,0.24963799999999997
1,measurement,1,86,2.1000999999999994e-05,0.030565,0.207901,0.001135,0.009989,0.24959
1,measurement,1,87,2.1600999999999995e-05,0.030678,0.207883,0.001129,0.009987,0.249677
1,measurement,1,88,2.2200999999999996e-05,0.030463,0.208057,0.001127,0.00996,0.24960699999999997
1,measurement,1,89,2.2800999999999997e-05,0.037107,0.208034,0.001129,0.010005,0.256275
1,measurement,1,90,2.3401e-05,0.037065,0.208059,0.001127,0.009993,0.25624399999999997
1,measurement,1,91,2.4000999999999996e-05,0.036982,0.208215,0.001124,0.010077,0.256398
1,measurement,1,92,2.4600999999999997e-05,0.036935,0.207942,0.001138,0.010015,0.25603
1,measurement,1,93,2.5200999999999995e-05,0.044199,0.207883,0.001131,0.009964,0.263177
1,measurement,1,94,2.5800999999999996e-05,0.044304,0.207962,0.001125,0.009941,0.26333199999999995
1,measurement,1,95,2.6400999999999997e-05,0.044434,0.208102,0.001132,0.009951,0.263619
1,measurement,1,96,2.7000999999999998e-05,0.044163,0.208112,0.001127,0.009999,0.26340099999999994
1,measurement,1,97,2.7600999999999995e-05,0.052002,0.20807,0.001128,0.009934,0.27113400000000004
1,measurement,1,98,2.8200999999999996e-05,0.051719,0.207872,0.00113,0.009934,0.27065500000000003
1,measurement,1,99,2.8800999999999998e-05,0.051857,0.207964,0.001131,0.009953,0.270905
1,measurement,1,100,2.9400999999999995e-05,0.051908,0.208152,0.001128,0.009955,0.271143
1,measurement,1,101,3.0000999999999996e-05,0.051987,0.207903,0.001127,0.009969,0.270986
1,measurement,2,1,-2.9999e-05,0.060809,0.207992,0.001129,0.009945,0.279875
1,measurement,2,2,-2.9398999999999998e-05,0.052576,0.207791,0.001128,0.010013,0.271508
1,measurement,2,3,-2.8799e-05,0.052524,0.20797,0.001133,0.009938,0.271565
1,measurement,2,4,-2.8199e-05,0.056744,0.207884,0.001157,0.010012,0.27579700000000007
1,measurement,2,5,-2.7598999999999998e-05,0.052307,0.2082,0.001129,0.009898,0.271534
1,measurement,2,6,-2.6999e-05,0.04424,0.207842,0.001133,0.009916,0.263131
1,measurement,2,7,-2.6399e-05,0.044345,0.207793,0.001129,0.009886,0.263153
1,measurement,2,8,-2.5798999999999998e-05,0.044259,0.207839,0.001126,0.00997,0.263194
1,measurement,2,9,-2.5198999999999997e-05,0.044054,0.208141,0.001124,0.009929,0.26324800000000004
1,measurement,2,10,-2.4599e-05,0.036997,0.207896,0.001128,0.009983,0.256004
1,measurement,2,11,-2.3999e-05,0.036975,0.207929,0.001129,0.009917,0.25595
1,measurement,2,12,-2.3399e-05,0.037046,0.207709,0.001126,0.009957,0.255838
1,measurement,2,13,-2.2799e-05,0.036779,0.207973,0.001123,0.0099,0.25577500000000003
1,measurement,2,14,-2.2199e-05,0.030449,0.207047,0.001118,0.009948,0.24856200000000003
1,measurement,2,15,-2.1598999999999998e-05,0.030539,0.20739,0.001125,0.009874,0.24892799999999998
1,measurement,2,16,-2.0998999999999997e-05,0.030408,0.207649,0.001127,0.00995,0.24913399999999997
1,measurement,2,17,-2.0399e-05,0.030639,0.207403,0.001126,0.009897,0.24906499999999998
1,measurement,2,18,-1.9799e-05,0.024502,0.207172,0.001127,0.009903,0.24270399999999998
1,measurement,2,19,-1.9199e-05,0.024463,0.20727,0.001128,0.009873,0.242734
1,measurement,2,20,-1.8599e-05,0.024529,0.207812,0.001131,0.00999,0.24346199999999998
1,measurement,2,21,-1.7998999999999998e-05,0.02452,0.207273,0.001125,0.00991,0.24282800000000002
1,measurement,2,22,-1.7398999999999997e-05,0.019505,0.207112,0.001126,0.009969,0.23771199999999998
1,measurement,2,23,-1.6799e-05,0.019618,0.207322,0.001124,0.009879,0.237943
1,measurement,2,24,-1.6199e-05,0.019606,0.207312,0.001123,0.0099,0.237941
1,measurement,2,25,-1.5599e-05,0.019728,0.207461,0.001124,0.009904,0.23821699999999998
1,measurement,2,26,-1.4998999999999998e-05,0.015083,0.207111,0.001125,0.009979,0.23329799999999998
1,measurement,2,27,-1.4398999999999997e-05,0.014955,0.207398,0.001119,0.009838,0.23331000000000002
1,measurement,2,28,-1.3798999999999996e-05,0.018659,0.207224,0.001119,0.009953,0.236955
1,measurement,2,29,-1.3198999999999998e-05,0.01507,0.207552,0.001128,0.009908,0.23365799999999998
1,measurement,2,30,-1.2598999999999997e-05,0.015167,0.207219,0.001134,0.009934,0.23345399999999997
1,measurement,2,31,-1.1998999999999996e-05,0.01136,0.20753,0.001124,0.009898,0.22991199999999998
1,measurement,2,32,-1.1398999999999999e-05,0.011296,0.207339,0.001127,0.00987,0.22963199999999998
1,measurement,2,33,-1.0798999999999998e-05,0.011225,0.207489,0.001124,0.009924,0.22976200000000002
1,measurement,2,34,-1.0198999999999997e-05,0.011479,0.207326,0.00112,0.009894,0.229819
1,measurement,2,35,-9.598999999999999e-06,0.008086,0.207391,0.001123,0.009884,0.22648400000000002
1,measurement,2,36,-8.998999999999998e-06,0.008229,0.207155,0.001123,0.009919,0.22642600000000004
1,measurement,2,37,-8.398999999999997e-06,0.008217,0.20746,0.00113,0.009907,0.226714
1,measurement,2,38,-7.799e-06,0.008188,0.207452,0.001126,0.009951,0.22671699999999997
1,measurement,2,39,-7.198999999999999e-06,0.005692,0.207409,0.001127,0.009901,0.224129
1,measurement,2,40,-6.598999999999998e-06,0.005583,0.207221,0.001117,0.009966,0.223887
1,measurement,2,41,-5.998999999999997e-06,0.005759,0.207612,0.001121,0.009905,0.22439699999999999
1,measurement,2,42,-5.3989999999999995e-06,0.005659,0.207307,0.001131,0.009916,0.224013
1,measurement,2,43,-4.7989999999999984e-06,0.003838,0.207375,0.001124,0.009936,0.222273
1,measurement,2,44,-4.198999999999997e-06,0.003761,0.205659,0.001119,0.009894,0.220433
1,measurement,2,45,-3.5989999999999993e-06,0.00724,0.206963,0.001123,0.009877,0.22520300000000001
1,measurement,2,46,-2.9989999999999983e-06,0.003864,0.206343,0.001116,0.009904,0.221227
1,measurement,2,47,-2.3989999999999973e-06,0.003946,0.206993,0.001136,0.009996,0.22207100000000002
1,measurement,2,48,-1.7989999999999996e-06,0.003862,0.20673,0.001126,0.009971,0.221689
1,measurement,2,49,-1.1989999999999986e-06,0.003919,0.207043,0.001123,0.009897,0.221982
1,measurement,2,50,-5.989999999999977e-07,0.003876,0.206664,0.001123,0.009893,0.221556
1,measurement,2,51,1e-09,0.003906,0.206599,0.001131,0.009898,0.22153399999999998
1,measurement,2,52,6.009999999999976e-07,0.003831,0.206577,0.001126,0.009916,0.22145
1,measurement,2,53,1.2009999999999988e-06,0.003904,0.206835,0.001123,0.009972,0.221834
1,measurement,2,54,1.8009999999999998e-06,0.006531,0.206575,0.001125,0.009949,0.22418
1,measurement,2,55,2.4009999999999974e-06,0.004869,0.206843,0.001124,0.009959,0.22279500000000002
1,measurement,2,56,3.0009999999999985e-06,0.0039,0.206819,0.001124,0.009919,0.22176200000000001
1,measurement,2,57,3.6009999999999995e-06,0.003889,0.206824,0.001132,0.009952,0.221797
1,measurement,2,58,4.200999999999997e-06,0.00387,0.206739,0.001126,0.009949,0.221684
1,measurement,2,59,4.800999999999998e-06,0.003858,0.206818,0.001125,0.009891,0.221692
1,measurement,2,60,5.400999999999999e-06,0.005712,0.207331,0.001124,0.009943,0.22411
1,measurement,2,61,6.000999999999996e-06,0.005705,0.207438,0.001127,0.009928,0.22419799999999998
1,measurement,2,62,6.6009999999999974e-06,0.005731,0.207329,0.001125,0.009946,0.22413100000000002
1,measurement,2,63,7.2009999999999985e-06,0.005768,0.207543,0.001144,0.009949,0.224404
1,measurement,2,64,7.801e-06,0.008477,0.20719,0.001127,0.009897,0.226691
1,measurement,2,65,8.400999999999998e-06,0.008209,0.207715,0.001122,0.009925,0.226971
1,measurement,2,66,9.000999999999999e-06,0.008196,0.207225,0.001132,0.009961,0.226514
1,measurement,2,67,9.601e-06,0.008191,0.207439,0.001125,0.009893,0.22664800000000002
1,measurement,2,68,1.0200999999999998e-05,0.011356,0.207303,0.001127,0.009988,0.22977399999999998
1,measurement,2,69,1.0800999999999999e-05,0.011471,0.207472,0.001134,0.009882,0.229959
1,measurement,2,70,1.1401e-05,0.011193,0.207294,0.001121,0.009905,0.22951300000000002
1,measurement,2,71,1.2000999999999997e-05,0.011344,0.207356,0.001122,0.009982,0.229804
1,measurement,2,72,1.2600999999999998e-05,0.017932,0.207046,0.001128,0.010003,0.236109
1,measurement,2,73,1.3201e-05,0.015129,0.207409,0.001131,0.009924,0.233593
1,measurement,2,74,1.3800999999999997e-05,0.01504,0.207135,0.001132,0.009956,0.233263
1,measurement,2,75,1.4400999999999998e-05,0.015076,0.207563,0.001126,0.009918,0.233683
1,measurement,2,76,1.5001e-05,0.019678,0.207171,0.001132,0.010009,0.23798999999999998
1,measurement,2,77,1.5601e-05,0.019499,0.207493,0.00113,0.009969,0.238091
1,measurement,2,78,1.6200999999999996e-05,0.019511,0.207201,0.001128,0.009978,0.23781799999999997
1,measurement,2,79,1.6800999999999997e-05,0.019565,0.207476,0.001128,0.009981,0.23814999999999997
1,measurement,2,80,1.7400999999999995e-05,0.019676,0.207095,0.001125,0.009937,0.237833
1,measurement,2,81,1.8000999999999996e-05,0.024687,0.207809,0.001122,0.009903,0.243521
1,measurement,2,82,1.8600999999999997e-05,0.024671,0.207205,0.001121,0.009995,0.242992
1,measurement,2,83,1.9200999999999998e-05,0.024398,0.207867,0.001131,0.00995,0.243346
1,measurement,2,84,1.9801e-05,0.024548,0.20698,0.001126,0.009935,0.242589
1,measurement,2,85,2.0400999999999997e-05,0.030657,0.208068,0.001122,0.010008,0.249855
1,measurement,2,86,2.1000999999999994e-05,0.030491,0.207782,0.001125,0.009985,0.24938299999999997
1,measurement,2,87,2.1600999999999995e-05,0.030578,0.207773,0.001127,0.009929,0.249407
1,measurement,2,88,2.2200999999999996e-05,0.030519,0.207693,0.001127,0.010019,0.24935799999999997
1,measurement,2,89,2.2800999999999997e-05,0.03731,0.208217,0.001129,0.009975,0.256631
1,measurement,2,90,2.3401e-05,0.036983,0.207931,0.001123,0.010007,0.25604400000000005
1,measurement,2,91,2.4000999999999996e-05,0.036879,0.207882,0.001127,0.009993,0.25588099999999997
1,measurement,2,92,2.4600999999999997e-05,0.036826,0.207773,0.001122,0.009973,0.25569400000000003
1,measurement,2,93,2.5200999999999995e-05,0.044313,0.208191,0.001126,0.009902,0.26353200000000004
1,measurement,2,94,2.5800999999999996e-05,0.043878,0.207786,0.001143,0.009934,0.262741
1,measurement,2,95,2.6400999999999997e-05,0.04431,0.207945,0.001126,0.009992,0.263373
1,measurement,2,96,2.7000999999999998e-05,0.044287,0.207835,0.001134,0.009951,0.263207
1,measurement,2,97,2.7600999999999995e-05,0.052099,0.20797,0.00113,0.009948,0.271147
1,measurement,2,98,2.8200999999999996e-05,0.05179,0.207793,0.00113,0.009962,0.27067500000000005
1,measurement,2,99,2.8800999999999998e-05,0.051544,0.208189,0.001129,0.009916,0.27077799999999996
1,measurement,2,100,2.9400999999999995e-05,0.051687,0.207757,0.001123,0.00993,0.270497
1,measurement,2,101,3.0000999999999996e-05,0.051674,0.207998,0.001127,0.009956,0.270755
1,measurement,3,1,-2.9999e-05,0.060762,0.207895,0.001131,0.010033,0.279821
1,measurement,3,2,-2.9398999999999998e-05,0.052378,0.207818,0.001126,0.009995,0.271317
1,measurement,3,3,-2.8799e-05,0.055702,0.207953,0.001126,0.009935,0.27471599999999996
1,measurement,3,4,-2.8199e-05,0.05654,0.207763,0.001132,0.009995,0.27543
1,measurement,3,5,-2.7598999999999998e-05,0.051731,0.207792,0.001127,0.009911,0.270561
1,measurement,3,6,-2.6999e-05,0.04415,0.207798,0.001124,0.009993,0.263065
1,measurement,3,7,-2.6399e-05,0.044188,0.208028,0.001129,0.009897,0.263242
1,measurement,3,8,-2.5798999999999998e-05,0.043949,0.20783,0.001126,0.009956,0.262861
1,measurement,3,9,-2.5198999999999997e-05,0.044186,0.207871,0.001132,0.010012,0.263201
1,measurement,3,10,-2.4599e-05,0.037061,0.207706,0.001129,0.009954,0.25585
1,measurement,3,11,-2.3999e-05,0.037103,0.207777,0.001125,0.009987,0.255992
1,measurement,3,12,-2.3399e-05,0.036944,0.207746,0.001126,0.009994,0.25581
1,measurement,3,13,-2.2799e-05,0.036797,0.207855,0.001125,0.00996,0.255737
1,measurement,3,14,-2.2199e-05,0.030531,0.207827,0.001126,0.009973,0.249457
1,measurement,3,15,-2.1598999999999998e-05,0.030656,0.207622,0.001128,0.009998,0.249404
1,measurement,3,16,-2.0998999999999997e-05,0.030586,0.207795,0.001124,0.009977,0.24948200000000004
1,measurement,3,17,-2.0399e-05,0.030617,0.207734,0.001126,0.009921,0.249398
1,measurement,3,18,-1.9799e-05,0.024948,0.207336,0.001128,0.009929,0.24334099999999997
1,measurement,3,19,-1.9199e-05,0.024496,0.207807,0.001125,0.009952,0.24337999999999996
1,measurement,3,20,-1.8599e-05,0.024663,0.207102,0.001127,0.009993,0.242885
1,measurement,3,21,-1.7998999999999998e-05,0.02444,0.207223,0.001141,0.009961,0.24276499999999998
1,measurement,3,22,-1.7398999999999997e-05,0.019771,0.207285,0.001125,0.009938,0.238119
1,measurement,3,23,-1.6799e-05,0.019422,0.207368,0.001125,0.009923,0.23783799999999997
1,measurement,3,24,-1.6199e-05,0.019531,0.207198,0.001126,0.009983,0.23783799999999997
1,measurement,3,25,-1.5599e-05,0.019483,0.207568,0.00113,0.009937,0.238118
1,measurement,3,26,-1.4998999999999998e-05,0.015069,0.207348,0.001127,0.009955,0.23349899999999998
1,measurement,3,27,-1.4398999999999997e-05,0.015034,0.207343,0.00112,0.009958,0.233455
1,measurement,3,28,-1.3798999999999996e-05,0.015132,0.207188,0.001125,0.009948,0.23339300000000002
1,measurement,3,29,-1.3198999999999998e-05,0.014941,0.207489,0.001123,0.009942,0.23349500000000004
1,measurement,3,30,-1.2598999999999997e-05,0.015092,0.207433,0.001124,0.009929,0.23357799999999998
1,measurement,3,31,-1.1998999999999996e-05,0.011304,0.207312,0.001125,0.00991,0.229651
1,measurement,3,32,-1.1398999999999999e-05,0.011335,0.207148,0.001124,0.00989,0.229497
1,measurement,3,33,-1.0798999999999998e-05,0.011287,0.207501,0.001126,0.009989,0.22990299999999997
1,measurement,3,34,-1.0198999999999997e-05,0.011365,0.207325,0.001129,0.009932,0.22975099999999998
1,measurement,3,35,-9.598999999999999e-06,0.008206,0.207569,0.001132,0.009939,0.226846
1,measurement,3,36,-8.998999999999998e-06,0.012368,0.207164,0.001119,0.00992,0.230571
1,measurement,3,37,-8.398999999999997e-06,0.008258,0.207423,0.001116,0.009858,0.226655
1,measurement,3,38,-7.799e-06,0.008131,0.207305,0.001125,0.009978,0.226539
1,measurement,3,39,-7.198999999999999e-06,0.005703,0.207583,0.001124,0.009947,0.224357
1,measurement,3,40,-6.598999999999998e-06,0.00572,0.207263,0.001118,0.009946,0.22404700000000002
1,measurement,3,41,-5.998999999999997e-06,0.005599,0.207353,0.001129,0.009902,0.223983
1,measurement,3,42,-5.3989999999999995e-06,0.005715,0.207386,0.001126,0.009923,0.22414999999999996
1,measurement,3,43,-4.7989999999999984e-06,0.003871,0.207227,0.001124,0.009968,0.22219000000000003
1,measurement,3,44,-4.198999999999997e-06,0.003874,0.207231,0.001125,0.009935,0.22216499999999997
1,measurement,3,45,-3.5989999999999993e-06,0.006507,0.207137,0.001129,0.00995,0.224723
1,measurement,3,46,-2.9989999999999983e-06,0.003935,0.207216,0.001123,0.009844,0.222118
1,measurement,3,47,-2.3989999999999973e-06,0.003793,0.207308,0.001135,0.009919,0.222155
1,measurement,3,48,-1.7989999999999996e-06,0.003964,0.2073,0.001131,0.00993,0.222325
1,measurement,3,49,-1.1989999999999986e-06,0.003901,0.207253,0.001129,0.010007,0.22228999999999996
1,measurement,3,50,-5.989999999999977e-07,0.003896,0.207219,0.001126,0.009925,0.22216599999999997
1,measurement,3,51,1e-09,0.003838,0.207435,0.001128,0.009912,0.222313
1,measurement,3,52,6.009999999999976e-07,0.003907,0.207219,0.001124,0.009938,0.222188
1,measurement,3,53,1.2009999999999988e-06,0.003884,0.207302,0.001123,0.009955,0.222264
1,measurement,3,54,1.8009999999999998e-06,0.00925,0.20722,0.001136,0.009927,0.22753299999999999
1,measurement,3,55,2.4009999999999974e-06,0.004109,0.207201,0.001123,0.009973,0.22240600000000002
1,measurement,3,56,3.0009999999999985e-06,0.003886,0.207037,0.001126,0.00992,0.221969
1,measurement,3,57,3.6009999999999995e-06,0.00399,0.207403,0.001131,0.00996,0.222484
1,measurement,3,58,4.200999999999997e-06,0.003894,0.207288,0.001124,0.009949,0.22225499999999998
1,measurement,3,59,4.800999999999998e-06,0.003961,0.207275,0.001123,0.009954,0.22231299999999998
1,measurement,3,60,5.400999999999999e-06,0.005575,0.207166,0.001122,0.009971,0.223834
1,measurement,3,61,6.000999999999996e-06,0.005646,0.207432,0.001128,0.009946,0.22415200000000002
1,measurement,3,62,6.6009999999999974e-06,0.005682,0.207226,0.001122,0.009935,0.223965
1,measurement,3,63,7.2009999999999985e-06,0.00561,0.207539,0.001128,0.009995,0.224272
1,measurement,3,64,7.801e-06,0.008214,0.207431,0.001123,0.009933,0.226701
1,measurement,3,65,8.400999999999998e-06,0.008173,0.207357,0.001127,0.009959,0.22661599999999998
1,measurement,3,66,9.000999999999999e-06,0.008195,0.207445,0.001131,0.009887,0.226658
1,measurement,3,67,9.601e-06,0.00821,0.20731,0.001127,0.009934,0.22658099999999998
1,measurement,3,68,1.0200999999999998e-05,0.011344,0.207178,0.001125,0.009937,0.22958399999999998
1,measurement,3,69,1.0800999999999999e-05,0.011232,0.207346,0.001126,0.009946,0.22965
1,measurement,3,70,1.1401e-05,0.011434,0.207238,0.001123,0.009927,0.229722
1,measurement,3,71,1.2000999999999997e-05,0.011213,0.20742,0.001123,0.00993,0.229686
1,measurement,3,72,1.2600999999999998e-05,0.016654,0.207199,0.00113,0.009951,0.23493399999999998
1,measurement,3,73,1.3201e-05,0.015066,0.207325,0.001123,0.009941,0.23345500000000002
1,measurement,3,74,1.3800999999999997e-05,0.01514,0.207259,0.001125,0.009968,0.233492
1,measurement,3,75,1.4400999999999998e-05,0.015072,0.207426,0.001129,0.009925,0.23355199999999998
1,measurement,3,76,1.5001e-05,0.019547,0.207288,0.001129,0.009949,0.23791299999999999
1,measurement,3,77,1.5601e-05,0.019559,0.20722,0.001123,0.009945,0.237847
1,measurement,3,78,1.6200999999999996e-05,0.019487,0.207156,0.001122,0.009919,0.23768400000000003
1,measurement,3,79,1.6800999999999997e-05,0.019648,0.207583,0.001127,0.009981,0.23833899999999997
1,measurement,3,80,1.7400999999999995e-05,0.019726,0.207135,0.001126,0.009939,0.237926
1,measurement,3,81,1.8000999999999996e-05,0.024528,0.207237,0.001123,0.009921,0.242809
1,measurement,3,82,1.8600999999999997e-05,0.024436,0.20733,0.001122,0.009897,0.24278499999999997
1,measurement,3,83,1.9200999999999998e-05,0.024573,0.207207,0.00113,0.009911,0.242821
1,measurement,3,84,1.9801e-05,0.02432,0.207626,0.001126,0.009996,0.243068
1,measurement,3,85,2.0400999999999997e-05,0.030651,0.207855,0.001127,0.010011,0.249644
1,measurement,3,86,2.1000999999999994e-05,0.030471,0.207715,0.001129,0.009967,0.249282
1,measurement,3,87,2.1600999999999995e-05,0.030623,0.207686,0.00113,0.010022,0.24946100000000002
1,measurement,3,88,2.2200999999999996e-05,0.030629,0.207317,0.001119,0.009956,0.249021
1,measurement,3,89,2.2800999999999997e-05,0.037226,0.208087,0.001124,0.009894,0.25633100000000003
1,measurement,3,90,2.3401e-05,0.036861,0.20802,0.001128,0.009944,0.255953
1,measurement,3,91,2.4000999999999996e-05,0.037039,0.208088,0.001126,0.010005,0.256258
1,measurement,3,92,2.4600999999999997e-05,0.036859,0.20777,0.001122,0.009989,0.25574
1,measurement,3,93,2.5200999999999995e-05,0.044155,0.207962,0.001134,0.009892,0.26314300000000007
1,measurement,3,94,2.5800999999999996e-05,0.044235,0.207752,0.001126,0.009935,0.26304799999999995
1,measurement,3,95,2.6400999999999997e-05,0.04435,0.207919,0.001121,0.009927,0.26331699999999997
1,measurement,3,96,2.7000999999999998e-05,0.044243,0.207983,0.001129,0.00998,0.263335
1,measurement,3,97,2.7600999999999995e-05,0.051692,0.207921,0.001128,0.009961,0.270702
1,measurement,3,98,2.8200999999999996e-05,0.051824,0.207802,0.001128,0.00995,0.270704
1,measurement,3,99,2.8800999999999998e-05,0.051899,0.208102,0.001123,0.009973,0.27109700000000003
1,measurement,3,100,2.9400999999999995e-05,0.051693,0.207855,0.001155,0.009907,0.27061
1,measurement,3,101,3.0000999999999996e-05,0.051957,0.207833,0.001126,0.009946,0.270862
1,measurement,4,1,-2.9999e-05,0.060655,0.208095,0.001135,0.009898,0.279783
1,measurement,4,2,-2.9398999999999998e-05,0.052735,0.208137,0.001136,0.009983,0.27199100000000004
1,measurement,4,3,-2.8799e-05,0.052389,0.208007,0.001131,0.009975,0.271502
1,measurement,4,4,-2.8199e-05,0.056774,0.207958,0.001126,0.010004,0.27586200000000005
1,measurement,4,5,-2.7598999999999998e-05,0.051862,0.207893,0.001129,0.009905,0.270789
1,measurement,4,6,-2.6999e-05,0.044348,0.207969,0.001125,0.010019,0.263461
1,measurement,4,7,-2.6399e-05,0.044273,0.208042,0.001126,0.009908,0.26334900000000006
1,measurement,4,8,-2.5798999999999998e-05,0.044618,0.207709,0.001126,0.009925,0.26337800000000006
1,measurement,4,9,-2.5198999999999997e-05,0.044133,0.207836,0.001128,0.009949,0.263046
1,measurement,4,10,-2.4599e-05,0.037289,0.207871,0.001124,0.010016,0.25630000000000003
1,measurement,4,11,-2.3999e-05,0.037101,0.207618,0.001128,0.00993,0.255777
1,measurement,4,12,-2.3399e-05,0.037169,0.207709,0.00113,0.009966,0.255974
1,measurement,4,13,-2.2799e-05,0.037163,0.207798,0.001128,0.009896,0.255985
1,measurement,4,14,-2.2199e-05,0.030501,0.207387,0.001126,0.009961,0.24897499999999997
1,measurement,4,15,-2.1598999999999998e-05,0.030403,0.207711,0.001128,0.009971,0.249213
1,measurement,4,16,-2.0998999999999997e-05,0.030607,0.207312,0.00113,0.009927,0.24897599999999998
1,measurement,4,17,-2.0399e-05,0.030533,0.207868,0.001124,0.009931,0.24945599999999998
1,measurement,4,18,-1.9799e-05,0.025961,0.207263,0.001131,0.009956,0.244311
1,measurement,4,19,-1.9199e-05,0.024498,0.207154,0.001123,0.009901,0.242676
1,measurement,4,20,-1.8599e-05,0.024537,0.207139,0.001123,0.009966,0.242765
1,measurement,4,21,-1.7998999999999998e-05,0.024537,0.207378,0.001126,0.009954,0.242995
1,measurement,4,22,-1.7398999999999997e-05,0.019558,0.207478,0.001128,0.009973,0.238137
1,measurement,4,23,-1.6799e-05,0.019563,0.207303,0.00113,0.009886,0.23788199999999998
1,measurement,4,24,-1.6199e-05,0.019564,0.207192,0.001122,0.009924,0.23780199999999999
1,measurement,4,25,-1.5599e-05,0.019598,0.207486,0.001119,0.00994,0.23814300000000002
1,measurement,4,26,-1.4998999999999998e-05,0.014947,0.207601,0.001121,0.00994,0.233609
1,measurement,4,27,-1.4398999999999997e-05,0.016937,0.207306,0.001125,0.009914,0.235282
1,measurement,4,28,-1.3798999999999996e-05,0.01508,0.207443,0.001124,0.009962,0.23360899999999998
1,measurement,4,29,-1.3198999999999998e-05,0.015107,0.207225,0.001123,0.009861,0.23331600000000002
1,measurement,4,30,-1.2598999999999997e-05,0.015277,0.207632,0.001126,0.009971,0.23400600000000002
1,measurement,4,31,-1.1998999999999996e-05,0.011288,0.207556,0.001124,0.009878,0.229846
1,measurement,4,32,-1.1398999999999999e-05,0.011342,0.20722,0.001124,0.009978,0.22966399999999998
1,measurement,4,33,-1.0798999999999998e-05,0.011327,0.207318,0.001124,0.009952,0.22972099999999998
1,measurement,4,34,-1.0198999999999997e-05,0.01126,0.207549,0.00112,0.009899,0.229828
1,measurement,4,35,-9.598999999999999e-06,0.008199,0.207358,0.001131,0.009975,0.226663
1,measurement,4,36,-8.998999999999998e-06,0.008145,0.207493,0.001126,0.009857,0.226621
1,measurement,4,37,-8.398999999999997e-06,0.008184,0.207247,0.001131,0.009984,0.22654599999999997
1,measurement,4,38,-7.799e-06,0.008109,0.207479,0.001124,0.009962,0.22667400000000001
1,measurement,4,39,-7.198999999999999e-06,0.005758,0.207347,0.001128,0.00989,0.22412300000000002
1,measurement,4,40,-6.598999999999998e-06,0.005633,0.207363,0.001122,0.009933,0.224051
1,measurement,4,41,-5.998999999999997e-06,0.005652,0.20743,0.001132,0.009956,0.22416999999999998
1,measurement,4,42,-5.3989999999999995e-06,0.005672,0.207552,0.001121,0.009929,0.224274
1,measurement,4,43,-4.7989999999999984e-06,0.003914,0.20735,0.001126,0.00998,0.22236999999999998
1,measurement,4,44,-4.198999999999997e-06,0.003854,0.207284,0.00113,0.009893,0.222161
1,measurement,4,45,-3.5989999999999993e-06,0.003965,0.207,0.00112,0.010005,0.22209
1,measurement,4,46,-2.9989999999999983e-06,0.004165,0.207371,0.001125,0.009902,0.22256299999999998
1,measurement,4,47,-2.3989999999999973e-06,0.003892,0.20733,0.001125,0.009942,0.222289
1,measurement,4,48,-1.7989999999999996e-06,0.003907,0.207434,0.001131,0.009952,0.22242399999999998
1,measurement,4,49,-1.1989999999999986e-06,0.003889,0.207192,0.001126,0.009941,0.22214799999999998
1,measurement,4,50,-5.989999999999977e-07,0.003897,0.20708,0.00113,0.009972,0.222079
1,measurement,4,51,1e-09,0.003867,0.207281,0.001125,0.009887,0.22216
1,measurement,4,52,6.009999999999976e-07,0.003899,0.207101,0.001121,0.009934,0.22205500000000003
1,measurement,4,53,1.2009999999999988e-06,0.003874,0.207097,0.001122,0.009911,0.222004
1,measurement,4,54,1.8009999999999998e-06,0.003817,0.207257,0.001122,0.009865,0.222061
1,measurement,4,55,2.4009999999999974e-06,0.003892,0.207513,0.001128,0.010013,0.222546
1,measurement,4,56,3.0009999999999985e-06,0.003926,0.207222,0.001125,0.009971,0.222244
1,measurement,4,57,3.6009999999999995e-06,0.003887,0.207081,0.001121,0.009932,0.222021
1,measurement,4,58,4.200999999999997e-06,0.003818,0.20732,0.001121,0.009942,0.222201
1,measurement,4,59,4.800999999999998e-06,0.00392,0.207306,0.001126,0.009914,0.222266
1,measurement,4,60,5.400999999999999e-06,0.00574,0.207357,0.001122,0.009957,0.22417600000000001
1,measurement,4,61,6.000999999999996e-06,0.005667,0.207441,0.00113,0.009853,0.22409099999999998
1,measurement,4,62,6.6009999999999974e-06,0.005684,0.207499,0.00112,0.009911,0.224214
1,measurement,4,63,7.2009999999999985e-06,0.00834,0.207216,0.001128,0.009927,0.226611
1,measurement,4,64,7.801e-06,0.008074,0.207443,0.00113,0.0099,0.22654699999999997
1,measurement,4,65,8.400999999999998e-06,0.008256,0.207219,0.001124,0.009974,0.226573
1,measurement,4,66,9.000999999999999e-06,0.008086,0.207514,0.001127,0.009934,0.226661
1,measurement,4,67,9.601e-06,0.00818,0.207314,0.001131,0.009948,0.226573
1,measurement,4,68,1.0200999999999998e-05,0.011287,0.207321,0.001129,0.009929,0.22966599999999998
1,measurement,4,69,1.0800999999999999e-05,0.011295,0.207367,0.001123,0.009928,0.229713
1,measurement,4,70,1.1401e-05,0.011469,0.207454,0.001128,0.009954,0.230005
1,measurement,4,71,1.2000999999999997e-05,0.011212,0.20737,0.001122,0.009913,0.22961700000000002
1,measurement,4,72,1.2600999999999998e-05,0.015136,0.207366,0.00112,0.009979,0.233601
1,measurement,4,73,1.3201e-05,0.015138,0.207301,0.001121,0.009925,0.23348500000000003
1,measurement,4,74,1.3800999999999997e-05,0.01503,0.207342,0.001126,0.009917,0.23341499999999998
1,measurement,4,75,1.4400999999999998e-05,0.015059,0.207415,0.001126,0.009911,0.23351099999999997
1,measurement,4,76,1.5001e-05,0.019524,0.207556,0.001125,0.009955,0.23815999999999998
1,measurement,4,77,1.5601e-05,0.019531,0.207364,0.001127,0.009871,0.23789299999999997
1,measurement,4,78,1.6200999999999996e-05,0.019567,0.207415,0.001128,0.009954,0.23806399999999997
1,measurement,4,79,1.6800999999999997e-05,0.01948,0.207357,0.001121,0.009878,0.23783600000000002
1,measurement,4,80,1.7400999999999995e-05,0.021187,0.20713,0.001127,0.009984,0.239428
1,measurement,4,81,1.8000999999999996e-05,0.024545,0.20716,0.001123,0.009881,0.24270900000000004
1,measurement,4,82,1.8600999999999997e-05,0.024615,0.207443,0.001122,0.009946,0.243126
1,measurement,4,83,1.9200999999999998e-05,0.024338,0.207149,0.001128,0.009863,0.242478
1,measurement,4,84,1.9801e-05,0.024476,0.207216,0.001121,0.009966,0.24277900000000002
1,measurement,4,85,2.0400999999999997e-05,0.030572,0.207356,0.001125,0.009933,0.24898599999999999
1,measurement,4,86,2.1000999999999994e-05,0.030466,0.207739,0.001124,0.010009,0.249338
1,measurement,4,87,2.1600999999999995e-05,0.030763,0.207246,0.001123,0.009911,0.24904300000000004
1,measurement,4,88,2.2200999999999996e-05,0.030479,0.207836,0.001126,0.009997,0.249438
1,measurement,4,89,2.2800999999999997e-05,0.036992,0.207871,0.001127,0.009934,0.255924
1,measurement,4,90,2.3401e-05,0.036821,0.207936,0.001124,0.010018,0.25589900000000004
1,measurement,4,91,2.4000999999999996e-05,0.037008,0.207861,0.001123,0.009988,0.25598000000000004
1,measurement,4,92,2.4600999999999997e-05,0.037307,0.207728,0.001126,0.010007,0.256168
1,measurement,4,93,2.5200999999999995e-05,0.044213,0.207989,0.001124,0.009939,0.263265
1,measurement,4,94,2.5800999999999996e-05,0.043954,0.207902,0.001128,0.009931,0.26291500000000007
1,measurement,4,95,2.6400999999999997e-05,0.04416,0.207739,0.001129,0.009937,0.26296499999999995
1,measurement,4,96,2.7000999999999998e-05,0.044427,0.207994,0.001127,0.009958,0.263506
1,measurement,4,97,2.7600999999999995e-05,0.05156,0.207849,0.001123,0.009988,0.27052
1,measurement,4,98,2.8200999999999996e-05,0.051751,0.20817,0.001126,0.009917,0.27096400000000004
1,measurement,4,99,2.8800999999999998e-05,0.051733,0.207994,0.001129,0.009973,0.27082900000000004
1,measurement,4,100,2.9400999999999995e-05,0.0515,0.207777,0.001129,0.009951,0.27035699999999996
1,measurement,4,101,3.0000999999999996e-05,0.051804,0.208002,0.001127,0.010008,0.270941
1,measurement,5,1,-2.9999e-05,0.060637,0.208109,0.001131,0.00991,0.27978699999999995
1,measurement,5,2,-2.9398999999999998e-05,0.052244,0.208031,0.001128,0.009973,0.271376
1,measurement,5,3,-2.8799e-05,0.052154,0.208139,0.001133,0.009916,0.27134199999999997
1,measurement,5,4,-2.8199e-05,0.056388,0.207681,0.001126,0.010016,0.27521100000000004
1,measurement,5,5,-2.7598999999999998e-05,0.05177,0.207983,0.001131,0.009926,0.27081
1,measurement,5,6,-2.6999e-05,0.043929,0.208369,0.001149,0.010067,0.263514
1,measurement,5,7,-2.6399e-05,0.045396,0.208161,0.001131,0.009931,0.26461900000000005
1,measurement,5,8,-2.5798999999999998e-05,0.044085,0.207755,0.001129,0.009989,0.262958
1,measurement,5,9,-2.5198999999999997e-05,0.044059,0.207915,0.001136,0.00995,0.26306
1,measurement,5,10,-2.4599e-05,0.037215,0.207756,0.001124,0.009959,0.256054
1,measurement,5,11,-2.3999e-05,0.037129,0.207802,0.001135,0.009874,0.25594
1,measurement,5,12,-2.3399e-05,0.036965,0.207591,0.001131,0.010006,0.255693
1,measurement,5,13,-2.2799e-05,0.037096,0.207749,0.001128,0.009923,0.25589599999999996
1,measurement,5,14,-2.2199e-05,0.030564,0.207339,0.001123,0.009928,0.248954
1,measurement,5,15,-2.1598999999999998e-05,0.030413,0.207827,0.001122,0.009952,0.249314
1,measurement,5,16,-2.0998999999999997e-05,0.030834,0.207109,0.001125,0.009967,0.24903499999999998
1,measurement,5,17,-2.0399e-05,0.030484,0.207964,0.001126,0.009978,0.249552
1,measurement,5,18,-1.9799e-05,0.024732,0.207244,0.001127,0.009962,0.243065
1,measurement,5,19,-1.9199e-05,0.024486,0.207309,0.001129,0.009868,0.24279199999999998
1,measurement,5,20,-1.8599e-05,0.024479,0.207067,0.001173,0.010141,0.24286000000000002
1,measurement,5,21,-1.7998999999999998e-05,0.024526,0.20734,0.001127,0.009919,0.242912
1,measurement,5,22,-1.7398999999999997e-05,0.019476,0.20736,0.001124,0.009941,0.237901
1,measurement,5,23,-1.6799e-05,0.019665,0.20754,0.001122,0.009875,0.238202
1,measurement,5,24,-1.6199e-05,0.019612,0.207176,0.001123,0.009907,0.237818
1,measurement,5,25,-1.5599e-05,0.019539,0.207318,0.001122,0.009943,0.23792200000000002
1,measurement,5,26,-1.4998999999999998e-05,0.014957,0.207437,0.001123,0.009931,0.23344800000000002
1,measurement,5,27,-1.4398999999999997e-05,0.015065,0.20742,0.001125,0.009918,0.23352799999999999
1,measurement,5,28,-1.3798999999999996e-05,0.01503,0.207173,0.001123,0.009946,0.233272
1,measurement,5,29,-1.3198999999999998e-05,0.015083,0.2074,0.001118,0.009934,0.233535
1,measurement,5,30,-1.2598999999999997e-05,0.015088,0.207306,0.001124,0.00995,0.233468
1,measurement,5,31,-1.1998999999999996e-05,0.011299,0.207746,0.001124,0.009914,0.230083
1,measurement,5,32,-1.1398999999999999e-05,0.011329,0.207163,0.001127,0.009904,0.229523
1,measurement,5,33,-1.0798999999999998e-05,0.011319,0.207444,0.001122,0.009973,0.229858
1,measurement,5,34,-1.0198999999999997e-05,0.011422,0.207316,0.001119,0.009912,0.229769
1,measurement,5,35,-9.598999999999999e-06,0.0082,0.20745,0.001126,0.009938,0.226714
1,measurement,5,36,-8.998999999999998e-06,0.008075,0.207234,0.001127,0.009883,0.226319
1,measurement,5,37,-8.398999999999997e-06,0.008261,0.207464,0.001122,0.009936,0.226783
1,measurement,5,38,-7.799e-06,0.008099,0.207403,0.001125,0.009925,0.22655199999999998
1,measurement,5,39,-7.198999999999999e-06,0.005676,0.207594,0.001123,0.009925,0.224318
1,measurement,5,40,-6.598999999999998e-06,0.005625,0.207174,0.001127,0.009877,0.22380299999999997
1,measurement,5,41,-5.998999999999997e-06,0.005574,0.207434,0.001124,0.009886,0.224018
1,measurement,5,42,-5.3989999999999995e-06,0.005694,0.207318,0.001126,0.009874,0.224012
1,measurement,5,43,-4.7989999999999984e-06,0.003979,0.207424,0.001125,0.009923,0.22245099999999998
1,measurement,5,44,-4.198999999999997e-06,0.003817,0.207037,0.001123,0.009882,0.221859
1,measurement,5,45,-3.5989999999999993e-06,0.003869,0.207346,0.001121,0.009936,0.22227200000000003
1,measurement,5,46,-2.9989999999999983e-06,0.003843,0.207176,0.001129,0.009878,0.222026
1,measurement,5,47,-2.3989999999999973e-06,0.003894,0.207565,0.001129,0.009896,0.222484
1,measurement,5,48,-1.7989999999999996e-06,0.003847,0.207158,0.001124,0.010005,0.222134
1,measurement,5,49,-1.1989999999999986e-06,0.003899,0.207355,0.001125,0.009944,0.22232300000000002
1,measurement,5,50,-5.989999999999977e-07,0.003869,0.207218,0.00113,0.009966,0.22218300000000002
1,measurement,5,51,1e-09,0.003884,0.207526,0.001137,0.010006,0.22255299999999997
1,measurement,5,52,6.009999999999976e-07,0.00386,0.207269,0.001128,0.009845,0.222102
1,measurement,5,53,1.2009999999999988e-06,0.003864,0.207391,0.001119,0.009968,0.222342
1,measurement,5,54,1.8009999999999998e-06,0.003798,0.207198,0.001122,0.009883,0.222001
1,measurement,5,55,2.4009999999999974e-06,0.003875,0.207517,0.001128,0.009972,0.222492
1,measurement,5,56,3.0009999999999985e-06,0.003895,0.207174,0.00112,0.00991,0.22209900000000002
1,measurement,5,57,3.6009999999999995e-06,0.003899,0.207383,0.001126,0.009999,0.22240700000000002
1,measurement,5,58,4.200999999999997e-06,0.003814,0.207208,0.001124,0.009891,0.222037
1,measurement,5,59,4.800999999999998e-06,0.003891,0.207409,0.001122,0.009855,0.22227700000000003
1,measurement,5,60,5.400999999999999e-06,0.005725,0.207237,0.001126,0.009907,0.223995
1,measurement,5,61,6.000999999999996e-06,0.005633,0.207362,0.001127,0.009929,0.22405099999999997
1,measurement,5,62,6.6009999999999974e-06,0.005645,0.207364,0.001127,0.009893,0.224029
1,measurement,5,63,7.2009999999999985e-06,0.005661,0.207484,0.00112,0.009899,0.224164
1,measurement,5,64,7.801e-06,0.008162,0.20729,0.001133,0.00994,0.226525
1,measurement,5,65,8.400999999999998e-06,0.008247,0.207598,0.001125,0.009964,0.226934
1,measurement,5,66,9.000999999999999e-06,0.008152,0.207319,0.001123,0.009913,0.22650700000000001
1,measurement,5,67,9.601e-06,0.008164,0.207633,0.001119,0.009886,0.22680200000000003
1,measurement,5,68,1.0200999999999998e-05,0.011368,0.207181,0.001128,0.009932,0.22960899999999998
1,measurement,5,69,1.0800999999999999e-05,0.011377,0.207305,0.001117,0.009911,0.22971
1,measurement,5,70,1.1401e-05,0.011212,0.207342,0.001139,0.009869,0.229562
1,measurement,5,71,1.2000999999999997e-05,0.01155,0.207551,0.001129,0.009924,0.230154
1,measurement,5,72,1.2600999999999998e-05,0.015261,0.207192,0.00112,0.009926,0.23349899999999998
1,measurement,5,73,1.3201e-05,0.015102,0.207323,0.001119,0.009942,0.23348600000000003
1,measurement,5,74,1.3800999999999997e-05,0.014997,0.207466,0.001122,0.009939,0.23352400000000004
1,measurement,5,75,1.4400999999999998e-05,0.014962,0.207485,0.001123,0.009912,0.23348200000000002
1,measurement,5,76,1.5001e-05,0.019495,0.207189,0.001121,0.00994,0.237745
1,measurement,5,77,1.5601e-05,0.019556,0.207467,0.001122,0.009896,0.238041
1,measurement,5,78,1.6200999999999996e-05,0.019498,0.207282,0.001124,0.009943,0.237847
1,measurement,5,79,1.6800999999999997e-05,0.01952,0.207464,0.001122,0.009908,0.23801400000000003
1,measurement,5,80,1.7400999999999995e-05,0.019555,0.207276,0.001125,0.009919,0.23787499999999998
1,measurement,5,81,1.8000999999999996e-05,0.024406,0.207362,0.001127,0.009903,0.24279799999999999
1,measurement,5,82,1.8600999999999997e-05,0.024584,0.207622,0.001123,0.009965,0.243294
1,measurement,5,83,1.9200999999999998e-05,0.024593,0.207436,0.001128,0.00988,0.243037
1,measurement,5,84,1.9801e-05,0.024419,0.20709,0.001125,0.009934,0.24256799999999998
1,measurement,5,85,2.0400999999999997e-05,0.030577,0.207933,0.001126,0.009903,0.24953899999999998
1,measurement,5,86,2.1000999999999994e-05,0.030631,0.207712,0.001128,0.009927,0.24939799999999998
1,measurement,5,87,2.1600999999999995e-05,0.030494,0.208066,0.001125,0.009936,0.24962099999999998
1,measurement,5,88,2.2200999999999996e-05,0.030578,0.207642,0.001126,0.00993,0.24927599999999997
1,measurement,5,89,2.2800999999999997e-05,0.037072,0.207834,0.001127,0.00992,0.255953
1,measurement,5,90,2.3401e-05,0.037169,0.207658,0.001124,0.00993,0.255881
1,measurement,5,91,2.4000999999999996e-05,0.037147,0.207964,0.001124,0.009912,0.256147
1,measurement,5,92,2.4600999999999997e-05,0.037256,0.2077,0.001126,0.009998,0.25608
1,measurement,5,93,2.5200999999999995e-05,0.04415,0.208019,0.001128,0.009909,0.26320600000000005
1,measurement,5,94,2.5800999999999996e-05,0.044276,0.207924,0.001132,0.009978,0.26331
1,measurement,5,95,2.6400999999999997e-05,0.044356,0.208035,0.001128,0.009922,0.263441
1,measurement,5,96,2.7000999999999998e-05,0.044493,0.20758,0.001125,0.009988,0.263186
1,measurement,5,97,2.7600999999999995e-05,0.052294,0.207838,0.001128,0.009925,0.271185
1,measurement,5,98,2.8200999999999996e-05,0.051733,0.208011,0.001124,0.009933,0.270801
1,measurement,5,99,2.8800999999999998e-05,0.051868,0.208049,0.001125,0.009948,0.27099
1,measurement,5,100,2.9400999999999995e-05,0.051865,0.208185,0.001133,0.009921,0.271104
1,measurement,5,101,3.0000999999999996e-05,0.051889,0.208227,0.001127,0.009958,0.271201
1,measurement,6,1,-2.9999e-05,0.060666,0.208009,0.001129,0.009933,0.279737
1,measurement,6,2,-2.9398999999999998e-05,0.055083,0.207789,0.001129,0.009969,0.27397
1,measurement,6,3,-2.8799e-05,0.052477,0.207852,0.001129,0.009935,0.271393
1,measurement,6,4,-2.8199e-05,0.056568,0.207638,0.001125,0.010006,0.275337
1,measurement,6,5,-2.7598999999999998e-05,0.051955,0.207781,0.001128,0.009991,0.27085499999999996
1,measurement,6,6,-2.6999e-05,0.044301,0.207798,0.00113,0.009904,0.26313300000000006
1,measurement,6,7,-2.6399e-05,0.04417,0.207928,0.001128,0.01001,0.263236
1,measurement,6,8,-2.5798999999999998e-05,0.044275,0.207642,0.001122,0.009988,0.263027
1,measurement,6,9,-2.5198999999999997e-05,0.044244,0.207853,0.001138,0.009989,0.263224
1,measurement,6,10,-2.4599e-05,0.037703,0.207665,0.001121,0.009976,0.256465
1,measurement,6,11,-2.3999e-05,0.037176,0.207632,0.001124,0.009951,0.255883
1,measurement,6,12,-2.3399e-05,0.037218,0.207563,0.001122,0.009857,0.25576
1,measurement,6,13,-2.2799e-05,0.037125,0.207761,0.001128,0.009935,0.255949
1,measurement,6,14,-2.2199e-05,0.030492,0.207719,0.001122,0.010006,0.24933899999999998
1,measurement,6,15,-2.1598999999999998e-05,0.030561,0.207669,0.001123,0.009989,0.249342
1,measurement,6,16,-2.0998999999999997e-05,0.030645,0.207,0.001121,0.009962,0.248728
1,measurement,6,17,-2.0399e-05,0.030356,0.207824,0.001131,0.009996,0.249307
1,measurement,6,18,-1.9799e-05,0.025335,0.20704,0.001125,0.009898,0.24339799999999998
1,measurement,6,19,-1.9199e-05,0.024423,0.207021,0.00112,0.009917,0.24248100000000003
1,measurement,6,20,-1.8599e-05,0.024513,0.207035,0.001126,0.009947,0.242621
1,measurement,6,21,-1.7998999999999998e-05,0.024445,0.20738,0.001123,0.009944,0.24289200000000002
1,measurement,6,22,-1.7398999999999997e-05,0.019589,0.207212,0.001123,0.009908,0.23783200000000002
1,measurement,6,23,-1.6799e-05,0.019463,0.207346,0.001128,0.009958,0.237895
1,measurement,6,24,-1.6199e-05,0.019513,0.207271,0.001124,0.009874,0.237782
1,measurement,6,25,-1.5599e-05,0.019452,0.207227,0.001124,0.01,0.237803
1,measurement,6,26,-1.4998999999999998e-05,0.016722,0.20724,0.001131,0.009953,0.23504599999999998
1,measurement,6,27,-1.4398999999999997e-05,0.01495,0.207337,0.001126,0.009906,0.23331899999999997
1,measurement,6,28,-1.3798999999999996e-05,0.014988,0.206996,0.001137,0.009972,0.23309300000000002
1,measurement,6,29,-1.3198999999999998e-05,0.015226,0.207305,0.001124,0.00998,0.23363499999999998
1,measurement,6,30,-1.2598999999999997e-05,0.015114,0.207212,0.001123,0.009878,0.233327
1,measurement,6,31,-1.1998999999999996e-05,0.011231,0.207218,0.001127,0.009937,0.229513
1,measurement,6,32,-1.1398999999999999e-05,0.011293,0.207188,0.001121,0.009915,0.22951700000000003
1,measurement,6,33,-1.0798999999999998e-05,0.011392,0.207408,0.001124,0.009926,0.22985
1,measurement,6,34,-1.0198999999999997e-05,0.011225,0.207254,0.001121,0.009965,0.22956500000000002
1,measurement,6,35,-9.598999999999999e-06,0.008167,0.207167,0.001125,0.00989,0.226349
1,measurement,6,36,-8.998999999999998e-06,0.008128,0.207251,0.001128,0.009937,0.22644399999999998
1,measurement,6,37,-8.398999999999997e-06,0.008266,0.207445,0.001128,0.009945,0.22678399999999999
1,measurement,6,38,-7.799e-06,0.00816,0.207362,0.001121,0.009951,0.226594
1,measurement,6,39,-7.198999999999999e-06,0.005675,0.207478,0.001128,0.009944,0.224225
1,measurement,6,40,-6.598999999999998e-06,0.005686,0.206976,0.001122,0.009899,0.223683
1,measurement,6,41,-5.998999999999997e-06,0.005743,0.207294,0.001127,0.009965,0.224129
1,measurement,6,42,-5.3989999999999995e-06,0.00566,0.207294,0.001125,0.009926,0.22400499999999998
1,measurement,6,43,-4.7989999999999984e-06,0.003771,0.206752,0.001125,0.009971,0.22161899999999998
1,measurement,6,44,-4.198999999999997e-06,0.003878,0.207156,0.001121,0.009906,0.222061
1,measurement,6,45,-3.5989999999999993e-06,0.003878,0.207253,0.001128,0.009928,0.22218699999999997
1,measurement,6,46,-2.9989999999999983e-06,0.003878,0.207073,0.001126,0.010003,0.22208
1,measurement,6,47,-2.3989999999999973e-06,0.003848,0.207159,0.001126,0.009948,0.222081
1,measurement,6,48,-1.7989999999999996e-06,0.003903,0.207129,0.001129,0.009997,0.222158
1,measurement,6,49,-1.1989999999999986e-06,0.003892,0.207083,0.001121,0.009922,0.222018
1,measurement,6,50,-5.989999999999977e-07,0.003854,0.207171,0.001124,0.009858,0.22200699999999998
1,measurement,6,51,1e-09,0.003816,0.207256,0.001131,0.009959,0.22216199999999997
1,measurement,6,52,6.009999999999976e-07,0.003902,0.206771,0.001129,0.00994,0.221742
1,measurement,6,53,1.2009999999999988e-06,0.003863,0.207384,0.001124,0.009896,0.22226700000000002
1,measurement,6,54,1.8009999999999998e-06,0.003888,0.207174,0.001127,0.009955,0.22214399999999998
1,measurement,6,55,2.4009999999999974e-06,0.003874,0.207269,0.001121,0.009889,0.22215300000000002
1,measurement,6,56,3.0009999999999985e-06,0.003842,0.207078,0.00113,0.009975,0.22202500000000003
1,measurement,6,57,3.6009999999999995e-06,0.0039,0.207399,0.001124,0.009935,0.22235799999999997
1,measurement,6,58,4.200999999999997e-06,0.003863,0.20719,0.001126,0.009969,0.222148
1,measurement,6,59,4.800999999999998e-06,0.003901,0.207167,0.001128,0.009963,0.22215899999999997
1,measurement,6,60,5.400999999999999e-06,0.00569,0.207119,0.001128,0.009956,0.22389299999999998
1,measurement,6,61,6.000999999999996e-06,0.0056,0.207381,0.001126,0.009986,0.224093
1,measurement,6,62,6.6009999999999974e-06,0.005721,0.207413,0.001119,0.009931,0.224184
1,measurement,6,63,7.2009999999999985e-06,0.00571,0.207154,0.001125,0.009975,0.223964
1,measurement,6,64,7.801e-06,0.008056,0.207121,0.001124,0.009931,0.22623200000000002
1,measurement,6,65,8.400999999999998e-06,0.008188,0.207352,0.001123,0.009943,0.22660600000000003
1,measurement,6,66,9.000999999999999e-06,0.008196,0.207262,0.00112,0.009936,0.22651400000000002
1,measurement,6,67,9.601e-06,0.008202,0.207227,0.001126,0.009976,0.22653099999999998
1,measurement,6,68,1.0200999999999998e-05,0.011287,0.207163,0.001127,0.009945,0.229522
1,measurement,6,69,1.0800999999999999e-05,0.011283,0.20729,0.00112,0.009976,0.229669
1,measurement,6,70,1.1401e-05,0.011281,0.207319,0.001122,0.00989,0.22961200000000004
1,measurement,6,71,1.2000999999999997e-05,0.011297,0.20725,0.001127,0.009978,0.22965199999999997
1,measurement,6,72,1.2600999999999998e-05,0.015076,0.207068,0.001129,0.009877,0.23315
1,measurement,6,73,1.3201e-05,0.015003,0.207214,0.001125,0.009955,0.23329699999999998
1,measurement,6,74,1.3800999999999997e-05,0.014856,0.207267,0.001124,0.009988,0.23323500000000003
1,measurement,6,75,1.4400999999999998e-05,0.015066,0.207341,0.001124,0.009951,0.23348199999999997
1,measurement,6,76,1.5001e-05,0.019499,0.207088,0.001124,0.009888,0.237599
1,measurement,6,77,1.5601e-05,0.019637,0.20731,0.001124,0.009991,0.23806200000000002
1,measurement,6,78,1.6200999999999996e-05,0.019438,0.207235,0.001125,0.009976,0.237774
1,measurement,6,79,1.6800999999999997e-05,0.019609,0.207166,0.001121,0.009999,0.23789500000000002
1,measurement,6,80,1.7400999999999995e-05,0.019522,0.20769,0.001124,0.009936,0.23827200000000004
1,measurement,6,81,1.8000999999999996e-05,0.024569,0.207168,0.00112,0.009946,0.24280300000000002
1,measurement,6,82,1.8600999999999997e-05,0.024384,0.20708,0.001123,0.009868,0.24245499999999998
1,measurement,6,83,1.9200999999999998e-05,0.024654,0.207178,0.001121,0.009955,0.242908
1,measurement,6,84,1.9801e-05,0.024368,0.207178,0.001124,0.009936,0.242606
1,measurement,6,85,2.0400999999999997e-05,0.030636,0.20775,0.001125,0.009982,0.24949299999999996
1,measurement,6,86,2.1000999999999994e-05,0.030564,0.207507,0.001128,0.009963,0.249162
1,measurement,6,87,2.1600999999999995e-05,0.030552,0.207814,0.001124,0.009972,0.249462
1,measurement,6,88,2.2200999999999996e-05,0.030442,0.207569,0.001126,0.009972,0.249109
1,measurement,6,89,2.2800999999999997e-05,0.037158,0.207853,0.001128,0.009971,0.25611
1,measurement,6,90,2.3401e-05,0.03697,0.207725,0.001123,0.009943,0.255761
1,measurement,6,91,2.4000999999999996e-05,0.037084,0.20766,0.001123,0.010001,0.25586800000000004
1,measurement,6,92,2.4600999999999997e-05,0.037139,0.207605,0.00113,0.009995,0.255869
1,measurement,6,93,2.5200999999999995e-05,0.044452,0.207932,0.001131,0.010015,0.26353
1,measurement,6,94,2.5800999999999996e-05,0.044025,0.207755,0.001122,0.009907,0.262809
1,measurement,6,95,2.6400999999999997e-05,0.044045,0.207615,0.001123,0.009997,0.26277999999999996
1,measurement,6,96,2.7000999999999998e-05,0.04424,0.207653,0.001135,0.009968,0.262996
1,measurement,6,97,2.7600999999999995e-05,0.051798,0.207777,0.001129,0.009926,0.27063
1,measurement,6,98,2.8200999999999996e-05,0.05171,0.207955,0.001127,0.009922,0.27071399999999995
1,measurement,6,99,2.8800999999999998e-05,0.05159,0.207799,0.001129,0.009905,0.27042299999999997
1,measurement,6,100,2.9400999999999995e-05,0.051628,0.207569,0.00113,0.009928,0.270255
1,measurement,6,101,3.0000999999999996e-05,0.051621,0.208038,0.00113,0.010028,0.270817
1,measurement,7,1,-2.9999e-05,0.060568,0.207863,0.001133,0.009906,0.27947
1,measurement,7,2,-2.9398999999999998e-05,0.052656,0.207879,0.001132,0.009972,0.271639
1,measurement,7,3,-2.8799e-05,0.052266,0.207944,0.001124,0.00995,0.271284
1,measurement,7,4,-2.8199e-05,0.056487,0.208067,0.001133,0.009973,0.27566
1,measurement,7,5,-2.7598999999999998e-05,0.051814,0.208095,0.001128,0.009886,0.270923
1,measurement,7,6,-2.6999e-05,0.044166,0.208032,0.001124,0.009927,0.263249
1,measurement,7,7,-2.6399e-05,0.044181,0.207929,0.00113,0.009927,0.26316700000000004
1,measurement,7,8,-2.5798999999999998e-05,0.044079,0.207997,0.001134,0.009975,0.263185
1,measurement,7,9,-2.5198999999999997e-05,0.044144,0.208094,0.001129,0.009906,0.26327300000000003
1,measurement,7,10,-2.4599e-05,0.036963,0.208039,0.001138,0.009976,0.256116
1,measurement,7,11,-2.3999e-05,0.036958,0.208021,0.001125,0.009887,0.25599099999999997
1,measurement,7,12,-2.3399e-05,0.036869,0.207889,0.001128,0.009928,0.255814
1,measurement,7,13,-2.2799e-05,0.036846,0.207986,0.001123,0.009898,0.255853
1,measurement,7,14,-2.2199e-05,0.030449,0.207771,0.001125,0.010004,0.24934900000000002
1,measurement,7,15,-2.1598999999999998e-05,0.030712,0.207472,0.001123,0.009875,0.249182
1,measurement,7,16,-2.0998999999999997e-05,0.030619,0.207849,0.001124,0.009958,0.24955000000000002
1,measurement,7,17,-2.0399e-05,0.030861,0.207774,0.001124,0.00992,0.249679
1,measurement,7,18,-1.9799e-05,0.024582,0.207245,0.001119,0.009932,0.242878
1,measurement,7,19,-1.9199e-05,0.02457,0.207512,0.001121,0.009876,0.24307900000000002
1,measurement,7,20,-1.8599e-05,0.02441,0.207599,0.001136,0.009909,0.24305400000000002
1,measurement,7,21,-1.7998999999999998e-05,0.02455,0.207211,0.001123,0.009844,0.242728
1,measurement,7,22,-1.7398999999999997e-05,0.019575,0.20726,0.001121,0.009962,0.23791800000000002
1,measurement,7,23,-1.6799e-05,0.019632,0.207477,0.001123,0.009872,0.238104
1,measurement,7,24,-1.6199e-05,0.019643,0.207409,0.001124,0.009913,0.238089
1,measurement,7,25,-1.5599e-05,0.019631,0.207385,0.001125,0.009895,0.238036
1,measurement,7,26,-1.4998999999999998e-05,0.01508,0.207396,0.001122,0.009931,0.23352900000000001
1,measurement,7,27,-1.4398999999999997e-05,0.014986,0.207476,0.001134,0.009942,0.233538
1,measurement,7,28,-1.3798999999999996e-05,0.014981,0.207496,0.001122,0.009949,0.23354800000000003
1,measurement,7,29,-1.3198999999999998e-05,0.015029,0.207506,0.001126,0.009885,0.23354599999999998
1,measurement,7,30,-1.2598999999999997e-05,0.015025,0.207408,0.001121,0.009885,0.23343900000000004
1,measurement,7,31,-1.1998999999999996e-05,0.011428,0.207448,0.00112,0.009924,0.22991999999999999
1,measurement,7,32,-1.1398999999999999e-05,0.011177,0.207552,0.001117,0.009866,0.22971199999999997
1,measurement,7,33,-1.0798999999999998e-05,0.011209,0.20752,0.001124,0.009958,0.22981100000000002
1,measurement,7,34,-1.0198999999999997e-05,0.011397,0.207414,0.00113,0.009872,0.22981299999999996
1,measurement,7,35,-9.598999999999999e-06,0.008139,0.207492,0.001121,0.009909,0.22666100000000003
1,measurement,7,36,-8.998999999999998e-06,0.008214,0.207436,0.001123,0.009926,0.226699
1,measurement,7,37,-8.398999999999997e-06,0.008095,0.207381,0.001118,0.009881,0.226475
1,measurement,7,38,-7.799e-06,0.008257,0.207547,0.001123,0.009953,0.22688
1,measurement,7,39,-7.198999999999999e-06,0.005636,0.207323,0.001118,0.009863,0.22394000000000003
1,measurement,7,40,-6.598999999999998e-06,0.005647,0.207433,0.001118,0.009995,0.22419300000000003
1,measurement,7,41,-5.998999999999997e-06,0.005736,0.207539,0.00113,0.00994,0.224345
1,measurement,7,42,-5.3989999999999995e-06,0.005646,0.207428,0.001122,0.009883,0.22407900000000003
1,measurement,7,43,-4.7989999999999984e-06,0.003875,0.207402,0.001121,0.010003,0.22240100000000002
1,measurement,7,44,-4.198999999999997e-06,0.003877,0.207454,0.001123,0.009881,0.222335
1,measurement,7,45,-3.5989999999999993e-06,0.00396,0.207278,0.00113,0.009931,0.22229899999999997
1,measurement,7,46,-2.9989999999999983e-06,0.00384,0.207436,0.001129,0.009936,0.222341
1,measurement,7,47,-2.3989999999999973e-06,0.00385,0.207458,0.001127,0.00992,0.222355
1,measurement,7,48,-1.7989999999999996e-06,0.003879,0.207362,0.001135,0.009929,0.22230499999999997
1,measurement,7,49,-1.1989999999999986e-06,0.003869,0.207276,0.001118,0.009862,0.22212500000000002
1,measurement,7,50,-5.989999999999977e-07,0.003859,0.207375,0.001119,0.009853,0.22220600000000001
1,measurement,7,51,1e-09,0.003859,0.207482,0.001118,0.009886,0.22234500000000001
1,measurement,7,52,6.009999999999976e-07,0.003916,0.207242,0.001148,0.009909,0.22221500000000002
1,measurement,7,53,1.2009999999999988e-06,0.004057,0.207256,0.001127,0.009898,0.22233799999999998
1,measurement,7,54,1.8009999999999998e-06,0.003907,0.207502,0.001123,0.009918,0.22245
1,measurement,7,55,2.4009999999999974e-06,0.00386,0.207366,0.001129,0.009922,0.222277
1,measurement,7,56,3.0009999999999985e-06,0.003929,0.207495,0.001123,0.009944,0.22249100000000002
1,measurement,7,57,3.6009999999999995e-06,0.003815,0.207367,0.001122,0.009898,0.222202
1,measurement,7,58,4.200999999999997e-06,0.003887,0.207445,0.001122,0.009984,0.222438
1,measurement,7,59,4.800999999999998e-06,0.003885,0.207429,0.001125,0.009892,0.222331
1,measurement,7,60,5.400999999999999e-06,0.005784,0.207254,0.001124,0.00986,0.22402200000000003
1,measurement,7,61,6.000999999999996e-06,0.005656,0.207479,0.001131,0.009917,0.224183
1,measurement,7,62,6.6009999999999974e-06,0.008462,0.207341,0.001124,0.009888,0.226815
1,measurement,7,63,7.2009999999999985e-06,0.005814,0.207507,0.00113,0.009918,0.22436899999999999
1,measurement,7,64,7.801e-06,0.008242,0.207571,0.001122,0.009855,0.22679000000000002
1,measurement,7,65,8.400999999999998e-06,0.008191,0.207464,0.001125,0.009854,0.226634
1,measurement,7,66,9.000999999999999e-06,0.00818,0.207468,0.001128,0.009969,0.226745
1,measurement,7,67,9.601e-06,0.008233,0.207523,0.001129,0.009903,0.226788
1,measurement,7,68,1.0200999999999998e-05,0.011492,0.207445,0.001126,0.009928,0.22999099999999997
1,measurement,7,69,1.0800999999999999e-05,0.011226,0.20744,0.00112,0.009867,0.22965300000000005
1,measurement,7,70,1.1401e-05,0.011334,0.207405,0.001121,0.009848,0.22970800000000002
1,measurement,7,71,1.2000999999999997e-05,0.011382,0.207504,0.001122,0.009956,0.229964
1,measurement,7,72,1.2600999999999998e-05,0.015237,0.207473,0.00112,0.009948,0.233778
1,measurement,7,73,1.3201e-05,0.014924,0.207357,0.001118,0.009966,0.23336500000000002
1,measurement,7,74,1.3800999999999997e-05,0.015085,0.207357,0.001121,0.009924,0.233487
1,measurement,7,75,1.4400999999999998e-05,0.01518,0.207571,0.001122,0.009886,0.23375900000000002
1,measurement,7,76,1.5001e-05,0.01983,0.207287,0.001121,0.009854,0.23809200000000003
1,measurement,7,77,1.5601e-05,0.019578,0.207209,0.001124,0.009887,0.23779800000000004
1,measurement,7,78,1.6200999999999996e-05,0.019712,0.207433,0.001126,0.009926,0.238197
1,measurement,7,79,1.6800999999999997e-05,0.021826,0.207498,0.001122,0.009923,0.240369
1,measurement,7,80,1.7400999999999995e-05,0.019493,0.207459,0.001122,0.009945,0.23801900000000004
1,measurement,7,81,1.8000999999999996e-05,0.024627,0.207178,0.001125,0.009885,0.242815
1,measurement,7,82,1.8600999999999997e-05,0.024457,0.207325,0.001138,0.009933,0.242853
1,measurement,7,83,1.9200999999999998e-05,0.024399,0.207883,0.001124,0.009933,0.243339
1,measurement,7,84,1.9801e-05,0.024775,0.207988,0.001127,0.009965,0.243855
1,measurement,7,85,2.0400999999999997e-05,0.030842,0.207901,0.001133,0.01002,0.249896
1,measurement,7,86,2.1000999999999994e-05,0.0306,0.207733,0.001133,0.010014,0.24947999999999998
1,measurement,7,87,2.1600999999999995e-05,0.03048,0.208014,0.001122,0.009937,0.24955300000000002
1,measurement,7,88,2.2200999999999996e-05,0.030623,0.207867,0.001131,0.009955,0.249576
1,measurement,7,89,2.2800999999999997e-05,0.037331,0.207896,0.001123,0.009969,0.256319
1,measurement,7,90,2.3401e-05,0.037335,0.207875,0.001124,0.009935,0.25626899999999997
1,measurement,7,91,2.4000999999999996e-05,0.03738,0.207957,0.001128,0.009918,0.25638299999999997
1,measurement,7,92,2.4600999999999997e-05,0.037302,0.207892,0.001125,0.009955,0.256274
1,measurement,7,93,2.5200999999999995e-05,0.04482,0.207991,0.001124,0.00998,0.263915
1,measurement,7,94,2.5800999999999996e-05,0.044136,0.208163,0.001124,0.00999,0.263413
1,measurement,7,95,2.6400999999999997e-05,0.044233,0.20791,0.001122,0.010001,0.263266
1,measurement,7,96,2.7000999999999998e-05,0.044462,0.207931,0.001134,0.010033,0.26356
1,measurement,7,97,2.7600999999999995e-05,0.05213,0.207854,0.001128,0.009909,0.271021
1,measurement,7,98,2.8200999999999996e-05,0.052055,0.208091,0.001125,0.009906,0.271177
1,measurement,7,99,2.8800999999999998e-05,0.05206,0.208133,0.001126,0.009929,0.27124800000000004
1,measurement,7,100,2.9400999999999995e-05,0.051672,0.207854,0.001124,0.009941,0.270591
1,measurement,7,101,3.0000999999999996e-05,0.052,0.208045,0.001128,0.010023,0.27119600000000005
1,measurement,8,1,-2.9999e-05,0.060496,0.207826,0.00113,0.009978,0.27943
1,measurement,8,2,-2.9398999999999998e-05,0.052774,0.207805,0.001133,0.009936,0.271648
1,measurement,8,3,-2.8799e-05,0.052387,0.207955,0.001128,0.009992,0.27146200000000004
1,measurement,8,4,-2.8199e-05,0.056758,0.207851,0.001133,0.010001,0.27574299999999996
1,measurement,8,5,-2.7598999999999998e-05,0.052027,0.208066,0.001129,0.009946,0.271168
1,measurement,8,6,-2.6999e-05,0.04418,0.207899,0.001127,0.009945,0.26315099999999997
1,measurement,8,7,-2.6399e-05,0.04428,0.207921,0.001128,0.00994,0.26326900000000003
1,measurement,8,8,-2.5798999999999998e-05,0.044415,0.207739,0.001122,0.009975,0.263251
1,measurement,8,9,-2.5198999999999997e-05,0.044193,0.208029,0.001128,0.009998,0.263348
1,measurement,8,10,-2.4599e-05,0.037092,0.208047,0.001127,0.009968,0.25623399999999996
1,measurement,8,11,-2.3999e-05,0.037139,0.207988,0.001127,0.00992,0.256174
1,measurement,8,12,-2.3399e-05,0.037087,0.208487,0.001143,0.010039,0.25675600000000004
1,measurement,8,13,-2.2799e-05,0.037256,0.207921,0.001128,0.009929,0.25623399999999996
1,measurement,8,14,-2.2199e-05,0.030481,0.207618,0.001127,0.009939,0.249165
1,measurement,8,15,-2.1598999999999998e-05,0.03071,0.207367,0.001124,0.009938,0.249139
1,measurement,8,16,-2.0998999999999997e-05,0.030451,0.207756,0.001135,0.009942,0.249284
1,measurement,8,17,-2.0399e-05,0.030682,0.207273,0.001126,0.009907,0.24898800000000001
1,measurement,8,18,-1.9799e-05,0.024428,0.207188,0.001122,0.0099,0.24263800000000002
1,measurement,8,19,-1.9199e-05,0.024602,0.207387,0.001122,0.009907,0.243018
1,measurement,8,20,-1.8599e-05,0.024494,0.207186,0.001126,0.009994,0.2428
1,measurement,8,21,-1.7998999999999998e-05,0.023827,0.206976,0.001122,0.009915,0.24184
1,measurement,8,22,-1.7398999999999997e-05,0.019574,0.207164,0.001124,0.009949,0.237811
1,measurement,8,23,-1.6799e-05,0.019583,0.207152,0.001126,0.009913,0.23777399999999999
1,measurement,8,24,-1.6199e-05,0.019503,0.206881,0.001122,0.009923,0.237429
1,measurement,8,25,-1.5599e-05,0.021023,0.207232,0.00112,0.009893,0.239268
1,measurement,8,26,-1.4998999999999998e-05,0.015144,0.207042,0.001124,0.009921,0.23323100000000002
1,measurement,8,27,-1.4398999999999997e-05,0.015002,0.207,0.001124,0.009943,0.233069
1,measurement,8,28,-1.3798999999999996e-05,0.014932,0.207065,0.001119,0.009927,0.233043
1,measurement,8,29,-1.3198999999999998e-05,0.015072,0.207187,0.001123,0.009926,0.23330800000000002
1,measurement,8,30,-1.2598999999999997e-05,0.015001,0.207123,0.001128,0.009938,0.23318999999999998
1,measurement,8,31,-1.1998999999999996e-05,0.011362,0.206693,0.001119,0.009915,0.22908900000000001
1,measurement,8,32,-1.1398999999999999e-05,0.011158,0.206984,0.001123,0.009878,0.229143
1,measurement,8,33,-1.0798999999999998e-05,0.011319,0.206767,0.001122,0.009981,0.229189
1,measurement,8,34,-1.0198999999999997e-05,0.011162,0.207197,0.00112,0.009933,0.229412
1,measurement,8,35,-9.598999999999999e-06,0.008199,0.206737,0.001119,0.009923,0.225978
1,measurement,8,36,-8.998999999999998e-06,0.008105,0.206684,0.001126,0.009984,0.225899
1,measurement,8,37,-8.398999999999997e-06,0.008224,0.206764,0.001127,0.009945,0.22606
1,measurement,8,38,-7.799e-06,0.008079,0.206844,0.00113,0.009959,0.226012
1,measurement,8,39,-7.198999999999999e-06,0.005711,0.206944,0.00112,0.009915,0.22369
1,measurement,8,40,-6.598999999999998e-06,0.005648,0.206621,0.001121,0.009938,0.223328
1,measurement,8,41,-5.998999999999997e-06,0.005595,0.206854,0.001121,0.009897,0.223467
1,measurement,8,42,-5.3989999999999995e-06,0.005697,0.206867,0.001119,0.009896,0.223579
1,measurement,8,43,-4.7989999999999984e-06,0.003802,0.206532,0.001126,0.009927,0.22138699999999997
1,measurement,8,44,-4.198999999999997e-06,0.004073,0.206387,0.001121,0.009891,0.221472
1,measurement,8,45,-3.5989999999999993e-06,0.003833,0.206658,0.00112,0.009995,0.22160600000000003
1,measurement,8,46,-2.9989999999999983e-06,0.003945,0.207486,0.001138,0.00993,0.222499
1,measurement,8,47,-2.3989999999999973e-06,0.00393,0.207523,0.001132,0.009963,0.222548
1,measurement,8,48,-1.7989999999999996e-06,0.003912,0.207006,0.001123,0.009913,0.221954
1,measurement,8,49,-1.1989999999999986e-06,0.00386,0.207056,0.001127,0.009992,0.22203499999999998
1,measurement,8,50,-5.989999999999977e-07,0.003865,0.207351,0.001124,0.009955,0.22229500000000002
1,measurement,8,51,1e-09,0.003863,0.207243,0.001127,0.009886,0.222119
1,measurement,8,52,6.009999999999976e-07,0.003873,0.206988,0.001125,0.009921,0.22190699999999997
1,measurement,8,53,1.2009999999999988e-06,0.003862,0.207345,0.001132,0.009953,0.222292
1,measurement,8,54,1.8009999999999998e-06,0.003895,0.20723,0.001124,0.009943,0.22219200000000003
1,measurement,8,55,2.4009999999999974e-06,0.003894,0.206922,0.001128,0.009964,0.221908
1,measurement,8,56,3.0009999999999985e-06,0.003872,0.207104,0.001129,0.009921,0.222026
1,measurement,8,57,3.6009999999999995e-06,0.003888,0.207314,0.001136,0.009991,0.222329
1,measurement,8,58,4.200999999999997e-06,0.003898,0.207342,0.001129,0.009952,0.222321
1,measurement,8,59,4.800999999999998e-06,0.003919,0.207327,0.001125,0.0099,0.222271
1,measurement,8,60,5.400999999999999e-06,0.005649,0.207061,0.001125,0.009994,0.22382899999999997
1,measurement,8,61,6.000999999999996e-06,0.00571,0.2077,0.001127,0.009911,0.22444799999999998
1,measurement,8,62,6.6009999999999974e-06,0.005728,0.207316,0.001129,0.009988,0.224161
1,measurement,8,63,7.2009999999999985e-06,0.005601,0.207512,0.001127,0.009964,0.224204
1,measurement,8,64,7.801e-06,0.008295,0.20726,0.001122,0.00991,0.226587
1,measurement,8,65,8.400999999999998e-06,0.008116,0.207384,0.001121,0.009923,0.22654400000000002
1,measurement,8,66,9.000999999999999e-06,0.007911,0.206678,0.00112,0.009887,0.22559600000000002
1,measurement,8,67,9.601e-06,0.008201,0.206601,0.001121,0.0099,0.225823
1,measurement,8,68,1.0200999999999998e-05,0.011315,0.207472,0.001126,0.0099,0.22981299999999996
1,measurement,8,69,1.0800999999999999e-05,0.011354,0.207534,0.001122,0.00995,0.22996
1,measurement,8,70,1.1401e-05,0.011265,0.207447,0.001125,0.009963,0.22979999999999998
1,measurement,8,71,1.2000999999999997e-05,0.0113,0.207287,0.00112,0.009876,0.229583
1,measurement,8,72,1.2600999999999998e-05,0.015136,0.207103,0.001124,0.009964,0.23332700000000003
1,measurement,8,73,1.3201e-05,0.014972,0.207313,0.001126,0.009951,0.23336199999999999
1,measurement,8,74,1.3800999999999997e-05,0.014976,0.207428,0.00112,0.009966,0.23349
1,measurement,8,75,1.4400999999999998e-05,0.014887,0.207392,0.001123,0.009839,0.23324100000000003
1,measurement,8,76,1.5001e-05,0.019542,0.207227,0.001141,0.009872,0.237782
1,measurement,8,77,1.5601e-05,0.019637,0.207443,0.001121,0.009866,0.23806700000000003
1,measurement,8,78,1.6200999999999996e-05,0.020684,0.207216,0.00112,0.009929,0.23894900000000002
1,measurement,8,79,1.6800999999999997e-05,0.019486,0.207359,0.001119,0.009946,0.23791
1,measurement,8,80,1.7400999999999995e-05,0.019514,0.20725,0.001124,0.009959,0.23784699999999998
1,measurement,8,81,1.8000999999999996e-05,0.024582,0.207258,0.001126,0.009936,0.24290199999999998
1,measurement,8,82,1.8600999999999997e-05,0.024492,0.20727,0.001121,0.009921,0.24280400000000002
1,measurement,8,83,1.9200999999999998e-05,0.024452,0.207368,0.001125,0.009905,0.24284999999999998
1,measurement,8,84,1.9801e-05,0.024338,0.206933,0.001128,0.009981,0.24237999999999998
1,measurement,8,85,2.0400999999999997e-05,0.030441,0.20792,0.001135,0.009972,0.249468
1,measurement,8,86,2.1000999999999994e-05,0.030746,0.207701,0.001127,0.009967,0.24954099999999999
1,measurement,8,87,2.1600999999999995e-05,0.030671,0.207918,0.00113,0.00989,0.249609
1,measurement,8,88,2.2200999999999996e-05,0.030785,0.207202,0.001123,0.009863,0.24897300000000003
1,measurement,8,89,2.2800999999999997e-05,0.036872,0.207894,0.001122,0.009901,0.255789
1,measurement,8,90,2.3401e-05,0.037007,0.207747,0.001123,0.009938,0.25581499999999996
1,measurement,8,91,2.4000999999999996e-05,0.037123,0.207812,0.001126,0.009916,0.255977
1,measurement,8,92,2.4600999999999997e-05,0.037323,0.207741,0.001131,0.010023,0.256218
1,measurement,8,93,2.5200999999999995e-05,0.04424,0.208033,0.001126,0.009983,0.263382
1,measurement,8,94,2.5800999999999996e-05,0.044033,0.207985,0.001124,0.009936,0.26307800000000003
1,measurement,8,95,2.6400999999999997e-05,0.0439,0.207822,0.001126,0.009947,0.262795
1,measurement,8,96,2.7000999999999998e-05,0.043991,0.207673,0.001123,0.00998,0.262767
1,measurement,8,97,2.7600999999999995e-05,0.051806,0.207957,0.001132,0.009982,0.27087700000000003
1,measurement,8,98,2.8200999999999996e-05,0.051583,0.208093,0.001126,0.009948,0.27075000000000005
1,measurement,8,99,2.8800999999999998e-05,0.051653,0.20799,0.001125,0.00998,0.270748
1,measurement,8,100,2.9400999999999995e-05,0.051587,0.207753,0.001125,0.009904,0.270369
1,measurement,8,101,3.0000999999999996e-05,0.051673,0.208192,0.001126,0.009929,0.27092000000000005
1,measurement,9,1,-2.9999e-05,0.060944,0.207814,0.001134,0.009905,0.279797
1,measurement,9,2,-2.9398999999999998e-05,0.052328,0.207837,0.001128,0.009997,0.27129
1,measurement,9,3,-2.8799e-05,0.052338,0.207825,0.001124,0.009953,0.27124000000000004
1,measurement,9,4,-2.8199e-05,0.056573,0.207655,0.001128,0.009976,0.275332
1,measurement,9,5,-2.7598999999999998e-05,0.051825,0.207717,0.00113,0.009896,0.27056800000000003
1,measurement,9,6,-2.6999e-05,0.044109,0.207831,0.001126,0.009994,0.26306
1,measurement,9,7,-2.6399e-05,0.044252,0.207882,0.001126,0.00989,0.26315000000000005
1,measurement,9,8,-2.5798999999999998e-05,0.043989,0.207509,0.001128,0.009936,0.262562
1,measurement,9,9,-2.5198999999999997e-05,0.044045,0.20791,0.001131,0.00996,0.26304600000000006
1,measurement,9,10,-2.4599e-05,0.037034,0.207568,0.001129,0.009972,0.25570299999999996
1,measurement,9,11,-2.3999e-05,0.037142,0.207678,0.001132,0.009891,0.255843
1,measurement,9,12,-2.3399e-05,0.037137,0.207472,0.001126,0.009913,0.255648
1,measurement,9,13,-2.2799e-05,0.036845,0.207672,0.001127,0.009914,0.25555799999999995
1,measurement,9,14,-2.2199e-05,0.030523,0.20717,0.001125,0.009987,0.24880499999999997
1,measurement,9,15,-2.1598999999999998e-05,0.030674,0.207703,0.001126,0.009972,0.249475
1,measurement,9,16,-2.0998999999999997e-05,0.031177,0.207591,0.00113,0.009985,0.249883
1,measurement,9,17,-2.0399e-05,0.030706,0.2077,0.001124,0.009939,0.24946900000000002
1,measurement,9,18,-1.9799e-05,0.024543,0.207378,0.001123,0.009904,0.24294800000000003
1,measurement,9,19,-1.9199e-05,0.024474,0.207104,0.001123,0.00983,0.24253100000000002
1,measurement,9,20,-1.8599e-05,0.024414,0.206989,0.001125,0.009899,0.24242699999999998
1,measurement,9,21,-1.7998999999999998e-05,0.024595,0.207286,0.00112,0.009961,0.242962
1,measurement,9,22,-1.7398999999999997e-05,0.019409,0.207232,0.001124,0.009949,0.23771399999999998
1,measurement,9,23,-1.6799e-05,0.019561,0.207353,0.001121,0.009908,0.23794300000000002
1,measurement,9,24,-1.6199e-05,0.019431,0.207216,0.001125,0.00988,0.237652
1,measurement,9,25,-1.5599e-05,0.019522,0.207243,0.001134,0.009901,0.2378
1,measurement,9,26,-1.4998999999999998e-05,0.014961,0.207286,0.001123,0.009966,0.23333600000000002
1,measurement,9,27,-1.4398999999999997e-05,0.015047,0.207261,0.001121,0.009907,0.23333600000000002
1,measurement,9,28,-1.3798999999999996e-05,0.015078,0.20711,0.001132,0.009921,0.23324099999999998
1,measurement,9,29,-1.3198999999999998e-05,0.015034,0.207068,0.001123,0.009916,0.23314100000000001
1,measurement,9,30,-1.2598999999999997e-05,0.014946,0.207362,0.001118,0.009938,0.233364
1,measurement,9,31,-1.1998999999999996e-05,0.011255,0.207358,0.001128,0.00989,0.22963099999999997
1,measurement,9,32,-1.1398999999999999e-05,0.011391,0.207119,0.001124,0.009976,0.22961
1,measurement,9,33,-1.0798999999999998e-05,0.013372,0.207294,0.001121,0.009984,0.231771
1,measurement,9,34,-1.0198999999999997e-05,0.011319,0.207143,0.001126,0.009886,0.22947399999999998
1,measurement,9,35,-9.598999999999999e-06,0.008218,0.207472,0.001129,0.009932,0.22675099999999998
1,measurement,9,36,-8.998999999999998e-06,0.008457,0.207161,0.001128,0.009934,0.22668
1,measurement,9,37,-8.398999999999997e-06,0.008191,0.207391,0.001118,0.009965,0.226665
1,measurement,9,38,-7.799e-06,0.008216,0.20719,0.001118,0.009937,0.22646100000000002
1,measurement,9,39,-7.198999999999999e-06,0.00563,0.207286,0.001122,0.009886,0.223924
1,measurement,9,40,-6.598999999999998e-06,0.005658,0.206929,0.001129,0.009886,0.223602
1,measurement,9,41,-5.998999999999997e-06,0.005637,0.207132,0.001128,0.009887,0.223784
1,measurement,9,42,-5.3989999999999995e-06,0.008094,0.207235,0.00112,0.009975,0.22642400000000001
1,measurement,9,43,-4.7989999999999984e-06,0.003883,0.207225,0.001127,0.009964,0.22219899999999998
1,measurement,9,44,-4.198999999999997e-06,0.003851,0.207145,0.001123,0.009834,0.221953
1,measurement,9,45,-3.5989999999999993e-06,0.003869,0.207333,0.001124,0.009948,0.22227400000000003
1,measurement,9,46,-2.9989999999999983e-06,0.003894,0.207267,0.001125,0.009905,0.222191
1,measurement,9,47,-2.3989999999999973e-06,0.003892,0.207083,0.001131,0.00996,0.22206599999999999
1,measurement,9,48,-1.7989999999999996e-06,0.003861,0.207086,0.001125,0.009899,0.22197099999999997
1,measurement,9,49,-1.1989999999999986e-06,0.003861,0.207224,0.001127,0.009878,0.22208999999999998
1,measurement,9,50,-5.989999999999977e-07,0.003885,0.207126,0.001131,0.009934,0.222076
1,measurement,9,51,1e-09,0.00964,0.206916,0.001125,0.009868,0.22754899999999997
1,measurement,9,52,6.009999999999976e-07,0.003896,0.20699,0.001124,0.00996,0.22197000000000003
1,measurement,9,53,1.2009999999999988e-06,0.003839,0.207128,0.001128,0.009964,0.222059
1,measurement,9,54,1.8009999999999998e-06,0.003873,0.207285,0.001128,0.009951,0.22223699999999996
1,measurement,9,55,2.4009999999999974e-06,0.003886,0.207388,0.00113,0.0099,0.22230399999999997
1,measurement,9,56,3.0009999999999985e-06,0.003899,0.207022,0.001128,0.009898,0.221947
1,measurement,9,57,3.6009999999999995e-06,0.003846,0.207175,0.001121,0.009988,0.22213
1,measurement,9,58,4.200999999999997e-06,0.003865,0.207148,0.001128,0.009996,0.222137
1,measurement,9,59,4.800999999999998e-06,0.003877,0.207297,0.001127,0.009894,0.22219499999999998
1,measurement,9,60,5.400999999999999e-06,0.009626,0.207072,0.001126,0.009905,0.227729
1,measurement,9,61,6.000999999999996e-06,0.005624,0.207261,0.00112,0.009885,0.22389
1,measurement,9,62,6.6009999999999974e-06,0.005705,0.207338,0.001119,0.00997,0.224132
1,measurement,9,63,7.2009999999999985e-06,0.0057,0.207259,0.001122,0.009923,0.224004
1,measurement,9,64,7.801e-06,0.008134,0.207273,0.001119,0.009886,0.22641200000000003
1,measurement,9,65,8.400999999999998e-06,0.008182,0.207189,0.001118,0.009963,0.22645200000000001
1,measurement,9,66,9.000999999999999e-06,0.008089,0.207333,0.001124,0.009897,0.226443
1,measurement,9,67,9.601e-06,0.008201,0.207265,0.001128,0.009927,0.22652099999999997
1,measurement,9,68,1.0200999999999998e-05,0.01127,0.207254,0.001129,0.009926,0.22957899999999998
1,measurement,9,69,1.0800999999999999e-05,0.011608,0.207237,0.001122,0.009913,0.22988000000000003
1,measurement,9,70,1.1401e-05,0.011393,0.207175,0.001123,0.00988,0.229571
1,measurement,9,71,1.2000999999999997e-05,0.011219,0.207379,0.001129,0.009897,0.229624
1,measurement,9,72,1.2600999999999998e-05,0.015036,0.207125,0.001126,0.009948,0.233235
1,measurement,9,73,1.3201e-05,0.015152,0.207196,0.001127,0.009883,0.23335799999999998
1,measurement,9,74,1.3800999999999997e-05,0.01505,0.207153,0.001124,0.009994,0.233321
1,measurement,9,75,1.4400999999999998e-05,0.014973,0.207492,0.001121,0.00982,0.23340600000000003
1,measurement,9,76,1.5001e-05,0.019576,0.207236,0.001122,0.009872,0.23780600000000002
1,measurement,9,77,1.5601e-05,0.019681,0.207082,0.001124,0.009894,0.23778100000000002
1,measurement,9,78,1.6200999999999996e-05,0.019573,0.207178,0.001126,0.00994,0.237817
1,measurement,9,79,1.6800999999999997e-05,0.019466,0.207114,0.001128,0.009912,0.23762
1,measurement,9,80,1.7400999999999995e-05,0.019482,0.207219,0.001126,0.009993,0.23781999999999998
1,measurement,9,81,1.8000999999999996e-05,0.024509,0.207306,0.001122,0.009908,0.242845
1,measurement,9,82,1.8600999999999997e-05,0.024571,0.207313,0.001116,0.009918,0.24291800000000002
1,measurement,9,83,1.9200999999999998e-05,0.02446,0.207188,0.00112,0.009918,0.24268600000000004
1,measurement,9,84,1.9801e-05,0.024432,0.207037,0.001125,0.009967,0.242561
1,measurement,9,85,2.0400999999999997e-05,0.030539,0.207835,0.001128,0.00997,0.249472
1,measurement,9,86,2.1000999999999994e-05,0.030522,0.207622,0.001129,0.009962,0.24923499999999998
1,measurement,9,87,2.1600999999999995e-05,0.030704,0.207194,0.001119,0.00983,0.248847
1,measurement,9,88,2.2200999999999996e-05,0.03041,0.207734,0.001122,0.009984,0.24925
1,measurement,9,89,2.2800999999999997e-05,0.037173,0.207744,0.001128,0.009936,0.255981
1,measurement,9,90,2.3401e-05,0.037184,0.207792,0.001129,0.009953,0.256058
1,measurement,9,91,2.4000999999999996e-05,0.03714,0.20779,0.001123,0.010031,0.25608400000000003
1,measurement,9,92,2.4600999999999997e-05,0.037171,0.207614,0.001122,0.009979,0.255886
1,measurement,9,93,2.5200999999999995e-05,0.044235,0.207879,0.001126,0.00992,0.26316
1,measurement,9,94,2.5800999999999996e-05,0.044084,0.207752,0.001127,0.009993,0.26295599999999997
1,measurement,9,95,2.6400999999999997e-05,0.044227,0.207821,0.001127,0.009884,0.263059
1,measurement,9,96,2.7000999999999998e-05,0.044256,0.20768,0.001128,0.009999,0.263063
1,measurement,9,97,2.7600999999999995e-05,0.051925,0.207626,0.001125,0.009979,0.270655
1,measurement,9,98,2.8200999999999996e-05,0.051893,0.207859,0.001141,0.009971,0.270864
1,measurement,9,99,2.8800999999999998e-05,0.053321,0.208043,0.001129,0.009995,0.27248799999999995
1,measurement,9,100,2.9400999999999995e-05,0.051628,0.207649,0.00113,0.009894,0.270301
1,measurement,9,101,3.0000999999999996e-05,0.054204,0.207735,0.001129,0.009973,0.27304100000000003
1,measurement,10,1,-2.9999e-05,0.060701,0.20787,0.001129,0.009878,0.279578
1,measurement,10,2,-2.9398999999999998e-05,0.052593,0.207731,0.001132,0.009947,0.271403
1,measurement,10,3,-2.8799e-05,0.05219,0.207971,0.001135,0.009929,0.271225
1,measurement,10,4,-2.8199e-05,0.056744,0.208061,0.001125,0.009938,0.275868
1,measurement,10,5,-2.7598999999999998e-05,0.051551,0.207823,0.001134,0.009933,0.27044100000000004
1,measurement,10,6,-2.6999e-05,0.044981,0.207966,0.001126,0.009989,0.2640620000000001
1,measurement,10,7,-2.6399e-05,0.043918,0.207773,0.001128,0.009868,0.262687
1,measurement,10,8,-2.5798999999999998e-05,0.044057,0.207797,0.001124,0.009962,0.26294000000000006
1,measurement,10,9,-2.5198999999999997e-05,0.044089,0.20808,0.001126,0.009909,0.263204
1,measurement,10,10,-2.4599e-05,0.037194,0.207845,0.001125,0.009944,0.256108
1,measurement,10,11,-2.3999e-05,0.037241,0.207699,0.001122,0.009943,0.256005
1,measurement,10,12,-2.3399e-05,0.037283,0.207711,0.001126,0.009969,0.25608899999999996
1,measurement,10,13,-2.2799e-05,0.037238,0.207851,0.001126,0.009908,0.256123
1,measurement,10,14,-2.2199e-05,0.030748,0.207222,0.001121,0.009958,0.249049
1,measurement,10,15,-2.1598999999999998e-05,0.031243,0.207235,0.00112,0.009928,0.249526
1,measurement,10,16,-2.0998999999999997e-05,0.030544,0.207631,0.001126,0.009964,0.24926500000000001
1,measurement,10,17,-2.0399e-05,0.030583,0.207366,0.001125,0.009975,0.249049
1,measurement,10,18,-1.9799e-05,0.024463,0.207181,0.001126,0.009964,0.242734
1,measurement,10,19,-1.9199e-05,0.024431,0.207177,0.001126,0.009868,0.24260199999999998
1,measurement,10,20,-1.8599e-05,0.024591,0.207202,0.001124,0.009946,0.242863
1,measurement,10,21,-1.7998999999999998e-05,0.024405,0.207299,0.001121,0.009921,0.24274600000000002
1,measurement,10,22,-1.7398999999999997e-05,0.019521,0.207181,0.001121,0.009933,0.23775600000000002
1,measurement,10,23,-1.6799e-05,0.019433,0.207059,0.001124,0.009864,0.23748
1,measurement,10,24,-1.6199e-05,0.019484,0.207367,0.001122,0.009981,0.237954
1,measurement,10,25,-1.5599e-05,0.019603,0.207273,0.001125,0.009855,0.237856
1,measurement,10,26,-1.4998999999999998e-05,0.014877,0.207289,0.001127,0.009953,0.23324599999999998
1,measurement,10,27,-1.4398999999999997e-05,0.0151,0.207328,0.001124,0.009941,0.23349300000000003
1,measurement,10,28,-1.3798999999999996e-05,0.014992,0.207271,0.001125,0.00988,0.233268
1,measurement,10,29,-1.3198999999999998e-05,0.015038,0.207362,0.001125,0.009884,0.23340899999999998
1,measurement,10,30,-1.2598999999999997e-05,0.015104,0.207304,0.001123,0.009967,0.233498
1,measurement,10,31,-1.1998999999999996e-05,0.011316,0.20747,0.001123,0.009884,0.229793
1,measurement,10,32,-1.1398999999999999e-05,0.014897,0.207244,0.001129,0.009886,0.233156
1,measurement,10,33,-1.0798999999999998e-05,0.01135,0.207338,0.001127,0.009929,0.22974399999999998
1,measurement,10,34,-1.0198999999999997e-05,0.011274,0.207361,0.001124,0.009848,0.22960699999999998
1,measurement,10,35,-9.598999999999999e-06,0.008193,0.207231,0.001125,0.009926,0.22647499999999998
1,measurement,10,36,-8.998999999999998e-06,0.008215,0.207438,0.001123,0.009882,0.22665800000000003
1,measurement,10,37,-8.398999999999997e-06,0.008177,0.207431,0.001121,0.009868,0.226597
1,measurement,10,38,-7.799e-06,0.008209,0.207468,0.001121,0.009961,0.22675900000000002
1,measurement,10,39,-7.198999999999999e-06,0.005681,0.207171,0.001125,0.009895,0.22387199999999996
1,measurement,10,40,-6.598999999999998e-06,0.005582,0.207241,0.001123,0.009992,0.22393800000000003
1,measurement,10,41,-5.998999999999997e-06,0.005651,0.207191,0.001127,0.009904,0.22387299999999996
1,measurement,10,42,-5.3989999999999995e-06,0.005635,0.20725,0.001136,0.009854,0.223875
1,measurement,10,43,-4.7989999999999984e-06,0.003871,0.207253,0.001129,0.009927,0.22218
1,measurement,10,44,-4.198999999999997e-06,0.003895,0.207203,0.001119,0.009908,0.22212500000000002
1,measurement,10,45,-3.5989999999999993e-06,0.00389,0.207165,0.001127,0.009976,0.222158
1,measurement,10,46,-2.9989999999999983e-06,0.003868,0.207355,0.001124,0.009916,0.22226300000000002
1,measurement,10,47,-2.3989999999999973e-06,0.003865,0.20735,0.001129,0.009926,0.22227
1,measurement,10,48,-1.7989999999999996e-06,0.003879,0.206988,0.00112,0.009909,0.221896
1,measurement,10,49,-1.1989999999999986e-06,0.00386,0.207224,0.001122,0.009899,0.222105
1,measurement,10,50,-5.989999999999977e-07,0.006579,0.207118,0.001122,0.009948,0.22476700000000002
1,measurement,10,51,1e-09,0.003905,0.20744,0.001127,0.009921,0.222393
1,measurement,10,52,6.009999999999976e-07,0.003794,0.20711,0.001119,0.009848,0.22187099999999998
1,measurement,10,53,1.2009999999999988e-06,0.003886,0.207381,0.001123,0.009878,0.22226800000000002
1,measurement,10,54,1.8009999999999998e-06,0.00388,0.20741,0.001126,0.009894,0.22231
1,measurement,10,55,2.4009999999999974e-06,0.003866,0.207282,0.001129,0.009953,0.22222999999999998
1,measurement,10,56,3.0009999999999985e-06,0.003817,0.207208,0.001123,0.009884,0.222032
1,measurement,10,57,3.6009999999999995e-06,0.003847,0.207324,0.001126,0.009886,0.222183
1,measurement,10,58,4.200999999999997e-06,0.003861,0.20737,0.001125,0.009867,0.222223
1,measurement,10,59,4.800999999999998e-06,0.00394,0.207127,0.001136,0.009833,0.222036
1,measurement,10,60,5.400999999999999e-06,0.005888,0.207309,0.001129,0.009958,0.22428399999999998
1,measurement,10,61,6.000999999999996e-06,0.005684,0.207569,0.001122,0.009821,0.224196
1,measurement,10,62,6.6009999999999974e-06,0.005654,0.207329,0.001123,0.009851,0.22395700000000002
1,measurement,10,63,7.2009999999999985e-06,0.005591,0.207342,0.001121,0.009917,0.22397100000000003
1,measurement,10,64,7.801e-06,0.008228,0.207314,0.001122,0.009863,0.22652700000000003
1,measurement,10,65,8.400999999999998e-06,0.008088,0.2074,0.001126,0.009915,0.226529
1,measurement,10,66,9.000999999999999e-06,0.008201,0.207342,0.00112,0.0099,0.226563
1,measurement,10,67,9.601e-06,0.008053,0.207349,0.001126,0.009845,0.226373
1,measurement,10,68,1.0200999999999998e-05,0.011951,0.207244,0.001129,0.009892,0.230216
1,measurement,10,69,1.0800999999999999e-05,0.011296,0.207585,0.001136,0.00991,0.229927
1,measurement,10,70,1.1401e-05,0.011274,0.207232,0.00113,0.009965,0.229601
1,measurement,10,71,1.2000999999999997e-05,0.011351,0.207232,0.001129,0.00986,0.229572
1,measurement,10,72,1.2600999999999998e-05,0.015035,0.207428,0.001122,0.009955,0.23354
1,measurement,10,73,1.3201e-05,0.015008,0.207588,0.001118,0.009828,0.233542
1,measurement,10,74,1.3800999999999997e-05,0.014935,0.207261,0.001125,0.010018,0.233339
1,measurement,10,75,1.4400999999999998e-05,0.01498,0.20721,0.001124,0.009884,0.23319800000000002
1,measurement,10,76,1.5001e-05,0.019725,0.207316,0.001122,0.009943,0.238106
1,measurement,10,77,1.5601e-05,0.019721,0.207392,0.001124,0.009883,0.23811999999999997
1,measurement,10,78,1.6200999999999996e-05,0.019678,0.207319,0.001131,0.009949,0.23807699999999998
1,measurement,10,79,1.6800999999999997e-05,0.019702,0.207245,0.001122,0.009857,0.23792600000000003
1,measurement,10,80,1.7400999999999995e-05,0.019551,0.207122,0.001131,0.009966,0.23777
1,measurement,10,81,1.8000999999999996e-05,0.024585,0.20747,0.001121,0.009902,0.243078
1,measurement,10,82,1.8600999999999997e-05,0.024373,0.207241,0.001125,0.009901,0.24264
1,measurement,10,83,1.9200999999999998e-05,0.02438,0.207597,0.001125,0.009868,0.24296999999999996
1,measurement,10,84,1.9801e-05,0.024609,0.207303,0.001124,0.009925,0.24296099999999995
1,measurement,10,85,2.0400999999999997e-05,0.030635,0.207772,0.001128,0.009912,0.249447
1,measurement,10,86,2.1000999999999994e-05,0.031606,0.20736,0.001128,0.009956,0.25005
1,measurement,10,87,2.1600999999999995e-05,0.030525,0.207757,0.001132,0.009912,0.249326
1,measurement,10,88,2.2200999999999996e-05,0.03061,0.207561,0.001124,0.009979,0.24927399999999997
1,measurement,10,89,2.2800999999999997e-05,0.036999,0.207831,0.001127,0.009922,0.25587899999999997
1,measurement,10,90,2.3401e-05,0.036868,0.207279,0.001122,0.009939,0.255208
1,measurement,10,91,2.4000999999999996e-05,0.036765,0.208028,0.001133,0.009913,0.255839
1,measurement,10,92,2.4600999999999997e-05,0.037435,0.207855,0.001129,0.009997,0.256416
1,measurement,10,93,2.5200999999999995e-05,0.044175,0.207895,0.001124,0.009945,0.263139
1,measurement,10,94,2.5800999999999996e-05,0.044353,0.207998,0.001127,0.009967,0.263445
1,measurement,10,95,2.6400999999999997e-05,0.044107,0.207946,0.001127,0.009907,0.26308699999999996
1,measurement,10,96,2.7000999999999998e-05,0.043967,0.207877,0.001126,0.009972,0.262942
1,measurement,10,97,2.7600999999999995e-05,0.051665,0.208133,0.001124,0.009882,0.27080400000000004
1,measurement,10,98,2.8200999999999996e-05,0.051673,0.207919,0.001129,0.009955,0.27067599999999997
1,measurement,10,99,2.8800999999999998e-05,0.051696,0.207702,0.001125,0.009974,0.270497
1,measurement,10,100,2.9400999999999995e-05,0.051629,0.208163,0.001124,0.009905,0.270821
1,measurement,10,101,3.0000999999999996e-05,0.053861,0.208078,0.001122,0.009961,0.27302200000000004
2,warmup,1,1,-0.000249999,0.175748,0.549708,0.003514,0.022056,0.751026
2,warmup,1,2,-0.000244999,0.154351,0.549269,0.003215,0.018064,0.724899
2,warmup,1,3,-0.00023999900000000002,0.154139,0.549461,0.003216,0.018015,0.724831
2,warmup,1,4,-0.000234999,0.146156,0.549354,0.003217,0.018001,0.7167280000000001
2,warmup,1,5,-0.00022999900000000002,0.139494,0.549274,0.0032,0.018159,0.7101270000000001
2,warmup,1,6,-0.000224999,0.130009,0.549395,0.003207,0.01801,0.7006209999999999
2,warmup,1,7,-0.00021999900000000002,0.126322,0.549422,0.003215,0.017989,0.6969479999999999
2,warmup,1,8,-0.000214999,0.126373,0.549418,0.003211,0.018165,0.697167
2,warmup,1,9,-0.00020999900000000002,0.128134,0.549057,0.003223,0.01815,0.698564
2,warmup,1,10,-0.000204999,0.11431,0.549358,0.003213,0.018178,0.6850590000000001
2,warmup,1,11,-0.00019999900000000002,0.103455,0.549308,0.003198,0.018193,0.674154
2,warmup,1,12,-0.000194999,0.102561,0.549133,0.003205,0.018243,0.673142
2,warmup,1,13,-0.00018999900000000002,0.092495,0.549356,0.003204,0.01818,0.6632349999999999
2,warmup,1,14,-0.000184999,0.091061,0.549238,0.003197,0.018306,0.661802
2,warmup,1,15,-0.000179999,0.093878,0.549218,0.003209,0.018167,0.6644720000000001
2,warmup,1,16,-0.000174999,0.08162,0.548953,0.003201,0.01828,0.652054
2,warmup,1,17,-0.00016999900000000002,0.081015,0.549119,0.003205,0.018236,0.651575
2,warmup,1,18,-0.000164999,0.08512,0.548436,0.003205,0.018358,0.655119
2,warmup,1,19,-0.000159999,0.072718,0.54889,0.003203,0.018245,0.6430559999999998
2,warmup,1,20,-0.000154999,0.0723,0.54829,0.003199,0.018176,0.641965
2,warmup,1,21,-0.00014999900000000003,0.064261,0.54918,0.003198,0.018128,0.6347670000000001
2,warmup,1,22,-0.000144999,0.061832,0.548923,0.003208,0.018287,0.6322500000000001
2,warmup,1,23,-0.000139999,0.05352,0.5487,0.003208,0.018109,0.623537
2,warmup,1,24,-0.000134999,0.053319,0.549044,0.003202,0.01837,0.623935
2,warmup,1,25,-0.000129999,0.04603,0.548227,0.003402,0.018257,0.615916
2,warmup,1,26,-0.00012499900000000001,0.045963,0.548719,0.003212,0.018346,0.6162399999999999
2,warmup,1,27,-0.00011999899999999999,0.046008,0.548715,0.003215,0.018326,0.6162639999999999
2,warmup,1,28,-0.000114999,0.039662,0.548518,0.003216,0.018182,0.609578
2,warmup,1,29,-0.00010999899999999999,0.039275,0.548654,0.003199,0.018326,0.6094539999999998
2,warmup,1,30,-0.000104999,0.032291,0.548762,0.003205,0.018354,0.6026119999999999
2,warmup,1,31,-9.999899999999999e-05,0.032636,0.5488,0.003201,0.01831,0.602947
2,warmup,1,32,-9.4999e-05,0.02661,0.548577,0.003214,0.018329,0.5967300000000001
2,warmup,1,33,-8.999899999999999e-05,0.026799,0.5485,0.003215,0.018269,0.596783
2,warmup,1,34,-8.499899999999998e-05,0.026579,0.548582,0.00321,0.018377,0.5967480000000001
2,warmup,1,35,-7.999899999999999e-05,0.021432,0.54899,0.003199,0.01834,0.591961
2,warmup,1,36,-7.499899999999998e-05,0.021343,0.548374,0.003212,0.018255,0.591184
2,warmup,1,37,-6.999899999999999e-05,0.016741,0.548757,0.003213,0.018277,0.5869880000000001
2,warmup,1,38,-6.499899999999998e-05,0.018705,0.548403,0.0032,0.018271,0.588579
2,warmup,1,39,-5.999899999999999e-05,0.016871,0.548854,0.003197,0.018249,0.5871709999999999
2,warmup,1,40,-5.499899999999998e-05,0.013045,0.548645,0.003217,0.018405,0.583312
2,warmup,1,41,-4.9998999999999993e-05,0.013032,0.548621,0.0032,0.018267,0.5831200000000001
2,warmup,1,42,-4.499899999999998e-05,0.00992,0.54877,0.003201,0.018241,0.580132
2,warmup,1,43,-3.9998999999999994e-05,0.009917,0.548029,0.003211,0.01817,0.5793269999999999
2,warmup,1,44,-3.499899999999998e-05,0.007463,0.548844,0.003204,0.018256,0.577767
2,warmup,1,45,-2.9999e-05,0.010788,0.547516,0.003194,0.018192,0.57969
2,warmup,1,46,-2.4998999999999985e-05,0.007399,0.549404,0.003202,0.018335,0.5783400000000001
2,warmup,1,47,-1.9999e-05,0.005556,0.547572,0.003206,0.018175,0.574509
2,warmup,1,48,-1.4998999999999985e-05,0.005599,0.548695,0.003198,0.018193,0.5756850000000001
2,warmup,1,49,-9.998999999999972e-06,0.005612,0.547563,0.003191,0.018304,0.57467
2,warmup,1,50,-4.998999999999959e-06,0.005593,0.548827,0.003198,0.018333,0.575951
2,warmup,1,51,1e-09,0.005611,0.547441,0.003202,0.018196,0.57445
2,warmup,1,52,5.0009999999999586e-06,0.006257,0.547395,0.003413,0.01812,0.575185
2,warmup,1,53,1.0000999999999973e-05,0.005579,0.548975,0.0032,0.018246,0.576
2,warmup,1,54,1.5000999999999986e-05,0.005569,0.547669,0.003202,0.018301,0.5747410000000001
2,warmup,1,55,2.0000999999999997e-05,0.005565,0.548825,0.003203,0.018259,0.575852
2,warmup,1,56,2.5000999999999983e-05,0.007371,0.547445,0.003218,0.018253,0.576287
2,warmup,1,57,3.0000999999999996e-05,0.007653,0.54914,0.003209,0.018154,0.578156
2,warmup,1,58,3.5000999999999986e-05,0.007377,0.547592,0.003196,0.018147,0.5763119999999999
2,warmup,1,59,4.0001e-05,0.009998,0.548977,0.003195,0.018324,0.580494
2,warmup,1,60,4.5000999999999985e-05,0.01,0.547347,0.003197,0.018409,0.578953
2,warmup,1,61,5.0001e-05,0.013199,0.548798,0.003198,0.018191,0.583386
2,warmup,1,62,5.5000999999999984e-05,0.013,0.548286,0.003199,0.01808,0.582565
2,warmup,1,63,6.0001e-05,0.016886,0.548798,0.0032,0.018279,0.587163
2,warmup,1,64,6.500099999999998e-05,0.016835,0.548275,0.00321,0.018293,0.586613
2,warmup,1,65,7.0001e-05,0.016718,0.548485,0.003213,0.018372,0.5867880000000001
2,warmup,1,66,7.500099999999998e-05,0.021517,0.548401,0.00321,0.018268,0.591396
2,warmup,1,67,8.0001e-05,0.021493,0.54848,0.003206,0.018251,0.59143
2,warmup,1,68,8.500099999999998e-05,0.026634,0.548369,0.00324,0.018199,0.596442
2,warmup,1,69,9.0001e-05,0.026417,0.5484,0.003213,0.018305,0.5963350000000001
2,warmup,1,70,9.500100000000001e-05,0.02629,0.548407,0.003219,0.01823,0.596146
2,warmup,1,71,0.000100001,0.032499,0.548374,0.003208,0.018191,0.6022719999999999
2,warmup,1,72,0.000105001,0.032647,0.548423,0.003214,0.018173,0.602457
2,warmup,1,73,0.00011000099999999999,0.039126,0.548875,0.003214,0.018192,0.609407
2,warmup,1,74,0.000115001,0.039695,0.548413,0.003194,0.018365,0.6096670000000001
2,warmup,1,75,0.00012000099999999999,0.04631,0.54837,0.0032,0.018281,0.616161
2,warmup,1,76,0.000125001,0.045996,0.548539,0.003203,0.018276,0.616014
2,warmup,1,77,0.00013000099999999998,0.046033,0.548322,0.003193,0.018263,0.615811
2,warmup,1,78,0.000135001,0.053894,0.548333,0.0032,0.018184,0.6236109999999999
2,warmup,1,79,0.00014000099999999998,0.053706,0.54896,0.003206,0.018169,0.6240410000000001
2,warmup,1,80,0.000145001,0.06222,0.548464,0.003197,0.018093,0.631974
2,warmup,1,81,0.000150001,0.062163,0.548975,0.003215,0.018169,0.6325219999999999
2,warmup,1,82,0.000155001,0.072041,0.549153,0.00321,0.018209,0.6426130000000001
2,warmup,1,83,0.00016000099999999997,0.071136,0.549128,0.003207,0.018306,0.6417769999999999
2,warmup,1,84,0.000165001,0.071365,0.54911,0.003203,0.01824,0.641918
2,warmup,1,85,0.000170001,0.081145,0.549116,0.003198,0.018261,0.6517200000000001
2,warmup,1,86,0.000175001,0.080873,0.549206,0.003212,0.018252,0.651543
2,warmup,1,87,0.00018000099999999997,0.091841,0.549226,0.0032,0.018231,0.662498
2,warmup,1,88,0.00018500099999999999,0.091235,0.549273,0.003208,0.018166,0.661882
2,warmup,1,89,0.000190001,0.090939,0.549122,0.003201,0.018259,0.661521
2,warmup,1,90,0.00019500099999999999,0.103048,0.549206,0.003203,0.018316,0.673773
2,warmup,1,91,0.000200001,0.10227,0.549673,0.003439,0.018204,0.6735859999999999
2,warmup,1,92,0.00020500099999999998,0.11771,0.54946,0.003225,0.018358,0.688753
2,warmup,1,93,0.000210001,0.114551,0.549686,0.003227,0.018212,0.685676
2,warmup,1,94,0.00021500099999999998,0.126856,0.549182,0.003206,0.018254,0.697498
2,warmup,1,95,0.000220001,0.126436,0.549166,0.003265,0.018273,0.69714
2,warmup,1,96,0.00022500099999999998,0.126742,0.549015,0.00322,0.018302,0.6972790000000001
2,warmup,1,97,0.000230001,0.140371,0.549239,0.003222,0.018274,0.711106
2,warmup,1,98,0.00023500099999999998,0.139376,0.549992,0.003207,0.018283,0.710858
2,warmup,1,99,0.000240001,0.153894,0.549049,0.003208,0.018345,0.724496
2,warmup,1,100,0.000245001,0.153389,0.549803,0.003213,0.018262,0.7246670000000001
2,warmup,1,101,0.000250001,0.153418,0.549209,0.003208,0.018203,0.7240379999999998
2,warmup,2,1,-0.000249999,0.164435,0.549667,0.003236,0.018372,0.7357100000000001
2,warmup,2,2,-0.000244999,0.155301,0.549496,0.003222,0.018331,0.7263499999999999
2,warmup,2,3,-0.00023999900000000002,0.154254,0.549809,0.003213,0.018329,0.725605
2,warmup,2,4,-0.000234999,0.145382,0.549394,0.003214,0.018262,0.7162520000000001
2,warmup,2,5,-0.00022999900000000002,0.140076,0.549828,0.003223,0.018224,0.711351
2,warmup,2,6,-0.000224999,0.126602,0.549728,0.003218,0.018296,0.697844
2,warmup,2,7,-0.00021999900000000002,0.126419,0.549627,0.0032,0.01824,0.6974859999999999
2,warmup,2,8,-0.000214999,0.126505,0.549451,0.003209,0.018421,0.697586
2,warmup,2,9,-0.00020999900000000002,0.114417,0.549684,0.003204,0.018265,0.6855699999999999
2,warmup,2,10,-0.000204999,0.114106,0.549468,0.003205,0.018316,0.685095
2,warmup,2,11,-0.00019999900000000002,0.105325,0.549453,0.003205,0.018257,0.67624
2,warmup,2,12,-0.000194999,0.102506,0.549371,0.003214,0.018277,0.6733680000000001
2,warmup,2,13,-0.00018999900000000002,0.091556,0.549094,0.003201,0.018251,0.662102
2,warmup,2,14,-0.000184999,0.091296,0.549176,0.003213,0.018217,0.6619020000000001
2,warmup,2,15,-0.000179999,0.0913,0.549211,0.003221,0.018187,0.661919
2,warmup,2,16,-0.000174999,0.080779,0.548955,0.003212,0.01821,0.651156
2,warmup,2,17,-0.00016999900000000002,0.08074,0.549099,0.003214,0.018268,0.651321
2,warmup,2,18,-0.000164999,0.071183,0.548695,0.003195,0.018119,0.641192
2,warmup,2,19,-0.000159999,0.070926,0.549063,0.00321,0.018291,0.6414900000000001
2,warmup,2,20,-0.000154999,0.071548,0.54883,0.003205,0.018273,0.6418560000000001
2,warmup,2,21,-0.00014999900000000003,0.061963,0.548889,0.003205,0.018309,0.632366
2,warmup,2,22,-0.000144999,0.062113,0.548175,0.003216,0.018262,0.6317659999999999
2,warmup,2,23,-0.000139999,0.053433,0.549151,0.00321,0.018248,0.624042
2,warmup,2,24,-0.000134999,0.053671,0.548259,0.003199,0.018176,0.623305
2,warmup,2,25,-0.000129999,0.046097,0.549293,0.003199,0.018186,0.6167750000000001
2,warmup,2,26,-0.00012499900000000001,0.045732,0.54824,0.003198,0.018214,0.6153839999999999
2,warmup,2,27,-0.00011999899999999999,0.045876,0.549325,0.003215,0.018236,0.616652
2,warmup,2,28,-0.000114999,0.038572,0.548718,0.003201,0.01816,0.608651
2,warmup,2,29,-0.00010999899999999999,0.038798,0.548535,0.003201,0.018301,0.608835
2,warmup,2,30,-0.000104999,0.03242,0.548727,0.003213,0.01843,0.6027899999999999
2,warmup,2,31,-9.999899999999999e-05,0.032489,0.548596,0.003205,0.018186,0.602476
2,warmup,2,32,-9.4999e-05,0.026248,0.548763,0.003205,0.018215,0.596431
2,warmup,2,33,-8.999899999999999e-05,0.02625,0.54863,0.003212,0.018147,0.596239
2,warmup,2,34,-8.499899999999998e-05,0.026363,0.548843,0.003214,0.018235,0.596655
2,warmup,2,35,-7.999899999999999e-05,0.021234,0.548604,0.0032,0.018335,0.5913729999999999
2,warmup,2,36,-7.499899999999998e-05,0.021422,0.548535,0.00321,0.018299,0.591466
2,warmup,2,37,-6.999899999999999e-05,0.020479,0.548461,0.003204,0.018321,0.590465
2,warmup,2,38,-6.499899999999998e-05,0.01691,0.548625,0.003211,0.018189,0.586935
2,warmup,2,39,-5.999899999999999e-05,0.016786,0.548805,0.003204,0.018338,0.5871329999999999
2,warmup,2,40,-5.499899999999998e-05,0.013049,0.548286,0.003203,0.018351,0.582889
2,warmup,2,41,-4.9998999999999993e-05,0.01311,0.548476,0.003207,0.018246,0.5830389999999999
2,warmup,2,42,-4.499899999999998e-05,0.009996,0.548434,0.003206,0.018266,0.579902
2,warmup,2,43,-3.9998999999999994e-05,0.009935,0.548709,0.003201,0.018291,0.580136
2,warmup,2,44,-3.499899999999998e-05,0.007387,0.548193,0.003207,0.018197,0.576984
2,warmup,2,45,-2.9999e-05,0.007388,0.548903,0.003198,0.018262,0.577751
2,warmup,2,46,-2.4998999999999985e-05,0.00736,0.548245,0.003212,0.018235,0.577052
2,warmup,2,47,-1.9999e-05,0.005602,0.548636,0.003203,0.018213,0.575654
2,warmup,2,48,-1.4998999999999985e-05,0.005585,0.548162,0.003196,0.01814,0.575083
2,warmup,2,49,-9.998999999999972e-06,0.005602,0.548341,0.003219,0.018237,0.5753989999999999
2,warmup,2,50,-4.998999999999959e-06,0.005804,0.548167,0.003199,0.018233,0.5754029999999999
2,warmup,2,51,1e-09,0.007467,0.548232,0.003202,0.01814,0.5770410000000001
2,warmup,2,52,5.0009999999999586e-06,0.005554,0.547337,0.003205,0.018274,0.5743699999999999
2,warmup,2,53,1.0000999999999973e-05,0.005559,0.549062,0.00319,0.018166,0.5759770000000001
2,warmup,2,54,1.5000999999999986e-05,0.005587,0.547622,0.003199,0.01818,0.574588
2,warmup,2,55,2.0000999999999997e-05,0.005591,0.549043,0.003204,0.018259,0.576097
2,warmup,2,56,2.5000999999999983e-05,0.007484,0.547266,0.003201,0.018204,0.5761550000000001
2,warmup,2,57,3.0000999999999996e-05,0.007344,0.5494,0.003198,0.018351,0.5782930000000001
2,warmup,2,58,3.5000999999999986e-05,0.007391,0.547386,0.003206,0.018198,0.5761810000000002
2,warmup,2,59,4.0001e-05,0.010028,0.54936,0.003209,0.018205,0.580802
2,warmup,2,60,4.5000999999999985e-05,0.009926,0.54815,0.003198,0.018188,0.579462
2,warmup,2,61,5.0001e-05,0.013203,0.549149,0.0032,0.018264,0.5838159999999999
2,warmup,2,62,5.5000999999999984e-05,0.01324,0.547627,0.003212,0.018271,0.58235
2,warmup,2,63,6.0001e-05,0.016986,0.549059,0.00321,0.018285,0.58754
2,warmup,2,64,6.500099999999998e-05,0.01681,0.547662,0.003208,0.018207,0.5858869999999999
2,warmup,2,65,7.0001e-05,0.016791,0.548863,0.003209,0.018412,0.587275
2,warmup,2,66,7.500099999999998e-05,0.021471,0.547615,0.003199,0.018159,0.590444
2,warmup,2,67,8.0001e-05,0.021374,0.549127,0.003202,0.018315,0.592018
2,warmup,2,68,8.500099999999998e-05,0.026651,0.547632,0.003207,0.018144,0.595634
2,warmup,2,69,9.0001e-05,0.026429,0.549114,0.003209,0.018202,0.5969540000000001
2,warmup,2,70,9.500100000000001e-05,0.026482,0.547702,0.003201,0.018281,0.595666
2,warmup,2,71,0.000100001,0.032716,0.549057,0.003209,0.018288,0.60327
2,warmup,2,72,0.000105001,0.03259,0.547559,0.003196,0.018268,0.601613
2,warmup,2,73,0.00011000099999999999,0.039645,0.548856,0.003206,0.018272,0.609979
2,warmup,2,74,0.000115001,0.039716,0.547685,0.003208,0.018113,0.608722
2,warmup,2,75,0.00012000099999999999,0.046512,0.549011,0.0032,0.018302,0.617025
2,warmup,2,76,0.000125001,0.045835,0.548514,0.003211,0.018189,0.6157489999999999
2,warmup,2,77,0.00013000099999999998,0.046037,0.548681,0.003203,0.018192,0.6161129999999999
2,warmup,2,78,0.000135001,0.053759,0.548385,0.0032,0.018367,0.623711
2,warmup,2,79,0.00014000099999999998,0.053776,0.548628,0.003198,0.01822,0.6238220000000001
2,warmup,2,80,0.000145001,0.062356,0.548688,0.003212,0.0184,0.6326559999999999
2,warmup,2,81,0.000150001,0.062123,0.548752,0.003261,0.018338,0.632474
2,warmup,2,82,0.000155001,0.073226,0.548576,0.003214,0.0183,0.643316
2,warmup,2,83,0.00016000099999999997,0.072633,0.549007,0.003215,0.01829,0.643145
2,warmup,2,84,0.000165001,0.072499,0.548327,0.00323,0.018227,0.6422829999999999
2,warmup,2,85,0.000170001,0.082051,0.549277,0.003214,0.018264,0.652806
2,warmup,2,86,0.000175001,0.080982,0.549336,0.003222,0.018294,0.651834
2,warmup,2,87,0.00018000099999999997,0.092076,0.549208,0.003202,0.018263,0.6627490000000001
2,warmup,2,88,0.00018500099999999999,0.091466,0.548973,0.003204,0.018201,0.6618440000000001
2,warmup,2,89,0.000190001,0.091004,0.549295,0.003211,0.018293,0.6618029999999999
2,warmup,2,90,0.00019500099999999999,0.102757,0.549069,0.003205,0.018218,0.673249
2,warmup,2,91,0.000200001,0.10228,0.549135,0.003211,0.018196,0.672822
2,warmup,2,92,0.00020500099999999998,0.114627,0.548794,0.003206,0.018361,0.684988
2,warmup,2,93,0.000210001,0.114285,0.549067,0.003206,0.018263,0.684821
2,warmup,2,94,0.00021500099999999998,0.127054,0.54898,0.003215,0.018214,0.6974629999999999
2,warmup,2,95,0.000220001,0.126269,0.54916,0.003205,0.01827,0.696904
2,warmup,2,96,0.00022500099999999998,0.126227,0.549018,0.003208,0.018276,0.6967289999999999
2,warmup,2,97,0.000230001,0.141215,0.549193,0.003217,0.018281,0.711906
2,warmup,2,98,0.00023500099999999998,0.139715,0.548911,0.003212,0.018327,0.710165
2,warmup,2,99,0.000240001,0.154045,0.549143,0.003213,0.018276,0.724677
2,warmup,2,100,0.000245001,0.153539,0.548716,0.003207,0.018371,0.723833
2,warmup,2,101,0.000250001,0.153537,0.549196,0.003204,0.018227,0.724164
2,warmup,3,1,-0.000249999,0.164575,0.549035,0.003214,0.018335,0.7351590000000001
2,warmup,3,2,-0.000244999,0.154663,0.548805,0.00323,0.018295,0.7249929999999999
2,warmup,3,3,-0.00023999900000000002,0.154215,0.549187,0.003208,0.018172,0.7247819999999999
2,warmup,3,4,-0.000234999,0.144716,0.548997,0.003216,0.018264,0.715193
2,warmup,3,5,-0.00022999900000000002,0.139891,0.549043,0.00321,0.018282,0.710426
2,warmup,3,6,-0.000224999,0.126548,0.548827,0.003235,0.018372,0.696982
2,warmup,3,7,-0.00021999900000000002,0.126458,0.549072,0.003213,0.018297,0.69704
2,warmup,3,8,-0.000214999,0.12665,0.548882,0.003204,0.018302,0.697038
2,warmup,3,9,-0.00020999900000000002,0.114049,0.548899,0.003218,0.018326,0.684492
2,warmup,3,10,-0.000204999,0.114578,0.548995,0.003215,0.018254,0.6850419999999999
2,warmup,3,11,-0.00019999900000000002,0.102309,0.549198,0.003213,0.018417,0.673137
2,warmup,3,12,-0.000194999,0.102407,0.548895,0.003198,0.018306,0.6728060000000001
2,warmup,3,13,-0.00018999900000000002,0.091481,0.549282,0.003219,0.018258,0.66224
2,warmup,3,14,-0.000184999,0.091405,0.548967,0.003206,0.018281,0.661859
2,warmup,3,15,-0.000179999,0.091059,0.548994,0.003201,0.018317,0.661571
2,warmup,3,16,-0.000174999,0.080965,0.548769,0.003215,0.018202,0.6511509999999999
2,warmup,3,17,-0.00016999900000000002,0.080635,0.549574,0.003225,0.018281,0.651715
2,warmup,3,18,-0.000164999,0.07333,0.548695,0.003228,0.018253,0.643506
2,warmup,3,19,-0.000159999,0.072955,0.548675,0.003221,0.018466,0.643317
2,warmup,3,20,-0.000154999,0.072662,0.548479,0.003211,0.018235,0.642587
2,warmup,3,21,-0.00014999900000000003,0.06172,0.548728,0.003209,0.018222,0.631879
2,warmup,3,22,-0.000144999,0.062017,0.548388,0.003207,0.018186,0.631798
2,warmup,3,23,-0.000139999,0.053549,0.548635,0.003195,0.018229,0.6236079999999999
2,warmup,3,24,-0.000134999,0.053684,0.548858,0.003194,0.018204,0.6239399999999999
2,warmup,3,25,-0.000129999,0.045991,0.547643,0.003197,0.018284,0.615115
2,warmup,3,26,-0.00012499900000000001,0.04597,0.548733,0.003201,0.018367,0.616271
2,warmup,3,27,-0.00011999899999999999,0.046022,0.547613,0.003222,0.01826,0.6151169999999999
2,warmup,3,28,-0.000114999,0.039696,0.548831,0.003197,0.01825,0.6099739999999999
2,warmup,3,29,-0.00010999899999999999,0.039305,0.548665,0.003206,0.01821,0.609386
2,warmup,3,30,-0.000104999,0.03243,0.548369,0.003199,0.018181,0.6021789999999999
2,warmup,3,31,-9.999899999999999e-05,0.032534,0.548642,0.003206,0.018319,0.6027009999999999
2,warmup,3,32,-9.4999e-05,0.02636,0.548491,0.003216,0.018245,0.596312
2,warmup,3,33,-8.999899999999999e-05,0.026525,0.548695,0.003195,0.018202,0.5966170000000001
2,warmup,3,34,-8.499899999999998e-05,0.026393,0.547579,0.003198,0.018243,0.5954130000000001
2,warmup,3,35,-7.999899999999999e-05,0.021292,0.549025,0.003211,0.018345,0.5918729999999999
2,warmup,3,36,-7.499899999999998e-05,0.021356,0.547486,0.003201,0.018218,0.590261
2,warmup,3,37,-6.999899999999999e-05,0.016727,0.549224,0.003198,0.018317,0.5874660000000002
2,warmup,3,38,-6.499899999999998e-05,0.01704,0.54742,0.003197,0.018174,0.585831
2,warmup,3,39,-5.999899999999999e-05,0.016824,0.549047,0.003211,0.018247,0.5873289999999999
2,warmup,3,40,-5.499899999999998e-05,0.013083,0.54754,0.003216,0.018181,0.58202
2,warmup,3,41,-4.9998999999999993e-05,0.013038,0.548989,0.003201,0.018365,0.5835929999999999
2,warmup,3,42,-4.499899999999998e-05,0.009999,0.547636,0.003213,0.018257,0.579105
2,warmup,3,43,-3.9998999999999994e-05,0.009948,0.548884,0.003198,0.0182,0.58023
2,warmup,3,44,-3.499899999999998e-05,0.007377,0.547582,0.0032,0.018135,0.576294
2,warmup,3,45,-2.9999e-05,0.007366,0.548731,0.003204,0.018177,0.5774779999999999
2,warmup,3,46,-2.4998999999999985e-05,0.007376,0.547697,0.003203,0.018174,0.57645
2,warmup,3,47,-1.9999e-05,0.005597,0.548377,0.003198,0.018172,0.575344
2,warmup,3,48,-1.4998999999999985e-05,0.005609,0.547862,0.003209,0.018151,0.574831
2,warmup,3,49,-9.998999999999972e-06,0.005596,0.548801,0.003198,0.018214,0.575809
2,warmup,3,50,-4.998999999999959e-06,0.005588,0.547665,0.003202,0.018228,0.574683
2,warmup,3,51,1e-09,0.005599,0.548838,0.003194,0.018244,0.5758750000000001
2,warmup,3,52,5.0009999999999586e-06,0.005593,0.547016,0.003196,0.018221,0.5740259999999999
2,warmup,3,53,1.0000999999999973e-05,0.005654,0.549335,0.003209,0.018279,0.5764770000000001
2,warmup,3,54,1.5000999999999986e-05,0.005673,0.547288,0.0032,0.018209,0.57437
2,warmup,3,55,2.0000999999999997e-05,0.005656,0.549372,0.003221,0.018305,0.576554
2,warmup,3,56,2.5000999999999983e-05,0.007743,0.54729,0.003209,0.018361,0.5766030000000001
2,warmup,3,57,3.0000999999999996e-05,0.007459,0.549287,0.003205,0.018296,0.578247
2,warmup,3,58,3.5000999999999986e-05,0.00727,0.545449,0.003199,0.018124,0.5740419999999999
2,warmup,3,59,4.0001e-05,0.010207,0.550223,0.003193,0.018315,0.581938
2,warmup,3,60,4.5000999999999985e-05,0.010029,0.54725,0.003207,0.018254,0.5787399999999999
2,warmup,3,61,5.0001e-05,0.013212,0.549469,0.0032,0.018282,0.584163
2,warmup,3,62,5.5000999999999984e-05,0.013057,0.548216,0.003199,0.018203,0.5826749999999999
2,warmup,3,63,6.0001e-05,0.016991,0.548676,0.003212,0.01818,0.587059
2,warmup,3,64,6.500099999999998e-05,0.018407,0.548243,0.003198,0.018266,0.588114
2,warmup,3,65,7.0001e-05,0.016811,0.548776,0.003215,0.018291,0.5870930000000001
2,warmup,3,66,7.500099999999998e-05,0.021545,0.548376,0.003204,0.018219,0.591344
2,warmup,3,67,8.0001e-05,0.021326,0.548914,0.003214,0.01828,0.591734
2,warmup,3,68,8.500099999999998e-05,0.026733,0.54821,0.003207,0.01828,0.5964299999999999
2,warmup,3,69,9.0001e-05,0.026441,0.548795,0.003216,0.018287,0.5967390000000001
2,warmup,3,70,9.500100000000001e-05,0.026409,0.548408,0.003205,0.018313,0.5963350000000001
2,warmup,3,71,0.000100001,0.032621,0.548605,0.003197,0.01825,0.602673
2,warmup,3,72,0.000105001,0.032307,0.548534,0.003204,0.018276,0.6023209999999999
2,warmup,3,73,0.00011000099999999999,0.039166,0.548468,0.003197,0.018165,0.608996
2,warmup,3,74,0.000115001,0.038726,0.548836,0.00321,0.018288,0.60906
2,warmup,3,75,0.00012000099999999999,0.046457,0.548247,0.003204,0.018304,0.616212
2,warmup,3,76,0.000125001,0.045872,0.548916,0.003212,0.018338,0.6163379999999999
2,warmup,3,77,0.00013000099999999998,0.045864,0.548953,0.003204,0.018177,0.616198
2,warmup,3,78,0.000135001,0.053807,0.54865,0.003203,0.018167,0.623827
2,warmup,3,79,0.00014000099999999998,0.053442,0.548845,0.003192,0.018181,0.62366
2,warmup,3,80,0.000145001,0.062366,0.548587,0.003219,0.018313,0.6324850000000001
2,warmup,3,81,0.000150001,0.06506,0.548236,0.003203,0.018254,0.6347529999999999
2,warmup,3,82,0.000155001,0.072002,0.548964,0.003207,0.018336,0.642509
2,warmup,3,83,0.00016000099999999997,0.07119,0.548511,0.003199,0.018258,0.6411579999999999
2,warmup,3,84,0.000165001,0.073943,0.548776,0.003207,0.018294,0.64422
2,warmup,3,85,0.000170001,0.081388,0.54899,0.003214,0.018308,0.6519
2,warmup,3,86,0.000175001,0.081088,0.548905,0.00321,0.018287,0.6514900000000001
2,warmup,3,87,0.00018000099999999997,0.091544,0.549165,0.003205,0.018299,0.6622129999999999
2,warmup,3,88,0.00018500099999999999,0.091359,0.549,0.003202,0.01837,0.661931
2,warmup,3,89,0.000190001,0.091466,0.549268,0.003199,0.01822,0.662153
2,warmup,3,90,0.00019500099999999999,0.102839,0.549137,0.003203,0.018194,0.673373
2,warmup,3,91,0.000200001,0.102139,0.549306,0.003205,0.018208,0.672858
2,warmup,3,92,0.00020500099999999998,0.11484,0.548905,0.003205,0.018302,0.6852520000000001
2,warmup,3,93,0.000210001,0.114468,0.549324,0.003214,0.018331,0.6853370000000001
2,warmup,3,94,0.00021500099999999998,0.127147,0.549198,0.003203,0.018254,0.6978019999999999
2,warmup,3,95,0.000220001,0.126378,0.54947,0.003204,0.018239,0.697291
2,warmup,3,96,0.00022500099999999998,0.126489,0.549257,0.003211,0.018188,0.6971449999999999
2,warmup,3,97,0.000230001,0.1401,0.549395,0.003204,0.018208,0.710907
2,warmup,3,98,0.00023500099999999998,0.139489,0.548955,0.003212,0.018332,0.709988
2,warmup,3,99,0.000240001,0.154551,0.549476,0.003204,0.018165,0.7253959999999999
2,warmup,3,100,0.000245001,0.153607,0.548976,0.003218,0.018349,0.72415
2,warmup,3,101,0.000250001,0.153664,0.549516,0.003216,0.018228,0.724624
2,warmup,4,1,-0.000249999,0.164798,0.549368,0.003221,0.018307,0.735694
2,warmup,4,2,-0.000244999,0.154736,0.549479,0.003216,0.018315,0.725746
2,warmup,4,3,-0.00023999900000000002,0.154416,0.549376,0.003209,0.018226,0.725227
2,warmup,4,4,-0.000234999,0.145176,0.549312,0.003214,0.018312,0.716014
2,warmup,4,5,-0.00022999900000000002,0.139805,0.549537,0.003218,0.018181,0.7107410000000002
2,warmup,4,6,-0.000224999,0.126303,0.549469,0.003221,0.018168,0.697161
2,warmup,4,7,-0.00021999900000000002,0.126531,0.549392,0.003216,0.018188,0.697327
2,warmup,4,8,-0.000214999,0.126262,0.549355,0.003212,0.018344,0.697173
2,warmup,4,9,-0.00020999900000000002,0.114081,0.549388,0.003209,0.018326,0.685004
2,warmup,4,10,-0.000204999,0.114212,0.549507,0.003203,0.018204,0.6851259999999999
2,warmup,4,11,-0.00019999900000000002,0.102246,0.549491,0.003209,0.01828,0.673226
2,warmup,4,12,-0.000194999,0.102114,0.549247,0.003431,0.018281,0.673073
2,warmup,4,13,-0.00018999900000000002,0.091241,0.549228,0.003203,0.018292,0.661964
2,warmup,4,14,-0.000184999,0.091646,0.549213,0.003213,0.018358,0.66243
2,warmup,4,15,-0.000179999,0.09135,0.549278,0.003219,0.018233,0.66208
2,warmup,4,16,-0.000174999,0.080754,0.549049,0.003206,0.018238,0.651247
2,warmup,4,17,-0.00016999900000000002,0.08105,0.549121,0.003198,0.018386,0.651755
2,warmup,4,18,-0.000164999,0.071279,0.548294,0.003198,0.018276,0.6410469999999999
2,warmup,4,19,-0.000159999,0.071331,0.549077,0.003206,0.018257,0.6418710000000001
2,warmup,4,20,-0.000154999,0.071197,0.547366,0.003198,0.018112,0.639873
2,warmup,4,21,-0.00014999900000000003,0.062139,0.549375,0.0032,0.018103,0.6328169999999999
2,warmup,4,22,-0.000144999,0.061948,0.548535,0.003208,0.018176,0.631867
2,warmup,4,23,-0.000139999,0.053468,0.548699,0.00322,0.018322,0.623709
2,warmup,4,24,-0.000134999,0.053846,0.548159,0.003196,0.018299,0.6234999999999998
2,warmup,4,25,-0.000129999,0.046039,0.54876,0.003201,0.018295,0.616295
2,warmup,4,26,-0.00012499900000000001,0.046041,0.548357,0.003212,0.018291,0.615901
2,warmup,4,27,-0.00011999899999999999,0.045845,0.548873,0.003197,0.018195,0.61611
2,warmup,4,28,-0.000114999,0.038688,0.548263,0.003199,0.018203,0.6083529999999999
2,warmup,4,29,-0.00010999899999999999,0.038755,0.548581,0.003197,0.018212,0.608745
2,warmup,4,30,-0.000104999,0.032251,0.548598,0.003204,0.018245,0.602298
2,warmup,4,31,-9.999899999999999e-05,0.032406,0.548338,0.003212,0.018322,0.602278
2,warmup,4,32,-9.4999e-05,0.026305,0.548486,0.003207,0.018176,0.596174
2,warmup,4,33,-8.999899999999999e-05,0.026416,0.548445,0.003211,0.018167,0.596239
2,warmup,4,34,-8.499899999999998e-05,0.026266,0.54842,0.003204,0.018281,0.596171
2,warmup,4,35,-7.999899999999999e-05,0.021316,0.548686,0.003205,0.018248,0.5914550000000001
2,warmup,4,36,-7.499899999999998e-05,0.021329,0.548286,0.003208,0.018251,0.5910740000000001
2,warmup,4,37,-6.999899999999999e-05,0.016722,0.548703,0.003201,0.018279,0.5869050000000001
2,warmup,4,38,-6.499899999999998e-05,0.016859,0.548354,0.003208,0.018192,0.5866129999999999
2,warmup,4,39,-5.999899999999999e-05,0.016883,0.548404,0.003195,0.018277,0.5867589999999999
2,warmup,4,40,-5.499899999999998e-05,0.013094,0.548132,0.003201,0.01816,0.582587
2,warmup,4,41,-4.9998999999999993e-05,0.012993,0.548823,0.003195,0.018379,0.58339
2,warmup,4,42,-4.499899999999998e-05,0.009949,0.548161,0.003201,0.01822,0.579531
2,warmup,4,43,-3.9998999999999994e-05,0.009846,0.548144,0.003201,0.018191,0.579382
2,warmup,4,44,-3.499899999999998e-05,0.007397,0.548358,0.003198,0.018173,0.577126
2,warmup,4,45,-2.9999e-05,0.007444,0.548281,0.00321,0.018107,0.577042
2,warmup,4,46,-2.4998999999999985e-05,0.007386,0.548263,0.003204,0.018228,0.577081
2,warmup,4,47,-1.9999e-05,0.005609,0.548215,0.003199,0.018152,0.575175
2,warmup,4,48,-1.4998999999999985e-05,0.005593,0.548241,0.003348,0.01823,0.5754119999999999
2,warmup,4,49,-9.998999999999972e-06,0.005805,0.548252,0.003198,0.018185,0.57544
2,warmup,4,50,-4.998999999999959e-06,0.005601,0.548202,0.003203,0.018168,0.5751739999999999
2,warmup,4,51,1e-09,0.005595,0.548154,0.003204,0.018307,0.57526
2,warmup,4,52,5.0009999999999586e-06,0.005685,0.547326,0.003215,0.018204,0.57443
2,warmup,4,53,1.0000999999999973e-05,0.005611,0.548957,0.003206,0.018287,0.5760610000000002
2,warmup,4,54,1.5000999999999986e-05,0.005637,0.547571,0.003202,0.018236,0.5746460000000001
2,warmup,4,55,2.0000999999999997e-05,0.005597,0.548876,0.003209,0.018295,0.575977
2,warmup,4,56,2.5000999999999983e-05,0.009535,0.547615,0.003198,0.018292,0.5786399999999999
2,warmup,4,57,3.0000999999999996e-05,0.007363,0.549666,0.003197,0.018175,0.578401
2,warmup,4,58,3.5000999999999986e-05,0.007341,0.548428,0.003207,0.018286,0.577262
2,warmup,4,59,4.0001e-05,0.010041,0.548802,0.003207,0.018293,0.5803429999999999
2,warmup,4,60,4.5000999999999985e-05,0.009909,0.548648,0.003198,0.018169,0.579924
2,warmup,4,61,5.0001e-05,0.013128,0.54874,0.00323,0.018334,0.583432
2,warmup,4,62,5.5000999999999984e-05,0.01322,0.548916,0.003211,0.018155,0.583502
2,warmup,4,63,6.0001e-05,0.01866,0.548769,0.003206,0.018291,0.5889260000000001
2,warmup,4,64,6.500099999999998e-05,0.016891,0.548808,0.0032,0.01833,0.5872289999999999
2,warmup,4,65,7.0001e-05,0.016882,0.548837,0.003408,0.018244,0.587371
2,warmup,4,66,7.500099999999998e-05,0.021371,0.548914,0.003202,0.018365,0.591852
2,warmup,4,67,8.0001e-05,0.021438,0.548789,0.003208,0.018283,0.591718
2,warmup,4,68,8.500099999999998e-05,0.026754,0.548786,0.003209,0.01828,0.5970289999999999
2,warmup,4,69,9.0001e-05,0.026615,0.548945,0.0032,0.018387,0.5971470000000001
2,warmup,4,70,9.500100000000001e-05,0.026478,0.548802,0.003205,0.018273,0.596758
2,warmup,4,71,0.000100001,0.032982,0.548728,0.003195,0.018241,0.6031459999999998
2,warmup,4,72,0.000105001,0.032403,0.549107,0.003205,0.018286,0.603001
2,warmup,4,73,0.00011000099999999999,0.039687,0.548524,0.003208,0.018151,0.6095700000000001
2,warmup,4,74,0.000115001,0.039468,0.549434,0.003221,0.018369,0.610492
2,warmup,4,75,0.00012000099999999999,0.046843,0.548239,0.003212,0.018202,0.616496
2,warmup,4,76,0.000125001,0.046003,0.549792,0.003208,0.018371,0.617374
2,warmup,4,77,0.00013000099999999998,0.04604,0.548983,0.003195,0.018227,0.6164449999999999
2,warmup,4,78,0.000135001,0.053836,0.549048,0.003208,0.018251,0.624343
2,warmup,4,79,0.00014000099999999998,0.053616,0.549073,0.003217,0.018287,0.6241930000000001
2,warmup,4,80,0.000145001,0.062591,0.548938,0.003201,0.01826,0.6329899999999999
2,warmup,4,81,0.000150001,0.06196,0.54905,0.003208,0.018282,0.6325000000000001
2,warmup,4,82,0.000155001,0.072805,0.549062,0.003204,0.018254,0.643325
2,warmup,4,83,0.00016000099999999997,0.072497,0.549202,0.003203,0.018209,0.643111
2,warmup,4,84,0.000165001,0.072471,0.548872,0.003205,0.018318,0.6428659999999999
2,warmup,4,85,0.000170001,0.082366,0.549064,0.003207,0.018385,0.6530219999999999
2,warmup,4,86,0.000175001,0.081074,0.549266,0.003218,0.01823,0.651788
2,warmup,4,87,0.00018000099999999997,0.091743,0.548985,0.0032,0.018232,0.66216
2,warmup,4,88,0.00018500099999999999,0.091455,0.549123,0.003203,0.018273,0.6620539999999999
2,warmup,4,89,0.000190001,0.091238,0.549295,0.003203,0.018247,0.661983
2,warmup,4,90,0.00019500099999999999,0.102834,0.549298,0.003209,0.018261,0.6736019999999999
2,warmup,4,91,0.000200001,0.102132,0.549589,0.003206,0.018297,0.673224
2,warmup,4,92,0.00020500099999999998,0.114783,0.549605,0.003209,0.018402,0.685999
2,warmup,4,93,0.000210001,0.114459,0.549697,0.003213,0.018288,0.685657
2,warmup,4,94,0.00021500099999999998,0.127249,0.549854,0.003212,0.01823,0.698545
2,warmup,4,95,0.000220001,0.126411,0.54984,0.003206,0.018187,0.6976439999999999
2,warmup,4,96,0.00022500099999999998,0.126368,0.549636,0.003205,0.018249,0.697458
2,warmup,4,97,0.000230001,0.140061,0.549544,0.003225,0.018292,0.711122
2,warmup,4,98,0.00023500099999999998,0.139619,0.549445,0.003212,0.018325,0.7106009999999999
2,warmup,4,99,0.000240001,0.154046,0.549847,0.003213,0.018309,0.725415
2,warmup,4,100,0.000245001,0.153731,0.549599,0.003223,0.018273,0.724826
2,warmup,4,101,0.000250001,0.157958,0.54967,0.003216,0.018453,0.729297
2,warmup,5,1,-0.000249999,0.162802,0.549797,0.00322,0.018252,0.734071
2,warmup,5,2,-0.000244999,0.154532,0.549779,0.003213,0.018292,0.725816
2,warmup,5,3,-0.00023999900000000002,0.154146,0.549162,0.003216,0.018267,0.7247910000000001
2,warmup,5,4,-0.000234999,0.144936,0.548933,0.003211,0.018297,0.715377
2,warmup,5,5,-0.00022999900000000002,0.139826,0.549155,0.00321,0.018366,0.710557
2,warmup,5,6,-0.000224999,0.126604,0.54911,0.003219,0.018305,0.6972379999999999
2,warmup,5,7,-0.00021999900000000002,0.127067,0.549161,0.003218,0.018373,0.6978190000000001
2,warmup,5,8,-0.000214999,0.126606,0.548929,0.003205,0.018266,0.697006
2,warmup,5,9,-0.00020999900000000002,0.114464,0.549384,0.003212,0.018219,0.685279
2,warmup,5,10,-0.000204999,0.114098,0.548945,0.003207,0.018297,0.684547
2,warmup,5,11,-0.00019999900000000002,0.102289,0.549013,0.003193,0.018409,0.672904
2,warmup,5,12,-0.000194999,0.102715,0.54894,0.003205,0.018275,0.673135
2,warmup,5,13,-0.00018999900000000002,0.091271,0.548824,0.003211,0.018271,0.661577
2,warmup,5,14,-0.000184999,0.091593,0.54891,0.003206,0.018346,0.6620550000000001
2,warmup,5,15,-0.000179999,0.091283,0.548944,0.003198,0.018128,0.6615530000000001
2,warmup,5,16,-0.000174999,0.08065,0.548526,0.003194,0.01825,0.65062
2,warmup,5,17,-0.00016999900000000002,0.08076,0.548832,0.003225,0.018424,0.651241
2,warmup,5,18,-0.000164999,0.074324,0.548176,0.003205,0.01813,0.643835
2,warmup,5,19,-0.000159999,0.072296,0.548962,0.003195,0.018176,0.6426289999999999
2,warmup,5,20,-0.000154999,0.072571,0.547975,0.003202,0.018157,0.6419050000000001
2,warmup,5,21,-0.00014999900000000003,0.06207,0.549034,0.003205,0.01837,0.632679
2,warmup,5,22,-0.000144999,0.062179,0.547968,0.003197,0.018099,0.631443
2,warmup,5,23,-0.000139999,0.053462,0.549628,0.003202,0.018359,0.6246510000000001
2,warmup,5,24,-0.000134999,0.053668,0.548083,0.003205,0.018212,0.623168
2,warmup,5,25,-0.000129999,0.045843,0.549286,0.003198,0.018181,0.6165080000000001
2,warmup,5,26,-0.00012499900000000001,0.045803,0.548273,0.003208,0.018122,0.615406
2,warmup,5,27,-0.00011999899999999999,0.045959,0.548926,0.003204,0.018212,0.616301
2,warmup,5,28,-0.000114999,0.03968,0.548849,0.003206,0.018398,0.6101330000000001
2,warmup,5,29,-0.00010999899999999999,0.039589,0.548363,0.00321,0.018283,0.6094450000000001
2,warmup,5,30,-0.000104999,0.032534,0.548671,0.003201,0.01822,0.602626
2,warmup,5,31,-9.999899999999999e-05,0.032447,0.548534,0.003204,0.01817,0.602355
2,warmup,5,32,-9.4999e-05,0.026365,0.548676,0.003195,0.018257,0.5964929999999999
2,warmup,5,33,-8.999899999999999e-05,0.026382,0.548604,0.003203,0.018248,0.596437
2,warmup,5,34,-8.499899999999998e-05,0.029257,0.548266,0.003196,0.018188,0.598907
2,warmup,5,35,-7.999899999999999e-05,0.021322,0.548686,0.003205,0.018188,0.591401
2,warmup,5,36,-7.499899999999998e-05,0.021325,0.548474,0.003202,0.018222,0.591223
2,warmup,5,37,-6.999899999999999e-05,0.016785,0.548713,0.003201,0.018297,0.5869960000000001
2,warmup,5,38,-6.499899999999998e-05,0.0169,0.548336,0.003214,0.018235,0.5866850000000001
2,warmup,5,39,-5.999899999999999e-05,0.016763,0.548785,0.003207,0.018263,0.5870179999999999
2,warmup,5,40,-5.499899999999998e-05,0.013001,0.548387,0.003205,0.018246,0.582839
2,warmup,5,41,-4.9998999999999993e-05,0.013045,0.548761,0.003215,0.018162,0.583183
2,warmup,5,42,-4.499899999999998e-05,0.009977,0.548472,0.003203,0.018261,0.5799129999999999
2,warmup,5,43,-3.9998999999999994e-05,0.010167,0.548397,0.0032,0.018247,0.580011
2,warmup,5,44,-3.499899999999998e-05,0.007448,0.548491,0.003194,0.018169,0.577302
2,warmup,5,45,-2.9999e-05,0.007338,0.54824,0.003199,0.018212,0.5769889999999999
2,warmup,5,46,-2.4998999999999985e-05,0.007352,0.54868,0.003203,0.018178,0.577413
2,warmup,5,47,-1.9999e-05,0.005598,0.54833,0.003194,0.018258,0.57538
2,warmup,5,48,-1.4998999999999985e-05,0.006944,0.548397,0.003203,0.018257,0.5768009999999999
2,warmup,5,49,-9.998999999999972e-06,0.005587,0.548334,0.003203,0.018185,0.575309
2,warmup,5,50,-4.998999999999959e-06,0.005577,0.548243,0.003199,0.018228,0.5752470000000001
2,warmup,5,51,1e-09,0.005566,0.548602,0.003208,0.018249,0.5756249999999999
2,warmup,5,52,5.0009999999999586e-06,0.005745,0.545977,0.003206,0.018269,0.5731970000000001
2,warmup,5,53,1.0000999999999973e-05,0.005614,0.549548,0.003206,0.018225,0.5765930000000001
2,warmup,5,54,1.5000999999999986e-05,0.005596,0.547219,0.003205,0.01819,0.5742100000000001
2,warmup,5,55,2.0000999999999997e-05,0.005616,0.549451,0.00322,0.0182,0.576487
2,warmup,5,56,2.5000999999999983e-05,0.007611,0.547321,0.003203,0.018176,0.5763109999999999
2,warmup,5,57,3.0000999999999996e-05,0.007367,0.54938,0.003198,0.018132,0.5780770000000001
2,warmup,5,58,3.5000999999999986e-05,0.007384,0.548113,0.003198,0.018181,0.5768759999999999
2,warmup,5,59,4.0001e-05,0.009922,0.548873,0.003194,0.018235,0.5802240000000001
2,warmup,5,60,4.5000999999999985e-05,0.009953,0.548465,0.00321,0.01833,0.579958
2,warmup,5,61,5.0001e-05,0.012938,0.547239,0.003206,0.018172,0.581555
2,warmup,5,62,5.5000999999999984e-05,0.013033,0.549842,0.003205,0.018227,0.584307
2,warmup,5,63,6.0001e-05,0.016984,0.548212,0.0032,0.018275,0.586671
2,warmup,5,64,6.500099999999998e-05,0.016725,0.548889,0.003209,0.018221,0.587044
2,warmup,5,65,7.0001e-05,0.016902,0.548408,0.003194,0.018251,0.586755
2,warmup,5,66,7.500099999999998e-05,0.021492,0.548761,0.003204,0.018286,0.591743
2,warmup,5,67,8.0001e-05,0.021553,0.548446,0.003202,0.018291,0.5914920000000001
2,warmup,5,68,8.500099999999998e-05,0.026432,0.548567,0.003207,0.018393,0.596599
2,warmup,5,69,9.0001e-05,0.026619,0.548582,0.003198,0.018257,0.596656
2,warmup,5,70,9.500100000000001e-05,0.026487,0.548458,0.003208,0.018256,0.5964090000000001
2,warmup,5,71,0.000100001,0.032477,0.548525,0.003205,0.018318,0.602525
2,warmup,5,72,0.000105001,0.032422,0.548527,0.003209,0.018245,0.6024029999999999
2,warmup,5,73,0.00011000099999999999,0.038615,0.54909,0.003206,0.018352,0.609263
2,warmup,5,74,0.000115001,0.038593,0.548591,0.003202,0.01832,0.6087060000000001
2,warmup,5,75,0.00012000099999999999,0.046037,0.548535,0.003202,0.018349,0.616123
2,warmup,5,76,0.000125001,0.046067,0.548644,0.003207,0.018228,0.616146
2,warmup,5,77,0.00013000099999999998,0.046099,0.548491,0.003207,0.018353,0.6161499999999999
2,warmup,5,78,0.000135001,0.053629,0.548951,0.00321,0.018205,0.6239950000000001
2,warmup,5,79,0.00014000099999999998,0.053336,0.548849,0.003204,0.01825,0.623639
2,warmup,5,80,0.000145001,0.061902,0.548746,0.003206,0.018111,0.631965
2,warmup,5,81,0.000150001,0.061438,0.549274,0.003216,0.018316,0.632244
2,warmup,5,82,0.000155001,0.073325,0.548666,0.003214,0.018335,0.64354
2,warmup,5,83,0.00016000099999999997,0.071304,0.549016,0.003206,0.018364,0.6418900000000001
2,warmup,5,84,0.000165001,0.071246,0.548883,0.003206,0.018169,0.6415040000000001
2,warmup,5,85,0.000170001,0.080814,0.548952,0.003202,0.018372,0.65134
2,warmup,5,86,0.000175001,0.080583,0.548776,0.003203,0.018317,0.650879
2,warmup,5,87,0.00018000099999999997,0.091241,0.549006,0.003201,0.018378,0.661826
2,warmup,5,88,0.00018500099999999999,0.090963,0.548976,0.003205,0.018284,0.661428
2,warmup,5,89,0.000190001,0.090566,0.548962,0.003194,0.018358,0.66108
2,warmup,5,90,0.00019500099999999999,0.102616,0.548974,0.003209,0.018179,0.6729780000000001
2,warmup,5,91,0.000200001,0.102401,0.549178,0.003204,0.018354,0.673137
2,warmup,5,92,0.00020500099999999998,0.114404,0.548838,0.003206,0.01827,0.6847180000000002
2,warmup,5,93,0.000210001,0.113743,0.549198,0.003203,0.018223,0.684367
2,warmup,5,94,0.00021500099999999998,0.12618,0.549111,0.003222,0.018241,0.6967539999999999
2,warmup,5,95,0.000220001,0.12633,0.549257,0.003222,0.018281,0.6970899999999999
2,warmup,5,96,0.00022500099999999998,0.126211,0.548961,0.003213,0.018297,0.696682
2,warmup,5,97,0.000230001,0.139752,0.549207,0.003211,0.018294,0.710464
2,warmup,5,98,0.00023500099999999998,0.138794,0.549924,0.003214,0.018296,0.710228
2,warmup,5,99,0.000240001,0.153492,0.549341,0.003206,0.018316,0.724355
2,warmup,5,100,0.000245001,0.152734,0.548762,0.003207,0.018342,0.7230449999999999
2,warmup,5,101,0.000250001,0.15277,0.549142,0.003212,0.018275,0.723399
2,warmup,6,1,-0.000249999,0.164155,0.548991,0.00322,0.018262,0.7346280000000001
2,warmup,6,2,-0.000244999,0.154107,0.548786,0.003224,0.018324,0.724441
2,warmup,6,3,-0.00023999900000000002,0.153562,0.549134,0.003209,0.0183,0.724205
2,warmup,6,4,-0.000234999,0.144005,0.548984,0.003214,0.018244,0.7144470000000002
2,warmup,6,5,-0.00022999900000000002,0.138989,0.548956,0.003205,0.018319,0.709469
2,warmup,6,6,-0.000224999,0.126014,0.548768,0.003215,0.01827,0.696267
2,warmup,6,7,-0.00021999900000000002,0.126071,0.548983,0.003219,0.018284,0.696557
2,warmup,6,8,-0.000214999,0.126122,0.548722,0.003211,0.018312,0.696367
2,warmup,6,9,-0.00020999900000000002,0.113896,0.549162,0.003208,0.018132,0.6843980000000001
2,warmup,6,10,-0.000204999,0.11332,0.548779,0.003209,0.018334,0.683642
2,warmup,6,11,-0.00019999900000000002,0.102037,0.548869,0.003354,0.018459,0.6727190000000001
2,warmup,6,12,-0.000194999,0.104911,0.548798,0.003206,0.018329,0.6752440000000001
2,warmup,6,13,-0.00018999900000000002,0.09111,0.5489,0.003221,0.018286,0.6615170000000001
2,warmup,6,14,-0.000184999,0.091335,0.548821,0.003214,0.018292,0.661662
2,warmup,6,15,-0.000179999,0.0909,0.549091,0.003209,0.018148,0.661348
2,warmup,6,16,-0.000174999,0.080268,0.548808,0.003207,0.018361,0.6506439999999999
2,warmup,6,17,-0.00016999900000000002,0.080532,0.548869,0.003219,0.018282,0.6509020000000001
2,warmup,6,18,-0.000164999,0.071036,0.548689,0.00321,0.018332,0.641267
2,warmup,6,19,-0.000159999,0.070839,0.549068,0.00321,0.018253,0.64137
2,warmup,6,20,-0.000154999,0.071221,0.54869,0.003204,0.018299,0.6414139999999999
2,warmup,6,21,-0.00014999900000000003,0.061876,0.548868,0.003193,0.01824,0.6321770000000001
2,warmup,6,22,-0.000144999,0.061931,0.548693,0.003211,0.018224,0.6320589999999999
2,warmup,6,23,-0.000139999,0.053221,0.549296,0.003207,0.018254,0.6239779999999999
2,warmup,6,24,-0.000134999,0.053548,0.548618,0.003399,0.018308,0.6238730000000001
2,warmup,6,25,-0.000129999,0.045761,0.549434,0.003213,0.018279,0.6166870000000001
2,warmup,6,26,-0.00012499900000000001,0.045739,0.548679,0.003212,0.01825,0.61588
2,warmup,6,27,-0.00011999899999999999,0.04587,0.549006,0.003202,0.018254,0.616332
2,warmup,6,28,-0.000114999,0.038545,0.549047,0.00321,0.018254,0.609056
2,warmup,6,29,-0.00010999899999999999,0.038652,0.548491,0.003194,0.018254,0.608591
2,warmup,6,30,-0.000104999,0.032346,0.54906,0.003203,0.018395,0.603004
2,warmup,6,31,-9.999899999999999e-05,0.032518,0.548352,0.003197,0.018198,0.602265
2,warmup,6,32,-9.4999e-05,0.026238,0.548948,0.003201,0.018247,0.596634
2,warmup,6,33,-8.999899999999999e-05,0.026256,0.54852,0.0032,0.018192,0.5961679999999999
2,warmup,6,34,-8.499899999999998e-05,0.026399,0.548912,0.003198,0.018335,0.5968439999999999
2,warmup,6,35,-7.999899999999999e-05,0.021294,0.548434,0.003219,0.018338,0.591285
2,warmup,6,36,-7.499899999999998e-05,0.021726,0.548493,0.003208,0.018296,0.591723
2,warmup,6,37,-6.999899999999999e-05,0.016804,0.548648,0.003206,0.018166,0.5868240000000001
2,warmup,6,38,-6.499899999999998e-05,0.016827,0.54864,0.003209,0.018282,0.5869580000000001
2,warmup,6,39,-5.999899999999999e-05,0.01683,0.548477,0.003197,0.018279,0.586783
2,warmup,6,40,-5.499899999999998e-05,0.013104,0.548731,0.003224,0.018303,0.5833619999999999
2,warmup,6,41,-4.9998999999999993e-05,0.013053,0.548397,0.003203,0.018151,0.582804
2,warmup,6,42,-4.499899999999998e-05,0.009955,0.54863,0.003198,0.018201,0.579984
2,warmup,6,43,-3.9998999999999994e-05,0.00989,0.548104,0.003205,0.018152,0.579351
2,warmup,6,44,-3.499899999999998e-05,0.007463,0.548741,0.003201,0.018218,0.577623
2,warmup,6,45,-2.9999e-05,0.007416,0.548318,0.003195,0.018369,0.5772979999999999
2,warmup,6,46,-2.4998999999999985e-05,0.007488,0.54827,0.003202,0.018172,0.5771320000000001
2,warmup,6,47,-1.9999e-05,0.005629,0.548546,0.0032,0.018323,0.5756979999999999
2,warmup,6,48,-1.4998999999999985e-05,0.005693,0.547793,0.003203,0.018194,0.5748829999999999
2,warmup,6,49,-9.998999999999972e-06,0.005852,0.54896,0.003204,0.01828,0.5762959999999999
2,warmup,6,50,-4.998999999999959e-06,0.005648,0.547972,0.003198,0.018244,0.5750620000000001
2,warmup,6,51,1e-09,0.005653,0.548797,0.003439,0.018101,0.57599
2,warmup,6,52,5.0009999999999586e-06,0.005546,0.546939,0.003196,0.018214,0.5738949999999999
2,warmup,6,53,1.0000999999999973e-05,0.005596,0.549549,0.003201,0.018235,0.576581
2,warmup,6,54,1.5000999999999986e-05,0.005597,0.54749,0.003207,0.018347,0.574641
2,warmup,6,55,2.0000999999999997e-05,0.005552,0.548457,0.003208,0.018238,0.5754549999999999
2,warmup,6,56,2.5000999999999983e-05,0.007349,0.547275,0.003193,0.018107,0.575924
2,warmup,6,57,3.0000999999999996e-05,0.00735,0.548972,0.003198,0.01817,0.57769
2,warmup,6,58,3.5000999999999986e-05,0.007365,0.547722,0.003201,0.018222,0.57651
2,warmup,6,59,4.0001e-05,0.009893,0.548767,0.003222,0.018268,0.5801499999999999
2,warmup,6,60,4.5000999999999985e-05,0.009853,0.547635,0.003202,0.018153,0.578843
2,warmup,6,61,5.0001e-05,0.013865,0.548732,0.003209,0.0183,0.584106
2,warmup,6,62,5.5000999999999984e-05,0.013191,0.548111,0.003205,0.018143,0.58265
2,warmup,6,63,6.0001e-05,0.016954,0.548593,0.003202,0.018203,0.586952
2,warmup,6,64,6.500099999999998e-05,0.016837,0.548233,0.0032,0.01826,0.58653
2,warmup,6,65,7.0001e-05,0.016812,0.548667,0.003205,0.018371,0.5870550000000001
2,warmup,6,66,7.500099999999998e-05,0.02157,0.548014,0.003212,0.018271,0.591067
2,warmup,6,67,8.0001e-05,0.021415,0.548539,0.003211,0.018169,0.5913339999999999
2,warmup,6,68,8.500099999999998e-05,0.026429,0.548331,0.0032,0.018168,0.596128
2,warmup,6,69,9.0001e-05,0.026385,0.548693,0.003203,0.018214,0.5964949999999999
2,warmup,6,70,9.500100000000001e-05,0.026264,0.548266,0.003208,0.018252,0.59599
2,warmup,6,71,0.000100001,0.032456,0.548813,0.003201,0.018281,0.602751
2,warmup,6,72,0.000105001,0.032348,0.548719,0.003205,0.01816,0.602432
2,warmup,6,73,0.00011000099999999999,0.039237,0.548457,0.003204,0.01824,0.609138
2,warmup,6,74,0.000115001,0.039337,0.548713,0.003202,0.018215,0.609467
2,warmup,6,75,0.00012000099999999999,0.045801,0.548735,0.0032,0.01816,0.6158959999999999
2,warmup,6,76,0.000125001,0.045622,0.548466,0.003198,0.018171,0.6154570000000001
2,warmup,6,77,0.00013000099999999998,0.045776,0.549004,0.003197,0.01814,0.6161170000000001
2,warmup,6,78,0.000135001,0.056901,0.547903,0.003203,0.01819,0.626197
2,warmup,6,79,0.00014000099999999998,0.053361,0.549134,0.003206,0.018219,0.62392
2,warmup,6,80,0.000145001,0.061858,0.547989,0.003204,0.018088,0.6311389999999999
2,warmup,6,81,0.000150001,0.061568,0.549346,0.0032,0.018214,0.6323279999999999
2,warmup,6,82,0.000155001,0.072298,0.548627,0.003194,0.018128,0.642247
2,warmup,6,83,0.00016000099999999997,0.071901,0.548817,0.003203,0.018223,0.6421439999999999
2,warmup,6,84,0.000165001,0.072044,0.548079,0.0032,0.018191,0.6415139999999999
2,warmup,6,85,0.000170001,0.080685,0.549092,0.003416,0.018348,0.651541
2,warmup,6,86,0.000175001,0.081265,0.548716,0.003213,0.018301,0.651495
2,warmup,6,87,0.00018000099999999997,0.090923,0.548986,0.00321,0.018317,0.661436
2,warmup,6,88,0.00018500099999999999,0.091181,0.549033,0.0032,0.018233,0.6616469999999999
2,warmup,6,89,0.000190001,0.090707,0.548971,0.00322,0.018199,0.6610969999999999
2,warmup,6,90,0.00019500099999999999,0.102316,0.54908,0.003209,0.018201,0.672806
2,warmup,6,91,0.000200001,0.1019,0.549051,0.003216,0.018214,0.6723809999999999
2,warmup,6,92,0.00020500099999999998,0.114194,0.548768,0.00322,0.018331,0.684513
2,warmup,6,93,0.000210001,0.113838,0.549037,0.003206,0.018315,0.684396
2,warmup,6,94,0.00021500099999999998,0.126462,0.549041,0.003207,0.018282,0.696992
2,warmup,6,95,0.000220001,0.125818,0.549118,0.003226,0.018244,0.696406
2,warmup,6,96,0.00022500099999999998,0.126164,0.549068,0.003213,0.018209,0.6966540000000001
2,warmup,6,97,0.000230001,0.139458,0.550033,0.003218,0.018311,0.71102
2,warmup,6,98,0.00023500099999999998,0.138893,0.548877,0.003208,0.018357,0.7093349999999999
2,warmup,6,99,0.000240001,0.153392,0.549156,0.003207,0.018293,0.7240479999999999
2,warmup,6,100,0.000245001,0.15268,0.548869,0.003213,0.018265,0.7230270000000001
2,warmup,6,101,0.000250001,0.15273,0.549968,0.003216,0.018233,0.7241470000000001
2,warmup,7,1,-0.000249999,0.167152,0.549298,0.003226,0.018275,0.7379509999999999
2,warmup,7,2,-0.000244999,0.153689,0.549081,0.003222,0.018316,0.724308
2,warmup,7,3,-0.00023999900000000002,0.153409,0.549106,0.003207,0.018308,0.72403
2,warmup,7,4,-0.000234999,0.144312,0.549022,0.003207,0.01824,0.714781
2,warmup,7,5,-0.00022999900000000002,0.139327,0.549176,0.003207,0.018228,0.709938
2,warmup,7,6,-0.000224999,0.125905,0.54892,0.003219,0.018414,0.696458
2,warmup,7,7,-0.00021999900000000002,0.129333,0.549015,0.00321,0.018332,0.6998900000000001
2,warmup,7,8,-0.000214999,0.125955,0.549037,0.003207,0.018376,0.6965749999999999
2,warmup,7,9,-0.00020999900000000002,0.113914,0.549284,0.003202,0.018174,0.684574
2,warmup,7,10,-0.000204999,0.113497,0.548986,0.003204,0.018287,0.683974
2,warmup,7,11,-0.00019999900000000002,0.10189,0.549084,0.003213,0.018224,0.6724110000000001
2,warmup,7,12,-0.000194999,0.10208,0.549186,0.003203,0.018201,0.6726699999999999
2,warmup,7,13,-0.00018999900000000002,0.090801,0.549024,0.00321,0.018287,0.6613220000000001
2,warmup,7,14,-0.000184999,0.091099,0.548845,0.003209,0.018329,0.6614820000000001
2,warmup,7,15,-0.000179999,0.090934,0.549141,0.003204,0.018144,0.661423
2,warmup,7,16,-0.000174999,0.080338,0.548877,0.003221,0.018289,0.650725
2,warmup,7,17,-0.00016999900000000002,0.080537,0.549023,0.003206,0.018297,0.6510630000000001
2,warmup,7,18,-0.000164999,0.072856,0.548168,0.003199,0.018199,0.6424219999999999
2,warmup,7,19,-0.000159999,0.072118,0.549058,0.003195,0.018154,0.642525
2,warmup,7,20,-0.000154999,0.072017,0.548798,0.003208,0.018329,0.642352
2,warmup,7,21,-0.00014999900000000003,0.061822,0.548477,0.003198,0.018172,0.631669
2,warmup,7,22,-0.000144999,0.061844,0.548344,0.003197,0.01818,0.631565
2,warmup,7,23,-0.000139999,0.053511,0.549172,0.003206,0.018224,0.624113
2,warmup,7,24,-0.000134999,0.053306,0.548195,0.003402,0.018148,0.623051
2,warmup,7,25,-0.000129999,0.045739,0.549353,0.00321,0.018267,0.616569
2,warmup,7,26,-0.00012499900000000001,0.045783,0.548193,0.003202,0.018156,0.615334
2,warmup,7,27,-0.00011999899999999999,0.04593,0.549151,0.003207,0.018183,0.6164709999999999
2,warmup,7,28,-0.000114999,0.039382,0.54879,0.003194,0.018229,0.6095950000000001
2,warmup,7,29,-0.00010999899999999999,0.039374,0.548427,0.003226,0.018278,0.609305
2,warmup,7,30,-0.000104999,0.032683,0.548603,0.003199,0.018357,0.6028419999999999
2,warmup,7,31,-9.999899999999999e-05,0.032404,0.548462,0.003202,0.018206,0.602274
2,warmup,7,32,-9.4999e-05,0.027593,0.548487,0.003203,0.018209,0.5974919999999999
2,warmup,7,33,-8.999899999999999e-05,0.026403,0.548479,0.003194,0.018197,0.596273
2,warmup,7,34,-8.499899999999998e-05,0.026309,0.548431,0.003199,0.018216,0.596155
2,warmup,7,35,-7.999899999999999e-05,0.021324,0.548622,0.003199,0.018287,0.5914320000000001
2,warmup,7,36,-7.499899999999998e-05,0.021369,0.548422,0.003197,0.018361,0.5913489999999999
2,warmup,7,37,-6.999899999999999e-05,0.016835,0.548432,0.003199,0.018192,0.586658
2,warmup,7,38,-6.499899999999998e-05,0.016805,0.548431,0.003213,0.018212,0.586661
2,warmup,7,39,-5.999899999999999e-05,0.01682,0.548464,0.003201,0.018181,0.5866659999999999
2,warmup,7,40,-5.499899999999998e-05,0.013078,0.547937,0.003193,0.018314,0.5825220000000001
2,warmup,7,41,-4.9998999999999993e-05,0.013052,0.54867,0.003244,0.018212,0.583178
2,warmup,7,42,-4.499899999999998e-05,0.01015,0.547981,0.003205,0.018197,0.5795330000000001
2,warmup,7,43,-3.9998999999999994e-05,0.00997,0.548631,0.003196,0.018198,0.579995
2,warmup,7,44,-3.499899999999998e-05,0.007429,0.5478,0.003208,0.018294,0.576731
2,warmup,7,45,-2.9999e-05,0.007457,0.548739,0.003204,0.018318,0.577718
2,warmup,7,46,-2.4998999999999985e-05,0.009769,0.547367,0.003198,0.018231,0.5785650000000001
2,warmup,7,47,-1.9999e-05,0.005573,0.548952,0.003202,0.01828,0.576007
2,warmup,7,48,-1.4998999999999985e-05,0.005564,0.547349,0.003199,0.01817,0.574282
2,warmup,7,49,-9.998999999999972e-06,0.005572,0.54895,0.003195,0.018213,0.57593
2,warmup,7,50,-4.998999999999959e-06,0.005605,0.547525,0.003197,0.018293,0.57462
2,warmup,7,51,1e-09,0.005649,0.548688,0.003437,0.018222,0.575996
2,warmup,7,52,5.0009999999999586e-06,0.005504,0.546308,0.003197,0.01827,0.573279
2,warmup,7,53,1.0000999999999973e-05,0.005621,0.549444,0.003201,0.018208,0.576474
2,warmup,7,54,1.5000999999999986e-05,0.005626,0.547385,0.00323,0.018278,0.574519
2,warmup,7,55,2.0000999999999997e-05,0.005751,0.549127,0.003209,0.018322,0.576409
2,warmup,7,56,2.5000999999999983e-05,0.007466,0.547772,0.003203,0.018344,0.576785
2,warmup,7,57,3.0000999999999996e-05,0.007479,0.54897,0.003206,0.018252,0.5779070000000001
2,warmup,7,58,3.5000999999999986e-05,0.007408,0.548188,0.003209,0.018259,0.577064
2,warmup,7,59,4.0001e-05,0.009899,0.548715,0.003211,0.018164,0.5799889999999999
2,warmup,7,60,4.5000999999999985e-05,0.009863,0.548109,0.003201,0.018244,0.579417
2,warmup,7,61,5.0001e-05,0.01312,0.548532,0.003207,0.018195,0.583054
2,warmup,7,62,5.5000999999999984e-05,0.013099,0.54807,0.003205,0.018245,0.5826189999999999
2,warmup,7,63,6.0001e-05,0.017082,0.548376,0.003198,0.018139,0.5867950000000001
2,warmup,7,64,6.500099999999998e-05,0.016741,0.548657,0.003211,0.018254,0.5868629999999999
2,warmup,7,65,7.0001e-05,0.016823,0.548391,0.003203,0.018134,0.5865509999999999
2,warmup,7,66,7.500099999999998e-05,0.021248,0.548424,0.003212,0.018215,0.591099
2,warmup,7,67,8.0001e-05,0.021231,0.548516,0.003198,0.018333,0.5912780000000001
2,warmup,7,68,8.500099999999998e-05,0.026469,0.548327,0.003208,0.018333,0.596337
2,warmup,7,69,9.0001e-05,0.026289,0.548701,0.003208,0.018265,0.596463
2,warmup,7,70,9.500100000000001e-05,0.030328,0.548251,0.003201,0.018236,0.6000160000000001
2,warmup,7,71,0.000100001,0.032223,0.548971,0.003209,0.018275,0.602678
2,warmup,7,72,0.000105001,0.03238,0.548286,0.003209,0.018247,0.602122
2,warmup,7,73,0.00011000099999999999,0.038627,0.548823,0.003215,0.018276,0.6089409999999998
2,warmup,7,74,0.000115001,0.038717,0.548329,0.003197,0.018131,0.608374
2,warmup,7,75,0.00012000099999999999,0.045772,0.548652,0.003206,0.018325,0.6159550000000001
2,warmup,7,76,0.000125001,0.045818,0.549018,0.003192,0.01814,0.616168
2,warmup,7,77,0.00013000099999999998,0.045755,0.549041,0.003198,0.018232,0.616226
2,warmup,7,78,0.000135001,0.053353,0.548616,0.003185,0.018304,0.623458
2,warmup,7,79,0.00014000099999999998,0.053392,0.549004,0.003208,0.018224,0.623828
2,warmup,7,80,0.000145001,0.061938,0.548613,0.003191,0.018248,0.6319900000000002
2,warmup,7,81,0.000150001,0.061572,0.548908,0.003205,0.018185,0.6318699999999999
2,warmup,7,82,0.000155001,0.071011,0.548899,0.003201,0.018272,0.641383
2,warmup,7,83,0.00016000099999999997,0.071009,0.549094,0.0032,0.018235,0.6415379999999999
2,warmup,7,84,0.000165001,0.070913,0.548765,0.003204,0.018345,0.641227
2,warmup,7,85,0.000170001,0.080826,0.549184,0.0032,0.01816,0.6513699999999999
2,warmup,7,86,0.000175001,0.080079,0.549053,0.003205,0.018353,0.65069
2,warmup,7,87,0.00018000099999999997,0.090913,0.549183,0.003229,0.018237,0.661562
2,warmup,7,88,0.00018500099999999999,0.09185,0.548927,0.003214,0.018295,0.662286
2,warmup,7,89,0.000190001,0.091049,0.549173,0.003212,0.018346,0.66178
2,warmup,7,90,0.00019500099999999999,0.101966,0.54901,0.003219,0.018358,0.672553
2,warmup,7,91,0.000200001,0.102072,0.548994,0.003212,0.018294,0.672572
2,warmup,7,92,0.00020500099999999998,0.113839,0.549148,0.003216,0.018186,0.684389
2,warmup,7,93,0.000210001,0.113482,0.549131,0.003213,0.018248,0.6840740000000001
2,warmup,7,94,0.00021500099999999998,0.126065,0.548985,0.003212,0.018261,0.6965229999999999
2,warmup,7,95,0.000220001,0.126148,0.549098,0.003203,0.01833,0.6967789999999999
2,warmup,7,96,0.00022500099999999998,0.12596,0.549021,0.003213,0.018276,0.6964699999999999
2,warmup,7,97,0.000230001,0.139597,0.549355,0.0032,0.018247,0.710399
2,warmup,7,98,0.00023500099999999998,0.138958,0.549129,0.003217,0.018263,0.7095670000000001
2,warmup,7,99,0.000240001,0.153235,0.549109,0.003221,0.018269,0.723834
2,warmup,7,100,0.000245001,0.152733,0.549094,0.003212,0.01829,0.723329
2,warmup,7,101,0.000250001,0.152786,0.549393,0.003211,0.018171,0.723561
2,warmup,8,1,-0.000249999,0.168325,0.549206,0.003232,0.018366,0.7391289999999999
2,warmup,8,2,-0.000244999,0.1538,0.549074,0.003213,0.018354,0.724441
2,warmup,8,3,-0.00023999900000000002,0.153427,0.549191,0.003209,0.018205,0.724032
2,warmup,8,4,-0.000234999,0.144359,0.549048,0.003213,0.018242,0.714862
2,warmup,8,5,-0.00022999900000000002,0.139049,0.549278,0.003207,0.018306,0.70984
2,warmup,8,6,-0.000224999,0.125772,0.549158,0.003216,0.018312,0.696458
2,warmup,8,7,-0.00021999900000000002,0.126005,0.549248,0.003209,0.018234,0.696696
2,warmup,8,8,-0.000214999,0.12557,0.549063,0.003202,0.01822,0.696055
2,warmup,8,9,-0.00020999900000000002,0.113442,0.549114,0.003214,0.018319,0.6840890000000001
2,warmup,8,10,-0.000204999,0.113829,0.549038,0.003199,0.018311,0.6843769999999999
2,warmup,8,11,-0.00019999900000000002,0.101911,0.549006,0.003206,0.018381,0.672504
2,warmup,8,12,-0.000194999,0.102047,0.548801,0.003203,0.018301,0.672352
2,warmup,8,13,-0.00018999900000000002,0.091247,0.548982,0.003207,0.018298,0.6617339999999999
2,warmup,8,14,-0.000184999,0.090945,0.549029,0.00321,0.018242,0.6614260000000001
2,warmup,8,15,-0.000179999,0.09101,0.54899,0.003209,0.018261,0.66147
2,warmup,8,16,-0.000174999,0.080705,0.548415,0.003209,0.018194,0.6505230000000001
2,warmup,8,17,-0.00016999900000000002,0.080457,0.548979,0.003206,0.018376,0.651018
2,warmup,8,18,-0.000164999,0.071226,0.548346,0.003204,0.018101,0.640877
2,warmup,8,19,-0.000159999,0.070992,0.54894,0.003209,0.018271,0.641412
2,warmup,8,20,-0.000154999,0.071132,0.548,0.003196,0.018328,0.640656
2,warmup,8,21,-0.00014999900000000003,0.063496,0.548933,0.003203,0.018383,0.634015
2,warmup,8,22,-0.000144999,0.062024,0.548094,0.003201,0.018139,0.631458
2,warmup,8,23,-0.000139999,0.053333,0.549209,0.003215,0.018383,0.6241399999999999
2,warmup,8,24,-0.000134999,0.053625,0.548214,0.003203,0.018149,0.6231909999999999
2,warmup,8,25,-0.000129999,0.04566,0.549292,0.003208,0.018272,0.616432
2,warmup,8,26,-0.00012499900000000001,0.045736,0.548813,0.003199,0.01819,0.615938
2,warmup,8,27,-0.00011999899999999999,0.045817,0.548917,0.0032,0.018183,0.6161169999999999
2,warmup,8,28,-0.000114999,0.038809,0.548775,0.00321,0.018179,0.608973
2,warmup,8,29,-0.00010999899999999999,0.038634,0.548904,0.0032,0.018218,0.6089559999999998
2,warmup,8,30,-0.000104999,0.032421,0.548326,0.003207,0.018339,0.602293
2,warmup,8,31,-9.999899999999999e-05,0.032513,0.548598,0.003216,0.018316,0.602643
2,warmup,8,32,-9.4999e-05,0.02621,0.548393,0.0032,0.018286,0.596089
2,warmup,8,33,-8.999899999999999e-05,0.026197,0.548505,0.003204,0.018247,0.596153
2,warmup,8,34,-8.499899999999998e-05,0.026313,0.548409,0.0032,0.018281,0.596203
2,warmup,8,35,-7.999899999999999e-05,0.021327,0.548553,0.003206,0.018326,0.5914119999999999
2,warmup,8,36,-7.499899999999998e-05,0.021668,0.547931,0.003203,0.018358,0.5911599999999999
2,warmup,8,37,-6.999899999999999e-05,0.016764,0.548793,0.003203,0.018157,0.5869169999999999
2,warmup,8,38,-6.499899999999998e-05,0.016864,0.548115,0.003196,0.018215,0.58639
2,warmup,8,39,-5.999899999999999e-05,0.016759,0.548657,0.003201,0.018199,0.5868159999999999
2,warmup,8,40,-5.499899999999998e-05,0.012998,0.548185,0.003192,0.018242,0.5826169999999999
2,warmup,8,41,-4.9998999999999993e-05,0.013055,0.548179,0.003198,0.018317,0.5827490000000001
2,warmup,8,42,-4.499899999999998e-05,0.009903,0.548574,0.00321,0.018266,0.579953
2,warmup,8,43,-3.9998999999999994e-05,0.009892,0.547904,0.003203,0.018138,0.5791369999999999
2,warmup,8,44,-3.499899999999998e-05,0.007369,0.54863,0.003195,0.018243,0.5774369999999999
2,warmup,8,45,-2.9999e-05,0.007407,0.547989,0.003196,0.01824,0.576832
2,warmup,8,46,-2.4998999999999985e-05,0.007434,0.548612,0.003191,0.018192,0.5774290000000001
2,warmup,8,47,-1.9999e-05,0.005616,0.547594,0.003202,0.018178,0.57459
2,warmup,8,48,-1.4998999999999985e-05,0.00561,0.548582,0.003201,0.018177,0.57557
2,warmup,8,49,-9.998999999999972e-06,0.005753,0.547891,0.003207,0.018222,0.575073
2,warmup,8,50,-4.998999999999959e-06,0.005626,0.548137,0.0032,0.018193,0.575156
2,warmup,8,51,1e-09,0.005602,0.548189,0.003198,0.018208,0.5751970000000001
2,warmup,8,52,5.0009999999999586e-06,0.005562,0.547183,0.003193,0.018201,0.574139
2,warmup,8,53,1.0000999999999973e-05,0.005606,0.548899,0.003204,0.018203,0.575912
2,warmup,8,54,1.5000999999999986e-05,0.005661,0.547341,0.003201,0.018321,0.574524
2,warmup,8,55,2.0000999999999997e-05,0.005645,0.548701,0.003198,0.018289,0.575833
2,warmup,8,56,2.5000999999999983e-05,0.007393,0.547759,0.003203,0.018335,0.5766899999999999
2,warmup,8,57,3.0000999999999996e-05,0.007412,0.548584,0.003195,0.018177,0.5773679999999999
2,warmup,8,58,3.5000999999999986e-05,0.007374,0.547998,0.003203,0.018166,0.576741
2,warmup,8,59,4.0001e-05,0.009893,0.548585,0.003205,0.018218,0.579901
2,warmup,8,60,4.5000999999999985e-05,0.009971,0.547887,0.003198,0.018205,0.579261
2,warmup,8,61,5.0001e-05,0.012733,0.546951,0.003205,0.018198,0.581087
2,warmup,8,62,5.5000999999999984e-05,0.01309,0.549254,0.003204,0.018205,0.5837530000000001
2,warmup,8,63,6.0001e-05,0.016832,0.547517,0.003199,0.01817,0.585718
2,warmup,8,64,6.500099999999998e-05,0.016723,0.549156,0.003208,0.018192,0.587279
2,warmup,8,65,7.0001e-05,0.016699,0.547506,0.003196,0.018251,0.5856520000000001
2,warmup,8,66,7.500099999999998e-05,0.021391,0.549046,0.0032,0.018306,0.5919430000000001
2,warmup,8,67,8.0001e-05,0.021391,0.548275,0.003194,0.018188,0.591048
2,warmup,8,68,8.500099999999998e-05,0.026467,0.548527,0.003205,0.01828,0.596479
2,warmup,8,69,9.0001e-05,0.027137,0.548394,0.003205,0.018315,0.597051
2,warmup,8,70,9.500100000000001e-05,0.026327,0.548348,0.003206,0.018366,0.596247
2,warmup,8,71,0.000100001,0.032565,0.548321,0.003191,0.018206,0.6022829999999999
2,warmup,8,72,0.000105001,0.032287,0.548658,0.003207,0.018311,0.6024629999999999
2,warmup,8,73,0.00011000099999999999,0.039557,0.548404,0.003207,0.018121,0.609289
2,warmup,8,74,0.000115001,0.039802,0.548945,0.003206,0.018276,0.610229
2,warmup,8,75,0.00012000099999999999,0.04577,0.548812,0.003199,0.018299,0.6160799999999998
2,warmup,8,76,0.000125001,0.045841,0.548847,0.003205,0.01835,0.616243
2,warmup,8,77,0.00013000099999999998,0.045727,0.548821,0.003192,0.018223,0.6159629999999999
2,warmup,8,78,0.000135001,0.053454,0.548893,0.003201,0.018177,0.623725
2,warmup,8,79,0.00014000099999999998,0.054808,0.548215,0.003204,0.01822,0.624447
2,warmup,8,80,0.000145001,0.061679,0.549024,0.003195,0.0183,0.6321979999999999
2,warmup,8,81,0.000150001,0.061886,0.548816,0.003203,0.018327,0.6322319999999999
2,warmup,8,82,0.000155001,0.07248,0.548038,0.003205,0.018247,0.64197
2,warmup,8,83,0.00016000099999999997,0.072079,0.549085,0.003192,0.018123,0.642479
2,warmup,8,84,0.000165001,0.071888,0.548581,0.003201,0.018322,0.6419919999999999
2,warmup,8,85,0.000170001,0.080761,0.549112,0.003214,0.018211,0.651298
2,warmup,8,86,0.000175001,0.080964,0.548877,0.003213,0.01835,0.651404
2,warmup,8,87,0.00018000099999999997,0.091509,0.549035,0.003209,0.018256,0.6620090000000001
2,warmup,8,88,0.00018500099999999999,0.091,0.548772,0.003229,0.018379,0.6613800000000001
2,warmup,8,89,0.000190001,0.091522,0.549137,0.003219,0.018251,0.662129
2,warmup,8,90,0.00019500099999999999,0.102122,0.54908,0.00321,0.018281,0.6726930000000001
2,warmup,8,91,0.000200001,0.102007,0.549002,0.003206,0.018301,0.672516
2,warmup,8,92,0.00020500099999999998,0.113799,0.549111,0.003201,0.01817,0.684281
2,warmup,8,93,0.000210001,0.113447,0.549125,0.003213,0.018322,0.6841069999999999
2,warmup,8,94,0.00021500099999999998,0.126007,0.549015,0.003205,0.018261,0.696488
2,warmup,8,95,0.000220001,0.125851,0.549033,0.003208,0.018303,0.696395
2,warmup,8,96,0.00022500099999999998,0.125855,0.548914,0.003229,0.018351,0.696349
2,warmup,8,97,0.000230001,0.142849,0.549143,0.003203,0.018314,0.7135090000000001
2,warmup,8,98,0.00023500099999999998,0.139005,0.549334,0.003208,0.018222,0.709769
2,warmup,8,99,0.000240001,0.152797,0.549085,0.00322,0.01835,0.723452
2,warmup,8,100,0.000245001,0.152655,0.550028,0.003218,0.018347,0.724248
2,warmup,8,101,0.000250001,0.152564,0.549201,0.003429,0.018234,0.7234280000000001
2,warmup,9,1,-0.000249999,0.164461,0.549015,0.003218,0.0183,0.734994
2,warmup,9,2,-0.000244999,0.15355,0.548882,0.003216,0.01837,0.7240179999999999
2,warmup,9,3,-0.00023999900000000002,0.153157,0.549216,0.003212,0.0182,0.723785
2,warmup,9,4,-0.000234999,0.143849,0.549026,0.003207,0.0183,0.714382
2,warmup,9,5,-0.00022999900000000002,0.1389,0.549008,0.003206,0.018263,0.7093770000000001
2,warmup,9,6,-0.000224999,0.126208,0.548862,0.003212,0.018268,0.6965499999999999
2,warmup,9,7,-0.00021999900000000002,0.12603,0.549011,0.003211,0.018335,0.696587
2,warmup,9,8,-0.000214999,0.126271,0.548883,0.003212,0.018314,0.6966800000000001
2,warmup,9,9,-0.00020999900000000002,0.113635,0.549166,0.003203,0.018259,0.6842630000000001
2,warmup,9,10,-0.000204999,0.113727,0.548879,0.003205,0.018276,0.684087
2,warmup,9,11,-0.00019999900000000002,0.102065,0.54896,0.003201,0.018414,0.67264
2,warmup,9,12,-0.000194999,0.102267,0.54889,0.003207,0.018337,0.672701
2,warmup,9,13,-0.00018999900000000002,0.091074,0.548875,0.003201,0.01838,0.66153
2,warmup,9,14,-0.000184999,0.090883,0.548883,0.003203,0.018274,0.661243
2,warmup,9,15,-0.000179999,0.090965,0.549125,0.003204,0.018172,0.6614659999999999
2,warmup,9,16,-0.000174999,0.080508,0.548363,0.003204,0.01827,0.6503450000000001
2,warmup,9,17,-0.00016999900000000002,0.081433,0.548803,0.003231,0.018422,0.651889
2,warmup,9,18,-0.000164999,0.072744,0.54809,0.003197,0.018218,0.642249
2,warmup,9,19,-0.000159999,0.071946,0.54894,0.003203,0.018255,0.6423439999999999
2,warmup,9,20,-0.000154999,0.072027,0.548578,0.003196,0.018202,0.642003
2,warmup,9,21,-0.00014999900000000003,0.061854,0.548474,0.003192,0.018182,0.631702
2,warmup,9,22,-0.000144999,0.061978,0.548892,0.003205,0.018135,0.63221
2,warmup,9,23,-0.000139999,0.053384,0.54862,0.003207,0.018367,0.623578
2,warmup,9,24,-0.000134999,0.053607,0.548563,0.003205,0.018242,0.623617
2,warmup,9,25,-0.000129999,0.045774,0.548892,0.003201,0.018237,0.616104
2,warmup,9,26,-0.00012499900000000001,0.045796,0.548669,0.003196,0.018232,0.615893
2,warmup,9,27,-0.00011999899999999999,0.04558,0.54891,0.003205,0.018155,0.61585
2,warmup,9,28,-0.000114999,0.039389,0.548698,0.00321,0.018195,0.609492
2,warmup,9,29,-0.00010999899999999999,0.039575,0.548103,0.003204,0.018169,0.609051
2,warmup,9,30,-0.000104999,0.032526,0.548892,0.003211,0.018318,0.6029469999999999
2,warmup,9,31,-9.999899999999999e-05,0.032358,0.548243,0.00321,0.018341,0.6021520000000001
2,warmup,9,32,-9.4999e-05,0.026361,0.548655,0.003201,0.018195,0.5964119999999999
2,warmup,9,33,-8.999899999999999e-05,0.026407,0.548366,0.003207,0.018182,0.596162
2,warmup,9,34,-8.499899999999998e-05,0.026373,0.548483,0.003204,0.018284,0.596344
2,warmup,9,35,-7.999899999999999e-05,0.021311,0.548396,0.003207,0.018255,0.591169
2,warmup,9,36,-7.499899999999998e-05,0.021459,0.548214,0.003204,0.018413,0.59129
2,warmup,9,37,-6.999899999999999e-05,0.016807,0.548454,0.003207,0.018184,0.586652
2,warmup,9,38,-6.499899999999998e-05,0.016874,0.548421,0.003212,0.018308,0.5868150000000001
2,warmup,9,39,-5.999899999999999e-05,0.017093,0.548383,0.003207,0.018188,0.5868709999999999
2,warmup,9,40,-5.499899999999998e-05,0.015046,0.547947,0.003197,0.018202,0.584392
2,warmup,9,41,-4.9998999999999993e-05,0.013063,0.548612,0.003203,0.018278,0.583156
2,warmup,9,42,-4.499899999999998e-05,0.010053,0.547974,0.0032,0.018091,0.5793179999999999
2,warmup,9,43,-3.9998999999999994e-05,0.009944,0.548608,0.0032,0.01811,0.5798619999999999
2,warmup,9,44,-3.499899999999998e-05,0.007399,0.548056,0.003205,0.018247,0.5769070000000001
2,warmup,9,45,-2.9999e-05,0.007461,0.548051,0.003202,0.018289,0.577003
2,warmup,9,46,-2.4998999999999985e-05,0.007442,0.548146,0.00321,0.018297,0.577095
2,warmup,9,47,-1.9999e-05,0.008038,0.547921,0.003186,0.018187,0.577332
2,warmup,9,48,-1.4998999999999985e-05,0.005631,0.548217,0.003203,0.018212,0.575263
2,warmup,9,49,-9.998999999999972e-06,0.005586,0.547998,0.003203,0.018419,0.5752059999999999
2,warmup,9,50,-4.998999999999959e-06,0.005637,0.548105,0.003193,0.018235,0.57517
2,warmup,9,51,1e-09,0.005639,0.548359,0.003207,0.018294,0.575499
2,warmup,9,52,5.0009999999999586e-06,0.005561,0.547106,0.003196,0.018162,0.574025
2,warmup,9,53,1.0000999999999973e-05,0.005614,0.549166,0.003204,0.018121,0.5761050000000001
2,warmup,9,54,1.5000999999999986e-05,0.00561,0.547527,0.0032,0.018255,0.574592
2,warmup,9,55,2.0000999999999997e-05,0.005649,0.548775,0.003197,0.018191,0.575812
2,warmup,9,56,2.5000999999999983e-05,0.007394,0.547177,0.003205,0.018247,0.5760230000000001
2,warmup,9,57,3.0000999999999996e-05,0.007386,0.549008,0.003209,0.018169,0.5777720000000001
2,warmup,9,58,3.5000999999999986e-05,0.007378,0.547398,0.00319,0.018116,0.5760820000000001
2,warmup,9,59,4.0001e-05,0.00994,0.549038,0.003193,0.01815,0.580321
2,warmup,9,60,4.5000999999999985e-05,0.009894,0.547433,0.003193,0.018337,0.578857
2,warmup,9,61,5.0001e-05,0.013099,0.548775,0.003197,0.018381,0.583452
2,warmup,9,62,5.5000999999999984e-05,0.013121,0.548235,0.003213,0.018144,0.5827130000000001
2,warmup,9,63,6.0001e-05,0.016745,0.548491,0.003202,0.01828,0.586718
2,warmup,9,64,6.500099999999998e-05,0.016879,0.548188,0.0032,0.018196,0.586463
2,warmup,9,65,7.0001e-05,0.016757,0.548408,0.003206,0.018315,0.586686
2,warmup,9,66,7.500099999999998e-05,0.021519,0.548271,0.003209,0.018338,0.5913369999999999
2,warmup,9,67,8.0001e-05,0.021394,0.548467,0.003204,0.01819,0.5912550000000001
2,warmup,9,68,8.500099999999998e-05,0.026604,0.548221,0.003204,0.018171,0.5962
2,warmup,9,69,9.0001e-05,0.026501,0.548328,0.003201,0.018268,0.596298
2,warmup,9,70,9.500100000000001e-05,0.026354,0.548296,0.003216,0.018208,0.596074
2,warmup,9,71,0.000100001,0.032422,0.548424,0.003203,0.018364,0.602413
2,warmup,9,72,0.000105001,0.032396,0.548238,0.003202,0.018185,0.602021
2,warmup,9,73,0.00011000099999999999,0.038528,0.548773,0.003206,0.018189,0.608696
2,warmup,9,74,0.000115001,0.038714,0.548191,0.003193,0.018169,0.608267
2,warmup,9,75,0.00012000099999999999,0.045727,0.548516,0.003206,0.018149,0.615598
2,warmup,9,76,0.000125001,0.04587,0.548374,0.003209,0.01824,0.615693
2,warmup,9,77,0.00013000099999999998,0.045698,0.548542,0.003201,0.018165,0.615606
2,warmup,9,78,0.000135001,0.053374,0.548867,0.003202,0.018273,0.623716
2,warmup,9,79,0.00014000099999999998,0.053442,0.548746,0.003209,0.018232,0.623629
2,warmup,9,80,0.000145001,0.061645,0.548684,0.003201,0.018252,0.631782
2,warmup,9,81,0.000150001,0.061637,0.548727,0.0032,0.018226,0.6317899999999999
2,warmup,9,82,0.000155001,0.071145,0.548797,0.003206,0.018223,0.641371
2,warmup,9,83,0.00016000099999999997,0.070917,0.548318,0.003206,0.01814,0.6405810000000001
2,warmup,9,84,0.000165001,0.070886,0.548919,0.003198,0.018376,0.641379
2,warmup,9,85,0.000170001,0.080687,0.549113,0.00321,0.018186,0.651196
2,warmup,9,86,0.000175001,0.080446,0.54891,0.003202,0.018311,0.650869
2,warmup,9,87,0.00018000099999999997,0.09104,0.549204,0.003205,0.018188,0.661637
2,warmup,9,88,0.00018500099999999999,0.090673,0.54878,0.003201,0.018277,0.660931
2,warmup,9,89,0.000190001,0.091041,0.548881,0.003215,0.018336,0.661473
2,warmup,9,90,0.00019500099999999999,0.102081,0.549037,0.003218,0.01836,0.6726960000000001
2,warmup,9,91,0.000200001,0.101858,0.549041,0.003217,0.018351,0.672467
2,warmup,9,92,0.00020500099999999998,0.116734,0.549071,0.003213,0.018197,0.687215
2,warmup,9,93,0.000210001,0.113739,0.54891,0.003208,0.018387,0.6842440000000001
2,warmup,9,94,0.00021500099999999998,0.126552,0.548923,0.003203,0.018328,0.697006
2,warmup,9,95,0.000220001,0.126037,0.549044,0.003206,0.018268,0.696555
2,warmup,9,96,0.00022500099999999998,0.125938,0.54882,0.00321,0.018363,0.696331
2,warmup,9,97,0.000230001,0.139373,0.549104,0.003209,0.018293,0.709979
2,warmup,9,98,0.00023500099999999998,0.139248,0.549148,0.003204,0.01824,0.70984
2,warmup,9,99,0.000240001,0.152785,0.548985,0.003205,0.018271,0.723246
2,warmup,9,100,0.000245001,0.152785,0.548966,0.003216,0.018271,0.723238
2,warmup,9,101,0.000250001,0.152841,0.549225,0.003214,0.018242,0.723522
2,warmup,10,1,-0.000249999,0.162191,0.549066,0.003228,0.018281,0.732766
2,warmup,10,2,-0.000244999,0.153843,0.548959,0.003209,0.018329,0.72434
2,warmup,10,3,-0.00023999900000000002,0.153502,0.549245,0.003204,0.01824,0.724191
2,warmup,10,4,-0.000234999,0.144031,0.54908,0.003216,0.018304,0.714631
2,warmup,10,5,-0.00022999900000000002,0.139195,0.548973,0.003213,0.018337,0.7097180000000002
2,warmup,10,6,-0.000224999,0.126028,0.548874,0.003206,0.018296,0.696404
2,warmup,10,7,-0.00021999900000000002,0.126389,0.549016,0.00321,0.018351,0.696966
2,warmup,10,8,-0.000214999,0.126064,0.548918,0.003206,0.018321,0.696509
2,warmup,10,9,-0.00020999900000000002,0.113976,0.549253,0.00321,0.018241,0.68468
2,warmup,10,10,-0.000204999,0.113473,0.548978,0.003211,0.018312,0.683974
2,warmup,10,11,-0.00019999900000000002,0.102219,0.549038,0.003225,0.018396,0.672878
2,warmup,10,12,-0.000194999,0.102399,0.548849,0.003208,0.018358,0.672814
2,warmup,10,13,-0.00018999900000000002,0.090988,0.54899,0.003222,0.018223,0.6614229999999999
2,warmup,10,14,-0.000184999,0.090856,0.548861,0.00321,0.018215,0.6611420000000001
2,warmup,10,15,-0.000179999,0.090629,0.548994,0.003205,0.018346,0.6611739999999999
2,warmup,10,16,-0.000174999,0.080768,0.548339,0.003205,0.018244,0.6505560000000001
2,warmup,10,17,-0.00016999900000000002,0.080267,0.548879,0.003198,0.018234,0.650578
2,warmup,10,18,-0.000164999,0.071165,0.548749,0.003203,0.018184,0.641301
2,warmup,10,19,-0.000159999,0.070816,0.548643,0.003207,0.018263,0.640929
2,warmup,10,20,-0.000154999,0.071459,0.5485,0.003202,0.018192,0.641353
2,warmup,10,21,-0.00014999900000000003,0.061809,0.548779,0.003196,0.01831,0.632094
2,warmup,10,22,-0.000144999,0.061854,0.548713,0.00321,0.018229,0.6320060000000001
2,warmup,10,23,-0.000139999,0.053427,0.548939,0.003195,0.018302,0.623863
2,warmup,10,24,-0.000134999,0.05345,0.548649,0.003194,0.018097,0.6233900000000001
2,warmup,10,25,-0.000129999,0.045803,0.548463,0.0032,0.018126,0.615592
2,warmup,10,26,-0.00012499900000000001,0.045754,0.548934,0.003194,0.01808,0.615962
2,warmup,10,27,-0.00011999899999999999,0.045745,0.54842,0.00321,0.018251,0.6156260000000001
2,warmup,10,28,-0.000114999,0.038609,0.548738,0.003209,0.018329,0.608885
2,warmup,10,29,-0.00010999899999999999,0.041272,0.548151,0.003204,0.018224,0.610851
2,warmup,10,30,-0.000104999,0.032308,0.548599,0.003201,0.0183,0.6024079999999999
2,warmup,10,31,-9.999899999999999e-05,0.032506,0.548442,0.003207,0.018183,0.6023379999999999
2,warmup,10,32,-9.4999e-05,0.026284,0.548636,0.003207,0.018279,0.596406
2,warmup,10,33,-8.999899999999999e-05,0.026451,0.548465,0.003198,0.018268,0.596382
2,warmup,10,34,-8.499899999999998e-05,0.026289,0.548283,0.003213,0.018198,0.595983
2,warmup,10,35,-7.999899999999999e-05,0.021338,0.548799,0.003216,0.018259,0.591612
2,warmup,10,36,-7.499899999999998e-05,0.021397,0.548149,0.003204,0.018337,0.591087
2,warmup,10,37,-6.999899999999999e-05,0.016862,0.548359,0.003198,0.018191,0.5866100000000001
2,warmup,10,38,-6.499899999999998e-05,0.016858,0.548509,0.003199,0.018401,0.586967
2,warmup,10,39,-5.999899999999999e-05,0.016901,0.548412,0.003202,0.018247,0.586762
2,warmup,10,40,-5.499899999999998e-05,0.013029,0.548178,0.003198,0.018225,0.5826300000000001
2,warmup,10,41,-4.9998999999999993e-05,0.012982,0.547992,0.003203,0.018144,0.5823210000000001
2,warmup,10,42,-4.499899999999998e-05,0.009922,0.548646,0.003197,0.018185,0.57995
2,warmup,10,43,-3.9998999999999994e-05,0.009938,0.547961,0.003196,0.018284,0.579379
2,warmup,10,44,-3.499899999999998e-05,0.007403,0.548443,0.003192,0.018233,0.5772710000000001
2,warmup,10,45,-2.9999e-05,0.007408,0.547875,0.003195,0.018219,0.5766969999999999
2,warmup,10,46,-2.4998999999999985e-05,0.007405,0.548436,0.003196,0.018264,0.577301
2,warmup,10,47,-1.9999e-05,0.005603,0.548111,0.003219,0.018258,0.575191
2,warmup,10,48,-1.4998999999999985e-05,0.005656,0.548432,0.003201,0.018249,0.575538
2,warmup,10,49,-9.998999999999972e-06,0.005622,0.547913,0.003199,0.0183,0.5750339999999999
2,warmup,10,50,-4.998999999999959e-06,0.005623,0.548573,0.003201,0.018287,0.5756840000000001
2,warmup,10,51,1e-09,0.005695,0.547765,0.0032,0.018191,0.5748509999999999
2,warmup,10,52,5.0009999999999586e-06,0.005565,0.547171,0.003193,0.018239,0.574168
2,warmup,10,53,1.0000999999999973e-05,0.00559,0.549185,0.003197,0.018205,0.576177
2,warmup,10,54,1.5000999999999986e-05,0.005592,0.54731,0.003199,0.01822,0.574321
2,warmup,10,55,2.0000999999999997e-05,0.005579,0.549047,0.003205,0.018174,0.576005
2,warmup,10,56,2.5000999999999983e-05,0.007399,0.547346,0.003203,0.018266,0.576214
2,warmup,10,57,3.0000999999999996e-05,0.007396,0.548835,0.003202,0.018226,0.5776589999999999
2,warmup,10,58,3.5000999999999986e-05,0.007388,0.547656,0.003203,0.018194,0.576441
2,warmup,10,59,4.0001e-05,0.009916,0.548903,0.003189,0.018169,0.580177
2,warmup,10,60,4.5000999999999985e-05,0.01,0.547766,0.003245,0.01819,0.5792010000000001
2,warmup,10,61,5.0001e-05,0.013415,0.548375,0.003198,0.018218,0.5832059999999999
2,warmup,10,62,5.5000999999999984e-05,0.01301,0.54844,0.003212,0.018292,0.582954
2,warmup,10,63,6.0001e-05,0.01677,0.548505,0.003205,0.018362,0.586842
2,warmup,10,64,6.500099999999998e-05,0.016786,0.548317,0.003451,0.018161,0.586715
2,warmup,10,65,7.0001e-05,0.016744,0.548629,0.003209,0.018319,0.586901
2,warmup,10,66,7.500099999999998e-05,0.0216,0.548337,0.003197,0.018244,0.591378
2,warmup,10,67,8.0001e-05,0.021403,0.548459,0.003199,0.018207,0.5912679999999999
2,warmup,10,68,8.500099999999998e-05,0.026492,0.548163,0.003211,0.018198,0.5960639999999999
2,warmup,10,69,9.0001e-05,0.026303,0.548649,0.003201,0.018155,0.5963080000000001
2,warmup,10,70,9.500100000000001e-05,0.026402,0.548083,0.003208,0.018299,0.595992
2,warmup,10,71,0.000100001,0.032601,0.548488,0.003208,0.018318,0.6026149999999999
2,warmup,10,72,0.000105001,0.03238,0.548391,0.003208,0.018231,0.6022099999999999
2,warmup,10,73,0.00011000099999999999,0.039597,0.548937,0.003206,0.018247,0.6099870000000001
2,warmup,10,74,0.000115001,0.039298,0.548675,0.003194,0.01825,0.6094170000000001
2,warmup,10,75,0.00012000099999999999,0.046098,0.548357,0.003208,0.018319,0.6159819999999999
2,warmup,10,76,0.000125001,0.046055,0.548657,0.003195,0.018316,0.6162229999999999
2,warmup,10,77,0.00013000099999999998,0.045975,0.548343,0.003213,0.018358,0.615889
2,warmup,10,78,0.000135001,0.053473,0.5488,0.0032,0.018294,0.623767
2,warmup,10,79,0.00014000099999999998,0.05335,0.548366,0.003203,0.018195,0.623114
2,warmup,10,80,0.000145001,0.061478,0.548938,0.003191,0.018145,0.6317520000000001
2,warmup,10,81,0.000150001,0.061555,0.548708,0.003193,0.018384,0.63184
2,warmup,10,82,0.000155001,0.072368,0.548352,0.003211,0.018231,0.6421619999999999
2,warmup,10,83,0.00016000099999999997,0.072035,0.548829,0.003203,0.018313,0.64238
2,warmup,10,84,0.000165001,0.074045,0.548298,0.003192,0.01816,0.6436949999999999
2,warmup,10,85,0.000170001,0.080708,0.548909,0.003226,0.018375,0.651218
2,warmup,10,86,0.000175001,0.08284,0.548718,0.003214,0.01826,0.6530320000000001
2,warmup,10,87,0.00018000099999999997,0.096561,0.549072,0.003205,0.018334,0.667172
2,warmup,10,88,0.00018500099999999999,0.090862,0.548852,0.003201,0.018288,0.661203
2,warmup,10,89,0.000190001,0.091053,0.548936,0.003208,0.018302,0.661499
2,warmup,10,90,0.00019500099999999999,0.102468,0.548913,0.00321,0.018244,0.6728350000000001
2,warmup,10,91,0.000200001,0.101902,0.549059,0.003216,0.018276,0.672453
2,warmup,10,92,0.00020500099999999998,0.114435,0.54902,0.003216,0.018283,0.684954
2,warmup,10,93,0.000210001,0.113808,0.549217,0.003201,0.018185,0.684411
2,warmup,10,94,0.00021500099999999998,0.12662,0.549149,0.003198,0.018231,0.6971980000000001
2,warmup,10,95,0.000220001,0.12592,0.549086,0.003222,0.018255,0.696483
2,warmup,10,96,0.00022500099999999998,0.12619,0.548933,0.003216,0.018356,0.6966950000000001
2,warmup,10,97,0.000230001,0.139735,0.549273,0.003217,0.018185,0.7104100000000001
2,warmup,10,98,0.00023500099999999998,0.138639,0.549097,0.003205,0.018245,0.7091859999999999
2,warmup,10,99,0.000240001,0.153496,0.549194,0.00321,0.018287,0.724187
2,warmup,10,100,0.000245001,0.152751,0.549896,0.003211,0.018326,0.7241839999999999
2,warmup,10,101,0.000250001,0.152683,0.549257,0.003214,0.018352,0.7235060000000001
2,measurement,1,1,-0.000249999,0.162894,0.549299,0.003225,0.018258,0.733676
2,measurement,1,2,-0.000244999,0.153447,0.549073,0.003206,0.018306,0.7240320000000001
2,measurement,1,3,-0.00023999900000000002,0.153244,0.549253,0.003212,0.018236,0.723945
2,measurement,1,4,-0.000234999,0.144251,0.549125,0.003215,0.018235,0.714826
2,measurement,1,5,-0.00022999900000000002,0.13918,0.549293,0.003226,0.018338,0.7100369999999999
2,measurement,1,6,-0.000224999,0.126089,0.549082,0.003208,0.018196,0.6965749999999999
2,measurement,1,7,-0.00021999900000000002,0.125826,0.54924,0.003211,0.018236,0.6965129999999999
2,measurement,1,8,-0.000214999,0.126034,0.549079,0.003202,0.018283,0.696598
2,measurement,1,9,-0.00020999900000000002,0.113577,0.549169,0.003203,0.018322,0.684271
2,measurement,1,10,-0.000204999,0.113819,0.549024,0.003214,0.018307,0.684364
2,measurement,1,11,-0.00019999900000000002,0.1016,0.549048,0.003434,0.018362,0.672444
2,measurement,1,12,-0.000194999,0.102105,0.548799,0.003213,0.018401,0.6725180000000001
2,measurement,1,13,-0.00018999900000000002,0.09101,0.549087,0.003207,0.018307,0.661611
2,measurement,1,14,-0.000184999,0.090858,0.549005,0.003202,0.01825,0.661315
2,measurement,1,15,-0.000179999,0.090645,0.54894,0.003211,0.018263,0.661059
2,measurement,1,16,-0.000174999,0.080893,0.548177,0.003246,0.018217,0.650533
2,measurement,1,17,-0.00016999900000000002,0.080518,0.548791,0.003209,0.018177,0.650695
2,measurement,1,18,-0.000164999,0.072267,0.548715,0.003215,0.018277,0.6424739999999999
2,measurement,1,19,-0.000159999,0.071976,0.548652,0.003202,0.01829,0.6421200000000001
2,measurement,1,20,-0.000154999,0.072484,0.548079,0.003193,0.018267,0.642023
2,measurement,1,21,-0.00014999900000000003,0.061535,0.549226,0.003209,0.018238,0.632208
2,measurement,1,22,-0.000144999,0.061689,0.547924,0.003192,0.018332,0.631137
2,measurement,1,23,-0.000139999,0.053581,0.549243,0.003202,0.018295,0.624321
2,measurement,1,24,-0.000134999,0.053181,0.548162,0.003204,0.018231,0.622778
2,measurement,1,25,-0.000129999,0.045711,0.548856,0.003201,0.018284,0.616052
2,measurement,1,26,-0.00012499900000000001,0.045906,0.548218,0.003203,0.018211,0.6155379999999999
2,measurement,1,27,-0.00011999899999999999,0.045765,0.548595,0.00321,0.018158,0.615728
2,measurement,1,28,-0.000114999,0.039305,0.548472,0.003214,0.018309,0.6093000000000001
2,measurement,1,29,-0.00010999899999999999,0.039481,0.548409,0.003211,0.018408,0.609509
2,measurement,1,30,-0.000104999,0.032393,0.548357,0.003206,0.018273,0.602229
2,measurement,1,31,-9.999899999999999e-05,0.032463,0.548354,0.003198,0.018072,0.602087
2,measurement,1,32,-9.4999e-05,0.026418,0.548407,0.003208,0.018155,0.596188
2,measurement,1,33,-8.999899999999999e-05,0.026468,0.548534,0.003203,0.018262,0.596467
2,measurement,1,34,-8.499899999999998e-05,0.026379,0.547537,0.003201,0.018212,0.5953290000000001
2,measurement,1,35,-7.999899999999999e-05,0.021302,0.548769,0.003207,0.018294,0.591572
2,measurement,1,36,-7.499899999999998e-05,0.021305,0.547602,0.003195,0.018148,0.59025
2,measurement,1,37,-6.999899999999999e-05,0.016785,0.548956,0.0032,0.018258,0.587199
2,measurement,1,38,-6.499899999999998e-05,0.016953,0.547289,0.003205,0.018193,0.58564
2,measurement,1,39,-5.999899999999999e-05,0.016831,0.549115,0.003206,0.018405,0.5875570000000001
2,measurement,1,40,-5.499899999999998e-05,0.01312,0.547328,0.003196,0.018316,0.58196
2,measurement,1,41,-4.9998999999999993e-05,0.013063,0.549144,0.003198,0.018135,0.5835400000000001
2,measurement,1,42,-4.499899999999998e-05,0.009968,0.547443,0.003205,0.018137,0.578753
2,measurement,1,43,-3.9998999999999994e-05,0.009919,0.54903,0.003215,0.01829,0.580454
2,measurement,1,44,-3.499899999999998e-05,0.007438,0.54726,0.003203,0.018335,0.5762359999999999
2,measurement,1,45,-2.9999e-05,0.007478,0.548896,0.003207,0.018234,0.577815
2,measurement,1,46,-2.4998999999999985e-05,0.007384,0.547492,0.0032,0.018204,0.5762799999999999
2,measurement,1,47,-1.9999e-05,0.005613,0.548791,0.003203,0.018175,0.575782
2,measurement,1,48,-1.4998999999999985e-05,0.005617,0.547404,0.003199,0.018316,0.5745359999999999
2,measurement,1,49,-9.998999999999972e-06,0.005631,0.548697,0.0032,0.018324,0.575852
2,measurement,1,50,-4.998999999999959e-06,0.005633,0.547522,0.003201,0.018364,0.57472
2,measurement,1,51,1e-09,0.005655,0.548378,0.003196,0.01822,0.575449
2,measurement,1,52,5.0009999999999586e-06,0.005566,0.546715,0.003196,0.018144,0.5736209999999999
2,measurement,1,53,1.0000999999999973e-05,0.005587,0.549373,0.003205,0.018145,0.57631
2,measurement,1,54,1.5000999999999986e-05,0.0056,0.54717,0.003207,0.018249,0.574226
2,measurement,1,55,2.0000999999999997e-05,0.005841,0.548918,0.003206,0.018253,0.576218
2,measurement,1,56,2.5000999999999983e-05,0.009838,0.54716,0.00321,0.018203,0.578411
2,measurement,1,57,3.0000999999999996e-05,0.007398,0.549129,0.0032,0.018229,0.577956
2,measurement,1,58,3.5000999999999986e-05,0.007375,0.547297,0.003206,0.01816,0.576038
2,measurement,1,59,4.0001e-05,0.009967,0.549026,0.003196,0.018223,0.5804119999999999
2,measurement,1,60,4.5000999999999985e-05,0.009949,0.548053,0.0032,0.018297,0.579499
2,measurement,1,61,5.0001e-05,0.013072,0.548328,0.003207,0.018284,0.5828909999999999
2,measurement,1,62,5.5000999999999984e-05,0.013121,0.548228,0.003211,0.018122,0.582682
2,measurement,1,63,6.0001e-05,0.019006,0.548136,0.003194,0.018188,0.5885239999999999
2,measurement,1,64,6.500099999999998e-05,0.016791,0.548262,0.003199,0.01828,0.5865319999999999
2,measurement,1,65,7.0001e-05,0.016755,0.548401,0.003196,0.018294,0.586646
2,measurement,1,66,7.500099999999998e-05,0.021297,0.548331,0.003204,0.018326,0.591158
2,measurement,1,67,8.0001e-05,0.021509,0.548226,0.003208,0.018235,0.591178
2,measurement,1,68,8.500099999999998e-05,0.026395,0.548216,0.003199,0.018337,0.596147
2,measurement,1,69,9.0001e-05,0.026507,0.548477,0.003203,0.018389,0.5965759999999999
2,measurement,1,70,9.500100000000001e-05,0.026404,0.548032,0.003207,0.018332,0.5959749999999999
2,measurement,1,71,0.000100001,0.032446,0.548378,0.003205,0.018251,0.60228
2,measurement,1,72,0.000105001,0.032394,0.548949,0.003206,0.018108,0.6026570000000001
2,measurement,1,73,0.00011000099999999999,0.038632,0.548877,0.003194,0.018219,0.608922
2,measurement,1,74,0.000115001,0.038614,0.548196,0.003206,0.018294,0.6083100000000001
2,measurement,1,75,0.00012000099999999999,0.045766,0.548392,0.003213,0.018217,0.615588
2,measurement,1,76,0.000125001,0.045955,0.548551,0.003199,0.018364,0.616069
2,measurement,1,77,0.00013000099999999998,0.046045,0.548433,0.0032,0.018178,0.615856
2,measurement,1,78,0.000135001,0.053647,0.548668,0.003203,0.018152,0.62367
2,measurement,1,79,0.00014000099999999998,0.053301,0.548276,0.003221,0.018151,0.6229490000000001
2,measurement,1,80,0.000145001,0.063364,0.548736,0.003206,0.018119,0.633425
2,measurement,1,81,0.000150001,0.061848,0.548808,0.003203,0.018183,0.6320419999999999
2,measurement,1,82,0.000155001,0.071594,0.54811,0.003202,0.018132,0.6410380000000001
2,measurement,1,83,0.00016000099999999997,0.071308,0.54902,0.0032,0.01824,0.641768
2,measurement,1,84,0.000165001,0.071188,0.54864,0.003203,0.018293,0.641324
2,measurement,1,85,0.000170001,0.080908,0.548888,0.003205,0.018272,0.651273
2,measurement,1,86,0.000175001,0.080609,0.548952,0.00321,0.018128,0.6508990000000001
2,measurement,1,87,0.00018000099999999997,0.091119,0.549015,0.003211,0.018279,0.661624
2,measurement,1,88,0.00018500099999999999,0.091114,0.548828,0.003213,0.018298,0.6614530000000001
2,measurement,1,89,0.000190001,0.09094,0.54911,0.003205,0.018206,0.6614610000000001
2,measurement,1,90,0.00019500099999999999,0.102392,0.548951,0.003212,0.018255,0.67281
2,measurement,1,91,0.000200001,0.101861,0.549076,0.003217,0.018253,0.672407
2,measurement,1,92,0.00020500099999999998,0.114369,0.549127,0.003222,0.018193,0.684911
2,measurement,1,93,0.000210001,0.113808,0.549093,0.003214,0.01827,0.6843850000000001
2,measurement,1,94,0.00021500099999999998,0.126621,0.548834,0.00321,0.018331,0.6969960000000001
2,measurement,1,95,0.000220001,0.125964,0.549151,0.0032,0.018251,0.6965659999999999
2,measurement,1,96,0.00022500099999999998,0.125999,0.548978,0.003206,0.018306,0.696489
2,measurement,1,97,0.000230001,0.139705,0.549096,0.003221,0.018362,0.710384
2,measurement,1,98,0.00023500099999999998,0.139105,0.549157,0.00321,0.018227,0.7096990000000001
2,measurement,1,99,0.000240001,0.153484,0.548977,0.003202,0.018366,0.724029
2,measurement,1,100,0.000245001,0.152658,0.549095,0.003206,0.018307,0.723266
2,measurement,1,101,0.000250001,0.152658,0.549174,0.003232,0.01829,0.723354
2,measurement,2,1,-0.000249999,0.164042,0.549123,0.003226,0.018369,0.73476
2,measurement,2,2,-0.000244999,0.153443,0.549087,0.003223,0.018354,0.724107
2,measurement,2,3,-0.00023999900000000002,0.153642,0.549298,0.003206,0.018253,0.7243989999999999
2,measurement,2,4,-0.000234999,0.144233,0.549196,0.003205,0.018143,0.7147770000000001
2,measurement,2,5,-0.00022999900000000002,0.138824,0.54917,0.003207,0.01826,0.7094609999999999
2,measurement,2,6,-0.000224999,0.125919,0.549002,0.003217,0.018307,0.696445
2,measurement,2,7,-0.00021999900000000002,0.125846,0.549101,0.003218,0.018252,0.6964170000000001
2,measurement,2,8,-0.000214999,0.125873,0.549005,0.003206,0.018327,0.696411
2,measurement,2,9,-0.00020999900000000002,0.113721,0.549075,0.003206,0.018279,0.684281
2,measurement,2,10,-0.000204999,0.113788,0.548828,0.003208,0.018263,0.684087
2,measurement,2,11,-0.00019999900000000002,0.102221,0.548976,0.00321,0.018297,0.6727040000000001
2,measurement,2,12,-0.000194999,0.102133,0.548844,0.003202,0.018309,0.6724880000000001
2,measurement,2,13,-0.00018999900000000002,0.091169,0.54881,0.003224,0.018274,0.6614770000000001
2,measurement,2,14,-0.000184999,0.091002,0.54888,0.00321,0.018282,0.6613740000000001
2,measurement,2,15,-0.000179999,0.090731,0.548984,0.003198,0.018278,0.6611910000000001
2,measurement,2,16,-0.000174999,0.080709,0.548899,0.003212,0.01822,0.6510400000000001
2,measurement,2,17,-0.00016999900000000002,0.080335,0.548906,0.003205,0.018158,0.6506040000000001
2,measurement,2,18,-0.000164999,0.071029,0.548656,0.003203,0.018174,0.641062
2,measurement,2,19,-0.000159999,0.070837,0.548635,0.003207,0.018128,0.640807
2,measurement,2,20,-0.000154999,0.070936,0.54852,0.00319,0.018279,0.6409250000000001
2,measurement,2,21,-0.00014999900000000003,0.061808,0.548782,0.003196,0.018176,0.6319619999999999
2,measurement,2,22,-0.000144999,0.061864,0.548165,0.003203,0.01817,0.631402
2,measurement,2,23,-0.000139999,0.053377,0.548926,0.003196,0.018269,0.623768
2,measurement,2,24,-0.000134999,0.053427,0.547971,0.003199,0.018222,0.6228189999999999
2,measurement,2,25,-0.000129999,0.045812,0.549201,0.003204,0.018347,0.616564
2,measurement,2,26,-0.00012499900000000001,0.045812,0.548757,0.003202,0.018173,0.615944
2,measurement,2,27,-0.00011999899999999999,0.045851,0.548779,0.003208,0.018227,0.616065
2,measurement,2,28,-0.000114999,0.03851,0.548827,0.003206,0.018244,0.6087870000000001
2,measurement,2,29,-0.00010999899999999999,0.038757,0.548368,0.003192,0.018133,0.6084499999999999
2,measurement,2,30,-0.000104999,0.032275,0.548667,0.003198,0.018329,0.6024690000000001
2,measurement,2,31,-9.999899999999999e-05,0.032462,0.548223,0.003206,0.018194,0.6020850000000001
2,measurement,2,32,-9.4999e-05,0.026293,0.548467,0.003212,0.018341,0.5963130000000001
2,measurement,2,33,-8.999899999999999e-05,0.026427,0.548408,0.003199,0.018275,0.596309
2,measurement,2,34,-8.499899999999998e-05,0.027457,0.548137,0.003226,0.018136,0.5969559999999999
2,measurement,2,35,-7.999899999999999e-05,0.02132,0.548682,0.0032,0.01838,0.5915819999999999
2,measurement,2,36,-7.499899999999998e-05,0.021469,0.548168,0.003205,0.018245,0.5910869999999999
2,measurement,2,37,-6.999899999999999e-05,0.016682,0.548666,0.003201,0.01822,0.586769
2,measurement,2,38,-6.499899999999998e-05,0.016896,0.548185,0.003209,0.018243,0.5865330000000001
2,measurement,2,39,-5.999899999999999e-05,0.01687,0.548368,0.003202,0.018165,0.586605
2,measurement,2,40,-5.499899999999998e-05,0.013139,0.54823,0.003202,0.018313,0.5828840000000001
2,measurement,2,41,-4.9998999999999993e-05,0.016487,0.547604,0.003193,0.018186,0.58547
2,measurement,2,42,-4.499899999999998e-05,0.009865,0.548861,0.003203,0.01827,0.580199
2,measurement,2,43,-3.9998999999999994e-05,0.009944,0.547417,0.003191,0.018108,0.5786600000000001
2,measurement,2,44,-3.499899999999998e-05,0.007405,0.548995,0.003209,0.018299,0.577908
2,measurement,2,45,-2.9999e-05,0.007441,0.547418,0.003193,0.018278,0.57633
2,measurement,2,46,-2.4998999999999985e-05,0.007404,0.548927,0.003203,0.018273,0.577807
2,measurement,2,47,-1.9999e-05,0.005634,0.547173,0.003203,0.01824,0.57425
2,measurement,2,48,-1.4998999999999985e-05,0.00591,0.548728,0.0032,0.018176,0.5760139999999999
2,measurement,2,49,-9.998999999999972e-06,0.005623,0.547437,0.003193,0.018189,0.574442
2,measurement,2,50,-4.998999999999959e-06,0.005643,0.548653,0.003192,0.018232,0.5757199999999999
2,measurement,2,51,1e-09,0.005868,0.547542,0.003206,0.018261,0.574877
2,measurement,2,52,5.0009999999999586e-06,0.005565,0.547111,0.003203,0.018197,0.574076
2,measurement,2,53,1.0000999999999973e-05,0.00559,0.549076,0.003197,0.018214,0.576077
2,measurement,2,54,1.5000999999999986e-05,0.005585,0.547289,0.003201,0.018217,0.574292
2,measurement,2,55,2.0000999999999997e-05,0.005581,0.548855,0.003194,0.018272,0.5759019999999999
2,measurement,2,56,2.5000999999999983e-05,0.00736,0.547579,0.003195,0.018272,0.576406
2,measurement,2,57,3.0000999999999996e-05,0.007331,0.548888,0.003203,0.018243,0.577665
2,measurement,2,58,3.5000999999999986e-05,0.007342,0.547588,0.003194,0.018191,0.5763149999999999
2,measurement,2,59,4.0001e-05,0.009934,0.549159,0.003209,0.018197,0.580499
2,measurement,2,60,4.5000999999999985e-05,0.009894,0.547691,0.003226,0.018264,0.5790749999999999
2,measurement,2,61,5.0001e-05,0.013452,0.548834,0.003203,0.018266,0.583755
2,measurement,2,62,5.5000999999999984e-05,0.013073,0.547594,0.003203,0.018221,0.582091
2,measurement,2,63,6.0001e-05,0.016918,0.549025,0.003209,0.018295,0.5874469999999999
2,measurement,2,64,6.500099999999998e-05,0.016911,0.547336,0.003214,0.018143,0.5856040000000001
2,measurement,2,65,7.0001e-05,0.016753,0.549342,0.003202,0.018342,0.587639
2,measurement,2,66,7.500099999999998e-05,0.021384,0.547195,0.003202,0.018187,0.5899679999999999
2,measurement,2,67,8.0001e-05,0.021343,0.5493,0.003206,0.01827,0.5921190000000001
2,measurement,2,68,8.500099999999998e-05,0.026743,0.547282,0.003199,0.018064,0.5952879999999999
2,measurement,2,69,9.0001e-05,0.026396,0.549374,0.003199,0.018153,0.5971219999999999
2,measurement,2,70,9.500100000000001e-05,0.026454,0.548176,0.003192,0.018197,0.596019
2,measurement,2,71,0.000100001,0.032653,0.548623,0.0032,0.018347,0.602823
2,measurement,2,72,0.000105001,0.032424,0.54881,0.003209,0.018294,0.6027370000000001
2,measurement,2,73,0.00011000099999999999,0.039317,0.548374,0.003217,0.01829,0.6091980000000001
2,measurement,2,74,0.000115001,0.039553,0.548879,0.003201,0.018114,0.6097469999999999
2,measurement,2,75,0.00012000099999999999,0.046062,0.548777,0.003201,0.018215,0.616255
2,measurement,2,76,0.000125001,0.045606,0.548894,0.003198,0.01808,0.615778
2,measurement,2,77,0.00013000099999999998,0.045659,0.548779,0.003405,0.018203,0.616046
2,measurement,2,78,0.000135001,0.053501,0.54872,0.003202,0.018221,0.6236440000000001
2,measurement,2,79,0.00014000099999999998,0.053271,0.548823,0.003195,0.018133,0.6234219999999998
2,measurement,2,80,0.000145001,0.062072,0.548639,0.003198,0.018272,0.632181
2,measurement,2,81,0.000150001,0.061556,0.548871,0.0032,0.018227,0.631854
2,measurement,2,82,0.000155001,0.072468,0.548913,0.003204,0.018209,0.642794
2,measurement,2,83,0.00016000099999999997,0.072036,0.548681,0.003196,0.01821,0.6421229999999999
2,measurement,2,84,0.000165001,0.072189,0.548686,0.003209,0.018336,0.6424200000000001
2,measurement,2,85,0.000170001,0.081676,0.54896,0.003231,0.0183,0.6521669999999999
2,measurement,2,86,0.000175001,0.080968,0.54839,0.003208,0.018298,0.6508640000000001
2,measurement,2,87,0.00018000099999999997,0.091461,0.548938,0.003197,0.018295,0.661891
2,measurement,2,88,0.00018500099999999999,0.090796,0.548998,0.003207,0.018318,0.661319
2,measurement,2,89,0.000190001,0.090929,0.54922,0.003209,0.01825,0.6616080000000001
2,measurement,2,90,0.00019500099999999999,0.102296,0.548994,0.003215,0.018284,0.6727889999999999
2,measurement,2,91,0.000200001,0.101603,0.549005,0.003204,0.018278,0.67209
2,measurement,2,92,0.00020500099999999998,0.114373,0.548997,0.00321,0.018328,0.6849080000000001
2,measurement,2,93,0.000210001,0.113913,0.549009,0.003198,0.01827,0.68439
2,measurement,2,94,0.00021500099999999998,0.1267,0.548967,0.003213,0.018265,0.697145
2,measurement,2,95,0.000220001,0.126076,0.549111,0.003206,0.018327,0.69672
2,measurement,2,96,0.00022500099999999998,0.126116,0.549014,0.003218,0.018316,0.6966640000000001
2,measurement,2,97,0.000230001,0.139709,0.549119,0.003229,0.01838,0.710437
2,measurement,2,98,0.00023500099999999998,0.139216,0.549023,0.003212,0.018261,0.709712
2,measurement,2,99,0.000240001,0.153394,0.549057,0.003224,0.018285,0.72396
2,measurement,2,100,0.000245001,0.152738,0.54925,0.003217,0.018268,0.723473
2,measurement,2,101,0.000250001,0.152499,0.549025,0.003218,0.018257,0.7229990000000001
2,measurement,3,1,-0.000249999,0.163796,0.549409,0.003204,0.018292,0.734701
2,measurement,3,2,-0.000244999,0.153561,0.549269,0.003295,0.018191,0.7243160000000001
2,measurement,3,3,-0.00023999900000000002,0.153323,0.549057,0.003211,0.018287,0.723878
2,measurement,3,4,-0.000234999,0.14421,0.548927,0.003212,0.018336,0.7146850000000001
2,measurement,3,5,-0.00022999900000000002,0.139012,0.549188,0.003219,0.018253,0.709672
2,measurement,3,6,-0.000224999,0.126119,0.549126,0.003216,0.018223,0.696684
2,measurement,3,7,-0.00021999900000000002,0.126013,0.549065,0.003206,0.01823,0.6965140000000001
2,measurement,3,8,-0.000214999,0.126136,0.548909,0.003212,0.018236,0.696493
2,measurement,3,9,-0.00020999900000000002,0.113983,0.549064,0.003209,0.01829,0.684546
2,measurement,3,10,-0.000204999,0.113639,0.549149,0.003215,0.01823,0.684233
2,measurement,3,11,-0.00019999900000000002,0.102068,0.54924,0.003213,0.018273,0.672794
2,measurement,3,12,-0.000194999,0.101622,0.549022,0.003208,0.018307,0.672159
2,measurement,3,13,-0.00018999900000000002,0.090962,0.549133,0.003208,0.018178,0.661481
2,measurement,3,14,-0.000184999,0.090867,0.54895,0.003213,0.018355,0.6613850000000001
2,measurement,3,15,-0.000179999,0.091206,0.549018,0.003198,0.018309,0.6617310000000001
2,measurement,3,16,-0.000174999,0.080673,0.548736,0.003218,0.018314,0.6509410000000001
2,measurement,3,17,-0.00016999900000000002,0.080489,0.548876,0.0032,0.018251,0.6508160000000001
2,measurement,3,18,-0.000164999,0.072591,0.54884,0.003208,0.018361,0.6429999999999999
2,measurement,3,19,-0.000159999,0.072236,0.548827,0.003208,0.018214,0.6424849999999999
2,measurement,3,20,-0.000154999,0.071897,0.548931,0.003197,0.018258,0.6422829999999999
2,measurement,3,21,-0.00014999900000000003,0.061919,0.548911,0.003208,0.018158,0.632196
2,measurement,3,22,-0.000144999,0.061763,0.549128,0.003217,0.018199,0.632307
2,measurement,3,23,-0.000139999,0.053255,0.548635,0.003206,0.018287,0.6233830000000001
2,measurement,3,24,-0.000134999,0.053747,0.548918,0.003215,0.018258,0.624138
2,measurement,3,25,-0.000129999,0.045921,0.548969,0.003207,0.018318,0.6164149999999999
2,measurement,3,26,-0.00012499900000000001,0.045796,0.54882,0.003193,0.018226,0.616035
2,measurement,3,27,-0.00011999899999999999,0.045748,0.549073,0.003204,0.018235,0.61626
2,measurement,3,28,-0.000114999,0.039422,0.54875,0.003209,0.018305,0.609686
2,measurement,3,29,-0.00010999899999999999,0.039604,0.548439,0.003209,0.018209,0.609461
2,measurement,3,30,-0.000104999,0.032295,0.549271,0.003212,0.018396,0.6031739999999999
2,measurement,3,31,-9.999899999999999e-05,0.032586,0.548246,0.003203,0.018262,0.602297
2,measurement,3,32,-9.4999e-05,0.026421,0.549342,0.003199,0.018316,0.597278
2,measurement,3,33,-8.999899999999999e-05,0.026334,0.548359,0.003223,0.018217,0.596133
2,measurement,3,34,-8.499899999999998e-05,0.026386,0.548986,0.003204,0.018184,0.59676
2,measurement,3,35,-7.999899999999999e-05,0.021227,0.548537,0.003198,0.018368,0.5913300000000001
2,measurement,3,36,-7.499899999999998e-05,0.021414,0.548623,0.00321,0.018399,0.5916460000000001
2,measurement,3,37,-6.999899999999999e-05,0.016853,0.548528,0.0032,0.018161,0.586742
2,measurement,3,38,-6.499899999999998e-05,0.016902,0.548767,0.003206,0.018257,0.587132
2,measurement,3,39,-5.999899999999999e-05,0.016875,0.548472,0.003211,0.01817,0.5867279999999999
2,measurement,3,40,-5.499899999999998e-05,0.017465,0.548003,0.003198,0.018257,0.586923
2,measurement,3,41,-4.9998999999999993e-05,0.013025,0.549157,0.003227,0.018218,0.5836269999999999
2,measurement,3,42,-4.499899999999998e-05,0.010331,0.548245,0.003198,0.018227,0.580001
2,measurement,3,43,-3.9998999999999994e-05,0.009931,0.548644,0.003191,0.018207,0.5799730000000001
2,measurement,3,44,-3.499899999999998e-05,0.007371,0.548239,0.003207,0.018167,0.576984
2,measurement,3,45,-2.9999e-05,0.007357,0.548744,0.003202,0.018263,0.577566
2,measurement,3,46,-2.4998999999999985e-05,0.007386,0.548349,0.003197,0.018198,0.57713
2,measurement,3,47,-1.9999e-05,0.008251,0.548227,0.003208,0.018062,0.577748
2,measurement,3,48,-1.4998999999999985e-05,0.005619,0.54867,0.003192,0.018069,0.57555
2,measurement,3,49,-9.998999999999972e-06,0.005595,0.548091,0.003196,0.018068,0.57495
2,measurement,3,50,-4.998999999999959e-06,0.005621,0.548571,0.003422,0.018174,0.5757880000000001
2,measurement,3,51,1e-09,0.005607,0.548466,0.003205,0.018296,0.575574
2,measurement,3,52,5.0009999999999586e-06,0.005521,0.547392,0.003206,0.018185,0.574304
2,measurement,3,53,1.0000999999999973e-05,0.00557,0.549246,0.003212,0.01817,0.576198
2,measurement,3,54,1.5000999999999986e-05,0.005697,0.547729,0.003209,0.018143,0.574778
2,measurement,3,55,2.0000999999999997e-05,0.005599,0.549398,0.003207,0.018213,0.5764170000000001
2,measurement,3,56,2.5000999999999983e-05,0.007392,0.547507,0.00321,0.018338,0.5764469999999999
2,measurement,3,57,3.0000999999999996e-05,0.007365,0.549104,0.003195,0.018214,0.5778779999999999
2,measurement,3,58,3.5000999999999986e-05,0.00735,0.548306,0.00321,0.018288,0.577154
2,measurement,3,59,4.0001e-05,0.009929,0.548919,0.003217,0.018246,0.580311
2,measurement,3,60,4.5000999999999985e-05,0.00993,0.548357,0.003202,0.018232,0.579721
2,measurement,3,61,5.0001e-05,0.013296,0.54871,0.003199,0.018322,0.5835269999999999
2,measurement,3,62,5.5000999999999984e-05,0.013017,0.548653,0.003206,0.018247,0.583123
2,measurement,3,63,6.0001e-05,0.016979,0.548984,0.003203,0.018252,0.587418
2,measurement,3,64,6.500099999999998e-05,0.01681,0.548495,0.003202,0.0182,0.586707
2,measurement,3,65,7.0001e-05,0.016769,0.548592,0.003194,0.018316,0.586871
2,measurement,3,66,7.500099999999998e-05,0.021593,0.548454,0.003216,0.018374,0.591637
2,measurement,3,67,8.0001e-05,0.021653,0.548745,0.003193,0.018432,0.5920230000000001
2,measurement,3,68,8.500099999999998e-05,0.027286,0.54835,0.003211,0.018217,0.597064
2,measurement,3,69,9.0001e-05,0.026368,0.548897,0.003211,0.018331,0.5968069999999999
2,measurement,3,70,9.500100000000001e-05,0.026449,0.548451,0.003197,0.018307,0.5964039999999999
2,measurement,3,71,0.000100001,0.032698,0.548704,0.003202,0.018355,0.602959
2,measurement,3,72,0.000105001,0.032601,0.548552,0.003196,0.018191,0.60254
2,measurement,3,73,0.00011000099999999999,0.038914,0.549057,0.003209,0.018284,0.609464
2,measurement,3,74,0.000115001,0.038668,0.548589,0.003206,0.0183,0.608763
2,measurement,3,75,0.00012000099999999999,0.046203,0.548632,0.003212,0.018247,0.616294
2,measurement,3,76,0.000125001,0.046046,0.548975,0.003206,0.018324,0.6165510000000001
2,measurement,3,77,0.00013000099999999998,0.045979,0.548533,0.003426,0.018296,0.6162340000000001
2,measurement,3,78,0.000135001,0.053793,0.549081,0.003201,0.018181,0.624256
2,measurement,3,79,0.00014000099999999998,0.053495,0.549129,0.003223,0.018119,0.6239659999999999
2,measurement,3,80,0.000145001,0.062227,0.548697,0.003202,0.018191,0.632317
2,measurement,3,81,0.000150001,0.061815,0.549201,0.003204,0.018283,0.632503
2,measurement,3,82,0.000155001,0.071727,0.548975,0.003205,0.018294,0.642201
2,measurement,3,83,0.00016000099999999997,0.071248,0.548792,0.003214,0.01829,0.641544
2,measurement,3,84,0.000165001,0.070938,0.548963,0.003204,0.018207,0.641312
2,measurement,3,85,0.000170001,0.081045,0.548797,0.003208,0.018279,0.651329
2,measurement,3,86,0.000175001,0.080532,0.549009,0.003206,0.018255,0.6510020000000001
2,measurement,3,87,0.00018000099999999997,0.091538,0.548882,0.003221,0.018291,0.661932
2,measurement,3,88,0.00018500099999999999,0.091185,0.548977,0.003205,0.0183,0.661667
2,measurement,3,89,0.000190001,0.090836,0.549077,0.003202,0.018215,0.6613300000000001
2,measurement,3,90,0.00019500099999999999,0.102327,0.549196,0.003216,0.018207,0.672946
2,measurement,3,91,0.000200001,0.101967,0.549139,0.003211,0.018247,0.672564
2,measurement,3,92,0.00020500099999999998,0.114254,0.548965,0.003209,0.01825,0.684678
2,measurement,3,93,0.000210001,0.113843,0.548934,0.003209,0.01822,0.6842060000000001
2,measurement,3,94,0.00021500099999999998,0.126578,0.549128,0.003204,0.018252,0.697162
2,measurement,3,95,0.000220001,0.126035,0.549151,0.0032,0.018358,0.6967439999999999
2,measurement,3,96,0.00022500099999999998,0.125984,0.549057,0.003207,0.01828,0.6965279999999999
2,measurement,3,97,0.000230001,0.13944,0.549998,0.003208,0.018266,0.710912
2,measurement,3,98,0.00023500099999999998,0.139091,0.54918,0.003206,0.018309,0.709786
2,measurement,3,99,0.000240001,0.153538,0.549241,0.003211,0.018293,0.724283
2,measurement,3,100,0.000245001,0.152711,0.549252,0.003204,0.018315,0.723482
2,measurement,3,101,0.000250001,0.152818,0.549099,0.003218,0.018229,0.7233640000000001
2,measurement,4,1,-0.000249999,0.162456,0.549237,0.003214,0.018235,0.733142
2,measurement,4,2,-0.000244999,0.153673,0.549156,0.00321,0.018256,0.724295
2,measurement,4,3,-0.00023999900000000002,0.152995,0.549133,0.00321,0.01839,0.723728
2,measurement,4,4,-0.000234999,0.144025,0.548792,0.003209,0.018391,0.714417
2,measurement,4,5,-0.00022999900000000002,0.140483,0.549177,0.00323,0.018208,0.711098
2,measurement,4,6,-0.000224999,0.126152,0.548975,0.003208,0.018171,0.6965060000000001
2,measurement,4,7,-0.00021999900000000002,0.126058,0.549067,0.003216,0.018307,0.6966479999999999
2,measurement,4,8,-0.000214999,0.126165,0.548842,0.003205,0.018304,0.696516
2,measurement,4,9,-0.00020999900000000002,0.113524,0.549258,0.003199,0.01832,0.6843009999999999
2,measurement,4,10,-0.000204999,0.11337,0.548888,0.003213,0.0183,0.683771
2,measurement,4,11,-0.00019999900000000002,0.10234,0.549108,0.003211,0.01831,0.672969
2,measurement,4,12,-0.000194999,0.10203,0.548975,0.003211,0.018241,0.6724569999999999
2,measurement,4,13,-0.00018999900000000002,0.090814,0.548943,0.003203,0.01831,0.6612699999999999
2,measurement,4,14,-0.000184999,0.090909,0.548829,0.003199,0.01837,0.661307
2,measurement,4,15,-0.000179999,0.091097,0.549036,0.003199,0.018253,0.6615849999999999
2,measurement,4,16,-0.000174999,0.081827,0.54875,0.003203,0.018272,0.6520519999999999
2,measurement,4,17,-0.00016999900000000002,0.080651,0.548863,0.003204,0.018382,0.6511
2,measurement,4,18,-0.000164999,0.071111,0.548621,0.003202,0.018231,0.6411650000000001
2,measurement,4,19,-0.000159999,0.071235,0.548809,0.003197,0.018183,0.641424
2,measurement,4,20,-0.000154999,0.071182,0.54857,0.003199,0.018224,0.6411749999999999
2,measurement,4,21,-0.00014999900000000003,0.061791,0.548834,0.003197,0.018117,0.6319390000000001
2,measurement,4,22,-0.000144999,0.061669,0.548675,0.003218,0.018179,0.6317410000000001
2,measurement,4,23,-0.000139999,0.054717,0.548578,0.003201,0.018296,0.624792
2,measurement,4,24,-0.000134999,0.053488,0.548598,0.003206,0.018274,0.6235660000000001
2,measurement,4,25,-0.000129999,0.04588,0.548816,0.003211,0.018171,0.616078
2,measurement,4,26,-0.00012499900000000001,0.045759,0.548581,0.003193,0.018284,0.615817
2,measurement,4,27,-0.00011999899999999999,0.045968,0.548817,0.003202,0.018217,0.6162040000000001
2,measurement,4,28,-0.000114999,0.038848,0.54826,0.003207,0.018236,0.608551
2,measurement,4,29,-0.00010999899999999999,0.038888,0.548488,0.003194,0.01822,0.60879
2,measurement,4,30,-0.000104999,0.032342,0.548625,0.003201,0.018271,0.6024390000000001
2,measurement,4,31,-9.999899999999999e-05,0.032427,0.548246,0.003197,0.01824,0.60211
2,measurement,4,32,-9.4999e-05,0.026316,0.548516,0.003201,0.01827,0.596303
2,measurement,4,33,-8.999899999999999e-05,0.026488,0.548381,0.003208,0.018211,0.5962879999999999
2,measurement,4,34,-8.499899999999998e-05,0.026192,0.548435,0.003211,0.018368,0.596206
2,measurement,4,35,-7.999899999999999e-05,0.021455,0.548573,0.003204,0.018275,0.591507
2,measurement,4,36,-7.499899999999998e-05,0.021571,0.548125,0.003202,0.018445,0.5913430000000001
2,measurement,4,37,-6.999899999999999e-05,0.016813,0.548451,0.003199,0.018214,0.5866769999999999
2,measurement,4,38,-6.499899999999998e-05,0.016853,0.54844,0.003201,0.0183,0.586794
2,measurement,4,39,-5.999899999999999e-05,0.017176,0.548118,0.003202,0.018181,0.586677
2,measurement,4,40,-5.499899999999998e-05,0.012991,0.54849,0.003203,0.018275,0.582959
2,measurement,4,41,-4.9998999999999993e-05,0.013023,0.548281,0.003199,0.018417,0.58292
2,measurement,4,42,-4.499899999999998e-05,0.009867,0.547875,0.003196,0.018163,0.579101
2,measurement,4,43,-3.9998999999999994e-05,0.009886,0.548785,0.00322,0.018162,0.5800529999999999
2,measurement,4,44,-3.499899999999998e-05,0.007434,0.547748,0.0032,0.018199,0.576581
2,measurement,4,45,-2.9999e-05,0.007419,0.548617,0.003198,0.018201,0.577435
2,measurement,4,46,-2.4998999999999985e-05,0.00847,0.547457,0.0032,0.018262,0.5773889999999999
2,measurement,4,47,-1.9999e-05,0.005593,0.548764,0.003212,0.018216,0.575785
2,measurement,4,48,-1.4998999999999985e-05,0.005875,0.547421,0.003201,0.018173,0.57467
2,measurement,4,49,-9.998999999999972e-06,0.005646,0.548783,0.003207,0.018261,0.575897
2,measurement,4,50,-4.998999999999959e-06,0.005612,0.547301,0.003422,0.018203,0.574538
2,measurement,4,51,1e-09,0.005646,0.548715,0.003198,0.018265,0.575824
2,measurement,4,52,5.0009999999999586e-06,0.005604,0.547036,0.003201,0.018192,0.574033
2,measurement,4,53,1.0000999999999973e-05,0.005609,0.549154,0.003206,0.018164,0.576133
2,measurement,4,54,1.5000999999999986e-05,0.0056,0.547237,0.003193,0.018253,0.574283
2,measurement,4,55,2.0000999999999997e-05,0.005599,0.549124,0.003212,0.018201,0.576136
2,measurement,4,56,2.5000999999999983e-05,0.007404,0.547254,0.003202,0.018292,0.576152
2,measurement,4,57,3.0000999999999996e-05,0.007387,0.548946,0.003193,0.018208,0.5777340000000001
2,measurement,4,58,3.5000999999999986e-05,0.007372,0.547465,0.003205,0.018247,0.576289
2,measurement,4,59,4.0001e-05,0.009898,0.5489,0.003199,0.018168,0.5801649999999999
2,measurement,4,60,4.5000999999999985e-05,0.009904,0.548051,0.003211,0.018242,0.5794079999999999
2,measurement,4,61,5.0001e-05,0.013439,0.5482,0.003194,0.018251,0.583084
2,measurement,4,62,5.5000999999999984e-05,0.012976,0.5485,0.003218,0.018228,0.582922
2,measurement,4,63,6.0001e-05,0.016864,0.54823,0.003208,0.018334,0.5866359999999999
2,measurement,4,64,6.500099999999998e-05,0.01678,0.548335,0.003202,0.01825,0.5865670000000001
2,measurement,4,65,7.0001e-05,0.016788,0.548524,0.003204,0.018278,0.586794
2,measurement,4,66,7.500099999999998e-05,0.021436,0.548117,0.003196,0.018347,0.591096
2,measurement,4,67,8.0001e-05,0.021307,0.548718,0.003198,0.018183,0.591406
2,measurement,4,68,8.500099999999998e-05,0.026475,0.548256,0.0032,0.018205,0.596136
2,measurement,4,69,9.0001e-05,0.026306,0.548561,0.003216,0.018276,0.596359
2,measurement,4,70,9.500100000000001e-05,0.026577,0.548211,0.003208,0.018217,0.596213
2,measurement,4,71,0.000100001,0.032531,0.548567,0.003204,0.018386,0.602688
2,measurement,4,72,0.000105001,0.032383,0.548833,0.003225,0.018214,0.602655
2,measurement,4,73,0.00011000099999999999,0.039522,0.548847,0.003204,0.018289,0.6098619999999999
2,measurement,4,74,0.000115001,0.040896,0.547949,0.003198,0.018242,0.6102850000000001
2,measurement,4,75,0.00012000099999999999,0.046071,0.549072,0.003197,0.018367,0.616707
2,measurement,4,76,0.000125001,0.04581,0.548096,0.0032,0.018339,0.615445
2,measurement,4,77,0.00013000099999999998,0.045862,0.549014,0.003393,0.01822,0.616489
2,measurement,4,78,0.000135001,0.053438,0.548069,0.003193,0.018233,0.622933
2,measurement,4,79,0.00014000099999999998,0.053147,0.549072,0.003217,0.01831,0.6237460000000001
2,measurement,4,80,0.000145001,0.06211,0.548091,0.003195,0.018195,0.6315909999999999
2,measurement,4,81,0.000150001,0.061523,0.549187,0.003204,0.018143,0.632057
2,measurement,4,82,0.000155001,0.072232,0.547449,0.003217,0.018174,0.641072
2,measurement,4,83,0.00016000099999999997,0.072122,0.549052,0.0032,0.018342,0.642716
2,measurement,4,84,0.000165001,0.072177,0.548255,0.003224,0.018269,0.6419250000000001
2,measurement,4,85,0.000170001,0.081598,0.548954,0.003212,0.018297,0.652061
2,measurement,4,86,0.000175001,0.080685,0.548759,0.0032,0.018384,0.6510279999999999
2,measurement,4,87,0.00018000099999999997,0.093425,0.549093,0.003215,0.018283,0.664016
2,measurement,4,88,0.00018500099999999999,0.090914,0.54901,0.003208,0.018187,0.6613189999999999
2,measurement,4,89,0.000190001,0.090624,0.54903,0.003198,0.018269,0.6611210000000001
2,measurement,4,90,0.00019500099999999999,0.103911,0.548978,0.003208,0.018258,0.6743549999999999
2,measurement,4,91,0.000200001,0.101987,0.549055,0.003205,0.018307,0.6725539999999999
2,measurement,4,92,0.00020500099999999998,0.113988,0.548771,0.003237,0.018487,0.6844830000000001
2,measurement,4,93,0.000210001,0.115211,0.549261,0.003204,0.018251,0.685927
2,measurement,4,94,0.00021500099999999998,0.126302,0.549086,0.003204,0.01817,0.696762
2,measurement,4,95,0.000220001,0.125709,0.549319,0.003213,0.018174,0.696415
2,measurement,4,96,0.00022500099999999998,0.127932,0.549029,0.003225,0.018259,0.698445
2,measurement,4,97,0.000230001,0.140032,0.549275,0.003218,0.01817,0.710695
2,measurement,4,98,0.00023500099999999998,0.138435,0.548901,0.003202,0.018377,0.708915
2,measurement,4,99,0.000240001,0.153421,0.549299,0.003216,0.018216,0.724152
2,measurement,4,100,0.000245001,0.152686,0.548871,0.003208,0.018267,0.723032
2,measurement,4,101,0.000250001,0.15274,0.549143,0.003204,0.018343,0.72343
2,measurement,5,1,-0.000249999,0.161818,0.548813,0.003213,0.018361,0.732205
2,measurement,5,2,-0.000244999,0.153737,0.548875,0.003213,0.018381,0.724206
2,measurement,5,3,-0.00023999900000000002,0.153257,0.549081,0.003205,0.018281,0.723824
2,measurement,5,4,-0.000234999,0.144456,0.548889,0.00322,0.018244,0.714809
2,measurement,5,5,-0.00022999900000000002,0.139582,0.549076,0.003214,0.018329,0.7102010000000001
2,measurement,5,6,-0.000224999,0.126002,0.548858,0.00321,0.018277,0.696347
2,measurement,5,7,-0.00021999900000000002,0.126179,0.549011,0.003211,0.018351,0.696752
2,measurement,5,8,-0.000214999,0.125964,0.548885,0.003207,0.018316,0.6963719999999999
2,measurement,5,9,-0.00020999900000000002,0.113677,0.549278,0.003207,0.018189,0.684351
2,measurement,5,10,-0.000204999,0.113422,0.548757,0.00321,0.018246,0.6836350000000001
2,measurement,5,11,-0.00019999900000000002,0.102022,0.549192,0.003205,0.01829,0.672709
2,measurement,5,12,-0.000194999,0.102302,0.548925,0.003205,0.018179,0.6726110000000001
2,measurement,5,13,-0.00018999900000000002,0.090778,0.549023,0.00321,0.018299,0.6613100000000001
2,measurement,5,14,-0.000184999,0.09098,0.548771,0.003205,0.018282,0.661238
2,measurement,5,15,-0.000179999,0.090885,0.549024,0.003209,0.018389,0.661507
2,measurement,5,16,-0.000174999,0.080624,0.548706,0.003242,0.018366,0.650938
2,measurement,5,17,-0.00016999900000000002,0.08276,0.548225,0.00321,0.018299,0.6524939999999999
2,measurement,5,18,-0.000164999,0.072687,0.548514,0.003204,0.018201,0.6426059999999999
2,measurement,5,19,-0.000159999,0.072168,0.548901,0.003197,0.018109,0.642375
2,measurement,5,20,-0.000154999,0.07204,0.548441,0.003197,0.018324,0.642002
2,measurement,5,21,-0.00014999900000000003,0.061845,0.548846,0.003209,0.018173,0.632073
2,measurement,5,22,-0.000144999,0.061661,0.548709,0.0032,0.018165,0.6317349999999999
2,measurement,5,23,-0.000139999,0.053514,0.548521,0.003205,0.018304,0.623544
2,measurement,5,24,-0.000134999,0.053557,0.548706,0.003199,0.018234,0.6236959999999999
2,measurement,5,25,-0.000129999,0.04594,0.548909,0.003203,0.018202,0.616254
2,measurement,5,26,-0.00012499900000000001,0.045691,0.548757,0.003196,0.018173,0.6158170000000001
2,measurement,5,27,-0.00011999899999999999,0.045791,0.548869,0.003203,0.018288,0.616151
2,measurement,5,28,-0.000114999,0.042553,0.548616,0.003203,0.018284,0.6126559999999999
2,measurement,5,29,-0.00010999899999999999,0.03949,0.548361,0.003202,0.018229,0.6092820000000001
2,measurement,5,30,-0.000104999,0.032572,0.548448,0.003204,0.018296,0.6025200000000001
2,measurement,5,31,-9.999899999999999e-05,0.032341,0.54839,0.00321,0.018194,0.6021350000000001
2,measurement,5,32,-9.4999e-05,0.026333,0.548728,0.003199,0.018363,0.596623
2,measurement,5,33,-8.999899999999999e-05,0.02629,0.548521,0.003206,0.0183,0.5963170000000001
2,measurement,5,34,-8.499899999999998e-05,0.026359,0.54837,0.003192,0.018165,0.596086
2,measurement,5,35,-7.999899999999999e-05,0.021262,0.548546,0.003201,0.018231,0.59124
2,measurement,5,36,-7.499899999999998e-05,0.021391,0.548165,0.00322,0.018247,0.5910230000000001
2,measurement,5,37,-6.999899999999999e-05,0.016744,0.548458,0.003202,0.018287,0.5866910000000001
2,measurement,5,38,-6.499899999999998e-05,0.016859,0.548201,0.00321,0.018376,0.586646
2,measurement,5,39,-5.999899999999999e-05,0.016803,0.547986,0.003209,0.018105,0.586103
2,measurement,5,40,-5.499899999999998e-05,0.013054,0.5487,0.003223,0.018373,0.5833499999999999
2,measurement,5,41,-4.9998999999999993e-05,0.01329,0.547681,0.003198,0.01817,0.582339
2,measurement,5,42,-4.499899999999998e-05,0.009931,0.548858,0.00319,0.018192,0.580171
2,measurement,5,43,-3.9998999999999994e-05,0.009887,0.547488,0.003204,0.018198,0.578777
2,measurement,5,44,-3.499899999999998e-05,0.007427,0.548805,0.003198,0.0182,0.57763
2,measurement,5,45,-2.9999e-05,0.007461,0.547725,0.003202,0.018258,0.5766460000000001
2,measurement,5,46,-2.4998999999999985e-05,0.007443,0.548564,0.003197,0.018162,0.577366
2,measurement,5,47,-1.9999e-05,0.005587,0.547954,0.003199,0.01834,0.57508
2,measurement,5,48,-1.4998999999999985e-05,0.005647,0.547994,0.003203,0.018254,0.5750979999999999
2,measurement,5,49,-9.998999999999972e-06,0.005633,0.548289,0.003201,0.018219,0.575342
2,measurement,5,50,-4.998999999999959e-06,0.005652,0.547645,0.003426,0.018132,0.5748550000000001
2,measurement,5,51,1e-09,0.005671,0.548247,0.003197,0.018121,0.5752360000000001
2,measurement,5,52,5.0009999999999586e-06,0.005547,0.547024,0.00321,0.018279,0.57406
2,measurement,5,53,1.0000999999999973e-05,0.005581,0.549109,0.003205,0.018271,0.576166
2,measurement,5,54,1.5000999999999986e-05,0.005813,0.547214,0.003203,0.018204,0.5744339999999999
2,measurement,5,55,2.0000999999999997e-05,0.005581,0.548958,0.003192,0.018219,0.5759499999999999
2,measurement,5,56,2.5000999999999983e-05,0.007358,0.547376,0.0032,0.018296,0.5762299999999999
2,measurement,5,57,3.0000999999999996e-05,0.007367,0.549015,0.003205,0.01833,0.577917
2,measurement,5,58,3.5000999999999986e-05,0.007372,0.547358,0.0032,0.018286,0.5762160000000001
2,measurement,5,59,4.0001e-05,0.009915,0.54919,0.003215,0.01817,0.58049
2,measurement,5,60,4.5000999999999985e-05,0.009921,0.547498,0.003199,0.018156,0.5787739999999999
2,measurement,5,61,5.0001e-05,0.013145,0.54856,0.003195,0.018172,0.5830719999999999
2,measurement,5,62,5.5000999999999984e-05,0.01304,0.548254,0.00321,0.018301,0.5828050000000001
2,measurement,5,63,6.0001e-05,0.017023,0.548436,0.003201,0.018354,0.587014
2,measurement,5,64,6.500099999999998e-05,0.01687,0.548203,0.003194,0.0182,0.5864670000000001
2,measurement,5,65,7.0001e-05,0.016718,0.548665,0.003203,0.018248,0.586834
2,measurement,5,66,7.500099999999998e-05,0.021436,0.548032,0.003211,0.018266,0.5909449999999999
2,measurement,5,67,8.0001e-05,0.021472,0.548638,0.003211,0.018229,0.59155
2,measurement,5,68,8.500099999999998e-05,0.026289,0.548166,0.003206,0.018277,0.5959380000000001
2,measurement,5,69,9.0001e-05,0.026342,0.548782,0.003207,0.018178,0.596509
2,measurement,5,70,9.500100000000001e-05,0.026316,0.548232,0.003205,0.018265,0.596018
2,measurement,5,71,0.000100001,0.032471,0.548579,0.003207,0.01824,0.6024970000000001
2,measurement,5,72,0.000105001,0.032346,0.548287,0.003205,0.01836,0.602198
2,measurement,5,73,0.00011000099999999999,0.038648,0.548493,0.003207,0.018335,0.608683
2,measurement,5,74,0.000115001,0.038679,0.548817,0.003195,0.018108,0.608799
2,measurement,5,75,0.00012000099999999999,0.045781,0.548829,0.003205,0.018104,0.615919
2,measurement,5,76,0.000125001,0.045757,0.548699,0.0032,0.018093,0.6157490000000001
2,measurement,5,77,0.00013000099999999998,0.04586,0.548899,0.003406,0.018196,0.616361
2,measurement,5,78,0.000135001,0.053382,0.548583,0.003222,0.018236,0.6234230000000001
2,measurement,5,79,0.00014000099999999998,0.053368,0.548823,0.003199,0.018278,0.6236679999999999
2,measurement,5,80,0.000145001,0.061709,0.548392,0.003206,0.018163,0.6314700000000001
2,measurement,5,81,0.000150001,0.061725,0.548477,0.003197,0.01829,0.6316890000000001
2,measurement,5,82,0.000155001,0.071283,0.548513,0.003204,0.018261,0.641261
2,measurement,5,83,0.00016000099999999997,0.071059,0.548823,0.003204,0.018236,0.641322
2,measurement,5,84,0.000165001,0.07086,0.548687,0.003201,0.018115,0.6408630000000001
2,measurement,5,85,0.000170001,0.080418,0.549085,0.003206,0.018341,0.6510500000000001
2,measurement,5,86,0.000175001,0.080643,0.54862,0.003224,0.018321,0.650808
2,measurement,5,87,0.00018000099999999997,0.091392,0.549137,0.003206,0.018358,0.662093
2,measurement,5,88,0.00018500099999999999,0.090601,0.548944,0.003204,0.018375,0.661124
2,measurement,5,89,0.000190001,0.091147,0.548937,0.003198,0.018351,0.661633
2,measurement,5,90,0.00019500099999999999,0.102495,0.54883,0.003205,0.018308,0.672838
2,measurement,5,91,0.000200001,0.102409,0.549254,0.00321,0.018309,0.6731820000000001
2,measurement,5,92,0.00020500099999999998,0.114409,0.548861,0.003214,0.018269,0.6847530000000001
2,measurement,5,93,0.000210001,0.113911,0.549199,0.003218,0.018219,0.684547
2,measurement,5,94,0.00021500099999999998,0.126212,0.549149,0.003211,0.01825,0.6968219999999999
2,measurement,5,95,0.000220001,0.125661,0.549349,0.003205,0.018228,0.696443
2,measurement,5,96,0.00022500099999999998,0.126076,0.549051,0.003206,0.0183,0.696633
2,measurement,5,97,0.000230001,0.139608,0.549395,0.003211,0.018189,0.710403
2,measurement,5,98,0.00023500099999999998,0.138671,0.548855,0.003214,0.018298,0.7090380000000001
2,measurement,5,99,0.000240001,0.153492,0.549297,0.003211,0.018253,0.7242529999999999
2,measurement,5,100,0.000245001,0.152484,0.548872,0.003217,0.018314,0.7228870000000002
2,measurement,5,101,0.000250001,0.155706,0.549262,0.003221,0.018288,0.726477
2,measurement,6,1,-0.000249999,0.164377,0.549128,0.003227,0.018251,0.7349829999999999
2,measurement,6,2,-0.000244999,0.153586,0.549234,0.003218,0.018311,0.724349
2,measurement,6,3,-0.00023999900000000002,0.153376,0.549338,0.00321,0.018226,0.7241500000000001
2,measurement,6,4,-0.000234999,0.144057,0.549252,0.003215,0.018209,0.714733
2,measurement,6,5,-0.00022999900000000002,0.138756,0.549121,0.003207,0.018363,0.7094469999999999
2,measurement,6,6,-0.000224999,0.126055,0.549206,0.003211,0.018286,0.696758
2,measurement,6,7,-0.00021999900000000002,0.126151,0.549132,0.003209,0.018297,0.696789
2,measurement,6,8,-0.000214999,0.125869,0.549167,0.003202,0.018343,0.696581
2,measurement,6,9,-0.00020999900000000002,0.113759,0.549074,0.003203,0.018337,0.684373
2,measurement,6,10,-0.000204999,0.113835,0.549207,0.003234,0.018408,0.684684
2,measurement,6,11,-0.00019999900000000002,0.104686,0.54903,0.003215,0.0183,0.6752309999999999
2,measurement,6,12,-0.000194999,0.102062,0.549032,0.00321,0.01837,0.672674
2,measurement,6,13,-0.00018999900000000002,0.091296,0.549137,0.003213,0.018311,0.661957
2,measurement,6,14,-0.000184999,0.091136,0.549123,0.00322,0.018233,0.6617120000000001
2,measurement,6,15,-0.000179999,0.091122,0.548944,0.003213,0.018319,0.661598
2,measurement,6,16,-0.000174999,0.080762,0.548988,0.003242,0.018277,0.651269
2,measurement,6,17,-0.00016999900000000002,0.080641,0.549178,0.003212,0.018189,0.65122
2,measurement,6,18,-0.000164999,0.070799,0.548391,0.003212,0.018342,0.6407439999999999
2,measurement,6,19,-0.000159999,0.071165,0.548944,0.00322,0.018295,0.641624
2,measurement,6,20,-0.000154999,0.071236,0.548161,0.003198,0.018224,0.640819
2,measurement,6,21,-0.00014999900000000003,0.061699,0.549221,0.003203,0.018268,0.6323909999999998
2,measurement,6,22,-0.000144999,0.061905,0.548676,0.003215,0.01841,0.632206
2,measurement,6,23,-0.000139999,0.053452,0.549111,0.003198,0.018151,0.623912
2,measurement,6,24,-0.000134999,0.053674,0.548799,0.003207,0.018277,0.623957
2,measurement,6,25,-0.000129999,0.045837,0.549,0.003201,0.018211,0.616249
2,measurement,6,26,-0.00012499900000000001,0.045637,0.548549,0.003212,0.018264,0.6156619999999999
2,measurement,6,27,-0.00011999899999999999,0.046027,0.548899,0.003194,0.018146,0.6162660000000001
2,measurement,6,28,-0.000114999,0.0388,0.548902,0.003196,0.018155,0.609053
2,measurement,6,29,-0.00010999899999999999,0.038553,0.548436,0.003199,0.018337,0.608525
2,measurement,6,30,-0.000104999,0.032437,0.548621,0.00322,0.01834,0.6026180000000001
2,measurement,6,31,-9.999899999999999e-05,0.032151,0.548483,0.003204,0.018242,0.6020800000000001
2,measurement,6,32,-9.4999e-05,0.026277,0.54851,0.0032,0.018227,0.596214
2,measurement,6,33,-8.999899999999999e-05,0.02628,0.548417,0.003201,0.018192,0.59609
2,measurement,6,34,-8.499899999999998e-05,0.026314,0.548735,0.003219,0.018328,0.5965959999999999
2,measurement,6,35,-7.999899999999999e-05,0.021617,0.548357,0.003204,0.01823,0.5914079999999999
2,measurement,6,36,-7.499899999999998e-05,0.021218,0.548644,0.003202,0.018248,0.5913120000000001
2,measurement,6,37,-6.999899999999999e-05,0.016783,0.548446,0.00321,0.018325,0.5867640000000001
2,measurement,6,38,-6.499899999999998e-05,0.016998,0.548465,0.003213,0.018157,0.5868329999999999
2,measurement,6,39,-5.999899999999999e-05,0.01682,0.548625,0.003199,0.01838,0.5870239999999999
2,measurement,6,40,-5.499899999999998e-05,0.013185,0.548284,0.003193,0.018302,0.582964
2,measurement,6,41,-4.9998999999999993e-05,0.013011,0.548537,0.003203,0.018208,0.582959
2,measurement,6,42,-4.499899999999998e-05,0.009955,0.548191,0.003197,0.018192,0.579535
2,measurement,6,43,-3.9998999999999994e-05,0.00997,0.548363,0.003206,0.018193,0.5797320000000001
2,measurement,6,44,-3.499899999999998e-05,0.007388,0.547942,0.003208,0.018286,0.576824
2,measurement,6,45,-2.9999e-05,0.007391,0.548817,0.003197,0.018229,0.5776340000000001
2,measurement,6,46,-2.4998999999999985e-05,0.007346,0.547781,0.003205,0.018244,0.576576
2,measurement,6,47,-1.9999e-05,0.005568,0.548738,0.003207,0.018193,0.5757059999999999
2,measurement,6,48,-1.4998999999999985e-05,0.005791,0.547822,0.003198,0.018215,0.575026
2,measurement,6,49,-9.998999999999972e-06,0.005562,0.548734,0.00321,0.018361,0.575867
2,measurement,6,50,-4.998999999999959e-06,0.005761,0.548036,0.003436,0.018271,0.575504
2,measurement,6,51,1e-09,0.005568,0.548378,0.003206,0.018223,0.5753750000000001
2,measurement,6,52,5.0009999999999586e-06,0.005592,0.547173,0.003195,0.018109,0.574069
2,measurement,6,53,1.0000999999999973e-05,0.005654,0.549271,0.003193,0.018266,0.576384
2,measurement,6,54,1.5000999999999986e-05,0.005638,0.547444,0.0032,0.018227,0.574509
2,measurement,6,55,2.0000999999999997e-05,0.005538,0.549096,0.00319,0.018174,0.5759980000000001
2,measurement,6,56,2.5000999999999983e-05,0.007414,0.547316,0.003205,0.018177,0.5761120000000001
2,measurement,6,57,3.0000999999999996e-05,0.007413,0.549173,0.003215,0.018081,0.577882
2,measurement,6,58,3.5000999999999986e-05,0.007414,0.548252,0.003208,0.018211,0.577085
2,measurement,6,59,4.0001e-05,0.009995,0.54849,0.003213,0.018338,0.580036
2,measurement,6,60,4.5000999999999985e-05,0.009953,0.548247,0.003206,0.018238,0.579644
2,measurement,6,61,5.0001e-05,0.013215,0.548541,0.003202,0.018265,0.5832229999999999
2,measurement,6,62,5.5000999999999984e-05,0.015899,0.54819,0.003204,0.018205,0.585498
2,measurement,6,63,6.0001e-05,0.016868,0.548706,0.003206,0.01826,0.58704
2,measurement,6,64,6.500099999999998e-05,0.016768,0.548451,0.0032,0.018408,0.586827
2,measurement,6,65,7.0001e-05,0.016844,0.548419,0.003195,0.01826,0.5867179999999999
2,measurement,6,66,7.500099999999998e-05,0.021468,0.548547,0.003211,0.018194,0.5914200000000001
2,measurement,6,67,8.0001e-05,0.02125,0.548618,0.003206,0.018255,0.5913290000000001
2,measurement,6,68,8.500099999999998e-05,0.026602,0.548406,0.003224,0.018239,0.596471
2,measurement,6,69,9.0001e-05,0.026752,0.548592,0.003236,0.018347,0.596927
2,measurement,6,70,9.500100000000001e-05,0.026761,0.54857,0.003209,0.018278,0.5968180000000001
2,measurement,6,71,0.000100001,0.032497,0.548498,0.003199,0.018212,0.602406
2,measurement,6,72,0.000105001,0.032419,0.548951,0.003207,0.018302,0.6028789999999999
2,measurement,6,73,0.00011000099999999999,0.039457,0.548279,0.003197,0.018243,0.6091759999999999
2,measurement,6,74,0.000115001,0.039378,0.54908,0.003204,0.018252,0.6099140000000001
2,measurement,6,75,0.00012000099999999999,0.045733,0.548852,0.003202,0.018147,0.6159340000000001
2,measurement,6,76,0.000125001,0.045788,0.548888,0.003202,0.018123,0.6160010000000001
2,measurement,6,77,0.00013000099999999998,0.045846,0.548922,0.003422,0.018175,0.616365
2,measurement,6,78,0.000135001,0.053405,0.548742,0.003199,0.018255,0.623601
2,measurement,6,79,0.00014000099999999998,0.053423,0.548756,0.003194,0.018242,0.623615
2,measurement,6,80,0.000145001,0.061647,0.548629,0.003199,0.018261,0.631736
2,measurement,6,81,0.000150001,0.061767,0.548775,0.003194,0.018262,0.6319980000000001
2,measurement,6,82,0.000155001,0.072634,0.548516,0.003204,0.018319,0.6426729999999999
2,measurement,6,83,0.00016000099999999997,0.072439,0.548954,0.0032,0.018067,0.64266
2,measurement,6,84,0.000165001,0.072052,0.548604,0.003206,0.018269,0.642131
2,measurement,6,85,0.000170001,0.08106,0.549121,0.003214,0.018277,0.651672
2,measurement,6,86,0.000175001,0.08082,0.548445,0.003208,0.018194,0.650667
2,measurement,6,87,0.00018000099999999997,0.090746,0.549172,0.003201,0.018246,0.661365
2,measurement,6,88,0.00018500099999999999,0.091096,0.54898,0.003216,0.018293,0.661585
2,measurement,6,89,0.000190001,0.09098,0.549206,0.003215,0.018266,0.6616669999999999
2,measurement,6,90,0.00019500099999999999,0.102707,0.549071,0.003208,0.018288,0.6732739999999999
2,measurement,6,91,0.000200001,0.101928,0.548936,0.003209,0.018267,0.67234
2,measurement,6,92,0.00020500099999999998,0.114262,0.549229,0.003206,0.01824,0.684937
2,measurement,6,93,0.000210001,0.113438,0.549149,0.003215,0.018352,0.684154
2,measurement,6,94,0.00021500099999999998,0.126535,0.549171,0.003222,0.018396,0.6973239999999998
2,measurement,6,95,0.000220001,0.126303,0.549096,0.003225,0.018309,0.6969330000000001
2,measurement,6,96,0.00022500099999999998,0.126149,0.549021,0.003201,0.018278,0.6966490000000001
2,measurement,6,97,0.000230001,0.13954,0.54916,0.003217,0.018304,0.710221
2,measurement,6,98,0.00023500099999999998,0.139169,0.549382,0.003213,0.018169,0.709933
2,measurement,6,99,0.000240001,0.153014,0.549069,0.003225,0.018349,0.723657
2,measurement,6,100,0.000245001,0.152744,0.549175,0.003209,0.018286,0.723414
2,measurement,6,101,0.000250001,0.152756,0.549351,0.003205,0.018231,0.723543
2,measurement,7,1,-0.000249999,0.162986,0.5491,0.003227,0.018412,0.733725
2,measurement,7,2,-0.000244999,0.158079,0.54918,0.00322,0.018262,0.728741
2,measurement,7,3,-0.00023999900000000002,0.15313,0.549122,0.003214,0.018389,0.723855
2,measurement,7,4,-0.000234999,0.144224,0.548844,0.003218,0.018305,0.7145910000000001
2,measurement,7,5,-0.00022999900000000002,0.141091,0.54931,0.003234,0.018257,0.7118919999999999
2,measurement,7,6,-0.000224999,0.12817,0.549063,0.003209,0.018325,0.698767
2,measurement,7,7,-0.00021999900000000002,0.126162,0.549116,0.003217,0.018321,0.6968160000000001
2,measurement,7,8,-0.000214999,0.126145,0.548865,0.003212,0.018421,0.6966430000000001
2,measurement,7,9,-0.00020999900000000002,0.113966,0.549179,0.003216,0.018261,0.684622
2,measurement,7,10,-0.000204999,0.113795,0.549007,0.003209,0.018298,0.6843090000000001
2,measurement,7,11,-0.00019999900000000002,0.102083,0.549281,0.003219,0.018228,0.672811
2,measurement,7,12,-0.000194999,0.101579,0.548995,0.003215,0.018237,0.6720259999999999
2,measurement,7,13,-0.00018999900000000002,0.090752,0.5487,0.003219,0.018222,0.6608929999999998
2,measurement,7,14,-0.000184999,0.091159,0.548821,0.00321,0.018308,0.661498
2,measurement,7,15,-0.000179999,0.091144,0.548972,0.003207,0.018309,0.661632
2,measurement,7,16,-0.000174999,0.080627,0.548695,0.003213,0.018295,0.65083
2,measurement,7,17,-0.00016999900000000002,0.080754,0.548356,0.003199,0.018322,0.6506309999999998
2,measurement,7,18,-0.000164999,0.072921,0.548603,0.003205,0.018195,0.6429239999999999
2,measurement,7,19,-0.000159999,0.072331,0.548922,0.003193,0.018161,0.642607
2,measurement,7,20,-0.000154999,0.07194,0.548547,0.0032,0.018183,0.6418699999999999
2,measurement,7,21,-0.00014999900000000003,0.061906,0.548968,0.003192,0.018126,0.632192
2,measurement,7,22,-0.000144999,0.061695,0.548704,0.003207,0.018197,0.6318029999999999
2,measurement,7,23,-0.000139999,0.053332,0.549011,0.003208,0.01815,0.6237010000000001
2,measurement,7,24,-0.000134999,0.053594,0.548465,0.003195,0.018187,0.6234409999999999
2,measurement,7,25,-0.000129999,0.045886,0.548962,0.0032,0.018313,0.6163609999999999
2,measurement,7,26,-0.00012499900000000001,0.04584,0.548043,0.003199,0.018226,0.6153079999999999
2,measurement,7,27,-0.00011999899999999999,0.045788,0.548956,0.003402,0.018405,0.6165510000000001
2,measurement,7,28,-0.000114999,0.039941,0.548011,0.003209,0.01829,0.6094510000000001
2,measurement,7,29,-0.00010999899999999999,0.039659,0.548414,0.003216,0.018159,0.609448
2,measurement,7,30,-0.000104999,0.032279,0.548576,0.003201,0.018288,0.6023439999999999
2,measurement,7,31,-9.999899999999999e-05,0.032451,0.548203,0.003212,0.018149,0.602015
2,measurement,7,32,-9.4999e-05,0.026456,0.548564,0.003205,0.018364,0.5965890000000001
2,measurement,7,33,-8.999899999999999e-05,0.026626,0.548225,0.003205,0.01819,0.596246
2,measurement,7,34,-8.499899999999998e-05,0.026419,0.548372,0.003198,0.018275,0.596264
2,measurement,7,35,-7.999899999999999e-05,0.021461,0.548523,0.003217,0.018407,0.5916079999999999
2,measurement,7,36,-7.499899999999998e-05,0.02139,0.548251,0.003194,0.01836,0.5911950000000001
2,measurement,7,37,-6.999899999999999e-05,0.016877,0.54862,0.003203,0.018282,0.586982
2,measurement,7,38,-6.499899999999998e-05,0.016874,0.548368,0.003217,0.018332,0.5867910000000001
2,measurement,7,39,-5.999899999999999e-05,0.016834,0.548409,0.003202,0.018175,0.5866200000000001
2,measurement,7,40,-5.499899999999998e-05,0.013028,0.548406,0.003204,0.018301,0.582939
2,measurement,7,41,-4.9998999999999993e-05,0.013316,0.547886,0.003206,0.018277,0.582685
2,measurement,7,42,-4.499899999999998e-05,0.009877,0.548574,0.003197,0.018274,0.579922
2,measurement,7,43,-3.9998999999999994e-05,0.011818,0.546064,0.003193,0.018267,0.579342
2,measurement,7,44,-3.499899999999998e-05,0.007428,0.548564,0.003204,0.018244,0.5774400000000001
2,measurement,7,45,-2.9999e-05,0.007424,0.54737,0.003197,0.018319,0.57631
2,measurement,7,46,-2.4998999999999985e-05,0.007407,0.548513,0.003197,0.018193,0.5773100000000001
2,measurement,7,47,-1.9999e-05,0.005613,0.547478,0.003203,0.0183,0.5745939999999999
2,measurement,7,48,-1.4998999999999985e-05,0.005649,0.548143,0.003198,0.018257,0.5752470000000001
2,measurement,7,49,-9.998999999999972e-06,0.005649,0.547246,0.003206,0.018213,0.5743140000000001
2,measurement,7,50,-4.998999999999959e-06,0.006597,0.547996,0.003193,0.01833,0.576116
2,measurement,7,51,1e-09,0.005637,0.547743,0.003195,0.018251,0.574826
2,measurement,7,52,5.0009999999999586e-06,0.005569,0.54719,0.003196,0.018177,0.574132
2,measurement,7,53,1.0000999999999973e-05,0.005607,0.548898,0.003206,0.018137,0.575848
2,measurement,7,54,1.5000999999999986e-05,0.005718,0.547178,0.003195,0.018163,0.574254
2,measurement,7,55,2.0000999999999997e-05,0.005593,0.548506,0.003206,0.018344,0.5756490000000001
2,measurement,7,56,2.5000999999999983e-05,0.007393,0.547269,0.003195,0.018212,0.5760689999999999
2,measurement,7,57,3.0000999999999996e-05,0.007386,0.548542,0.003197,0.018182,0.577307
2,measurement,7,58,3.5000999999999986e-05,0.007393,0.547817,0.003196,0.018122,0.5765279999999999
2,measurement,7,59,4.0001e-05,0.009923,0.548261,0.0032,0.018083,0.579467
2,measurement,7,60,4.5000999999999985e-05,0.009918,0.547623,0.0032,0.018229,0.57897
2,measurement,7,61,5.0001e-05,0.01319,0.548225,0.003203,0.018196,0.5828139999999999
2,measurement,7,62,5.5000999999999984e-05,0.013069,0.548069,0.00321,0.018175,0.5825230000000001
2,measurement,7,63,6.0001e-05,0.017099,0.548478,0.003197,0.018238,0.587012
2,measurement,7,64,6.500099999999998e-05,0.016956,0.548207,0.003199,0.018163,0.586525
2,measurement,7,65,7.0001e-05,0.016794,0.548324,0.003202,0.018313,0.5866330000000001
2,measurement,7,66,7.500099999999998e-05,0.021388,0.548177,0.003207,0.018292,0.5910639999999999
2,measurement,7,67,8.0001e-05,0.021491,0.548302,0.0032,0.018224,0.591217
2,measurement,7,68,8.500099999999998e-05,0.026328,0.548152,0.003198,0.018177,0.595855
2,measurement,7,69,9.0001e-05,0.026255,0.548434,0.003191,0.018117,0.5959970000000001
2,measurement,7,70,9.500100000000001e-05,0.026199,0.548139,0.003208,0.018239,0.595785
2,measurement,7,71,0.000100001,0.03218,0.548351,0.003206,0.018278,0.6020150000000001
2,measurement,7,72,0.000105001,0.032475,0.548172,0.003195,0.018273,0.602115
2,measurement,7,73,0.00011000099999999999,0.038704,0.54818,0.003202,0.018266,0.608352
2,measurement,7,74,0.000115001,0.0389,0.548343,0.00319,0.018093,0.6085260000000001
2,measurement,7,75,0.00012000099999999999,0.045872,0.548278,0.003211,0.018233,0.615594
2,measurement,7,76,0.000125001,0.045772,0.548798,0.003193,0.018153,0.615916
2,measurement,7,77,0.00013000099999999998,0.045892,0.548257,0.003198,0.018268,0.615615
2,measurement,7,78,0.000135001,0.053424,0.548285,0.003195,0.018212,0.623116
2,measurement,7,79,0.00014000099999999998,0.053698,0.548265,0.0032,0.018223,0.623386
2,measurement,7,80,0.000145001,0.061631,0.548497,0.003204,0.01829,0.631622
2,measurement,7,81,0.000150001,0.061864,0.548271,0.003192,0.018152,0.6314789999999999
2,measurement,7,82,0.000155001,0.071236,0.548666,0.003202,0.018216,0.64132
2,measurement,7,83,0.00016000099999999997,0.071114,0.549003,0.003203,0.018343,0.641663
2,measurement,7,84,0.000165001,0.071112,0.548185,0.0032,0.018191,0.6406879999999999
2,measurement,7,85,0.000170001,0.080227,0.549028,0.003208,0.018246,0.650709
2,measurement,7,86,0.000175001,0.080668,0.548808,0.003207,0.018336,0.6510189999999999
2,measurement,7,87,0.00018000099999999997,0.090993,0.549084,0.003202,0.018296,0.661575
2,measurement,7,88,0.00018500099999999999,0.090744,0.548939,0.003202,0.018227,0.661112
2,measurement,7,89,0.000190001,0.091101,0.549003,0.003214,0.018354,0.661672
2,measurement,7,90,0.00019500099999999999,0.102065,0.549008,0.003219,0.018306,0.672598
2,measurement,7,91,0.000200001,0.10227,0.549325,0.003208,0.018183,0.6729859999999999
2,measurement,7,92,0.00020500099999999998,0.113517,0.548881,0.003207,0.01834,0.6839449999999999
2,measurement,7,93,0.000210001,0.113762,0.549262,0.003213,0.018168,0.684405
2,measurement,7,94,0.00021500099999999998,0.126003,0.549232,0.003206,0.018158,0.6965990000000001
2,measurement,7,95,0.000220001,0.125693,0.549433,0.003207,0.018249,0.6965819999999998
2,measurement,7,96,0.00022500099999999998,0.125709,0.549181,0.003214,0.018275,0.6963790000000001
2,measurement,7,97,0.000230001,0.139292,0.549232,0.003208,0.018322,0.710054
2,measurement,7,98,0.00023500099999999998,0.138924,0.549002,0.003207,0.018245,0.709378
2,measurement,7,99,0.000240001,0.153502,0.5494,0.003211,0.018229,0.724342
2,measurement,7,100,0.000245001,0.152696,0.549002,0.003358,0.018487,0.7235429999999999
2,measurement,7,101,0.000250001,0.157075,0.549319,0.00321,0.018214,0.727818
2,measurement,8,1,-0.000249999,0.165722,0.549291,0.003215,0.01836,0.736588
2,measurement,8,2,-0.000244999,0.153528,0.549153,0.003218,0.018242,0.724141
2,measurement,8,3,-0.00023999900000000002,0.153309,0.549136,0.003212,0.01831,0.723967
2,measurement,8,4,-0.000234999,0.144413,0.54884,0.003213,0.018327,0.714793
2,measurement,8,5,-0.00022999900000000002,0.13906,0.549258,0.003209,0.018255,0.709782
2,measurement,8,6,-0.000224999,0.125768,0.549002,0.003213,0.018269,0.696252
2,measurement,8,7,-0.00021999900000000002,0.125878,0.549282,0.003218,0.018199,0.696577
2,measurement,8,8,-0.000214999,0.126013,0.549037,0.003217,0.018167,0.696434
2,measurement,8,9,-0.00020999900000000002,0.113415,0.549026,0.003211,0.018391,0.6840430000000001
2,measurement,8,10,-0.000204999,0.11404,0.549032,0.00322,0.018295,0.684587
2,measurement,8,11,-0.00019999900000000002,0.10193,0.549069,0.003213,0.018328,0.67254
2,measurement,8,12,-0.000194999,0.101981,0.548798,0.003214,0.018283,0.6722760000000001
2,measurement,8,13,-0.00018999900000000002,0.091204,0.549068,0.003211,0.018262,0.6617449999999999
2,measurement,8,14,-0.000184999,0.090687,0.548896,0.003199,0.01829,0.661072
2,measurement,8,15,-0.000179999,0.091108,0.548913,0.003204,0.018359,0.661584
2,measurement,8,16,-0.000174999,0.080633,0.548533,0.003214,0.018218,0.650598
2,measurement,8,17,-0.00016999900000000002,0.080709,0.548479,0.003218,0.01829,0.6506960000000002
2,measurement,8,18,-0.000164999,0.071011,0.548575,0.003198,0.018221,0.6410050000000002
2,measurement,8,19,-0.000159999,0.071187,0.54817,0.003207,0.018293,0.640857
2,measurement,8,20,-0.000154999,0.070889,0.547946,0.003206,0.018259,0.6403000000000001
2,measurement,8,21,-0.00014999900000000003,0.061874,0.548823,0.003221,0.018305,0.632223
2,measurement,8,22,-0.000144999,0.064741,0.547934,0.003205,0.01822,0.6341000000000001
2,measurement,8,23,-0.000139999,0.053409,0.548908,0.003195,0.018231,0.6237429999999999
2,measurement,8,24,-0.000134999,0.053253,0.54789,0.003195,0.018197,0.622535
2,measurement,8,25,-0.000129999,0.048788,0.548239,0.003196,0.018346,0.6185689999999999
2,measurement,8,26,-0.00012499900000000001,0.045736,0.548042,0.003196,0.018264,0.615238
2,measurement,8,27,-0.00011999899999999999,0.045929,0.54874,0.0032,0.018142,0.616011
2,measurement,8,28,-0.000114999,0.038555,0.54812,0.003197,0.018213,0.6080850000000001
2,measurement,8,29,-0.00010999899999999999,0.0387,0.548232,0.003201,0.018163,0.6082960000000001
2,measurement,8,30,-0.000104999,0.032308,0.548369,0.003198,0.018226,0.602101
2,measurement,8,31,-9.999899999999999e-05,0.032362,0.548306,0.003205,0.018318,0.6021909999999999
2,measurement,8,32,-9.4999e-05,0.026511,0.548016,0.003204,0.018304,0.5960349999999999
2,measurement,8,33,-8.999899999999999e-05,0.026407,0.548229,0.003201,0.018244,0.596081
2,measurement,8,34,-8.499899999999998e-05,0.026663,0.548093,0.003199,0.018216,0.596171
2,measurement,8,35,-7.999899999999999e-05,0.021341,0.548183,0.003197,0.018304,0.5910249999999999
2,measurement,8,36,-7.499899999999998e-05,0.021454,0.547311,0.003196,0.018122,0.5900829999999999
2,measurement,8,37,-6.999899999999999e-05,0.016756,0.548844,0.003207,0.018277,0.5870839999999999
2,measurement,8,38,-6.499899999999998e-05,0.016842,0.547282,0.003206,0.018118,0.5854480000000001
2,measurement,8,39,-5.999899999999999e-05,0.016788,0.548745,0.003212,0.018346,0.587091
2,measurement,8,40,-5.499899999999998e-05,0.013163,0.547349,0.003198,0.018235,0.581945
2,measurement,8,41,-4.9998999999999993e-05,0.013005,0.548716,0.003191,0.018233,0.583145
2,measurement,8,42,-4.499899999999998e-05,0.00999,0.547226,0.003205,0.018166,0.5785870000000001
2,measurement,8,43,-3.9998999999999994e-05,0.009993,0.548623,0.003199,0.018172,0.5799869999999999
2,measurement,8,44,-3.499899999999998e-05,0.007372,0.547251,0.003199,0.018213,0.5760350000000001
2,measurement,8,45,-2.9999e-05,0.007377,0.548589,0.00321,0.01825,0.577426
2,measurement,8,46,-2.4998999999999985e-05,0.007345,0.547359,0.003206,0.018294,0.5762040000000002
2,measurement,8,47,-1.9999e-05,0.005677,0.548677,0.003197,0.018246,0.575797
2,measurement,8,48,-1.4998999999999985e-05,0.005565,0.547156,0.003199,0.01824,0.57416
2,measurement,8,49,-9.998999999999972e-06,0.005607,0.54862,0.003203,0.01827,0.5757
2,measurement,8,50,-4.998999999999959e-06,0.005659,0.54721,0.003197,0.018242,0.5743079999999999
2,measurement,8,51,1e-09,0.005636,0.54858,0.003192,0.018287,0.575695
2,measurement,8,52,5.0009999999999586e-06,0.005576,0.547116,0.0032,0.018154,0.5740460000000001
2,measurement,8,53,1.0000999999999973e-05,0.00561,0.548704,0.003204,0.018225,0.575743
2,measurement,8,54,1.5000999999999986e-05,0.00563,0.547141,0.003204,0.01819,0.574165
2,measurement,8,55,2.0000999999999997e-05,0.005583,0.548836,0.003207,0.018281,0.575907
2,measurement,8,56,2.5000999999999983e-05,0.007413,0.547197,0.003199,0.018252,0.576061
2,measurement,8,57,3.0000999999999996e-05,0.007395,0.548792,0.003203,0.018101,0.577491
2,measurement,8,58,3.5000999999999986e-05,0.007385,0.547261,0.003213,0.018151,0.57601
2,measurement,8,59,4.0001e-05,0.010091,0.548483,0.003207,0.018136,0.579917
2,measurement,8,60,4.5000999999999985e-05,0.010092,0.547587,0.003212,0.018266,0.579157
2,measurement,8,61,5.0001e-05,0.013177,0.548192,0.0032,0.018248,0.582817
2,measurement,8,62,5.5000999999999984e-05,0.013005,0.547949,0.003204,0.018159,0.5823170000000001
2,measurement,8,63,6.0001e-05,0.016759,0.548065,0.003201,0.018322,0.586347
2,measurement,8,64,6.500099999999998e-05,0.017054,0.548249,0.003213,0.018194,0.5867100000000001
2,measurement,8,65,7.0001e-05,0.016679,0.548304,0.003205,0.018374,0.586562
2,measurement,8,66,7.500099999999998e-05,0.021384,0.548058,0.003232,0.018259,0.590933
2,measurement,8,67,8.0001e-05,0.021363,0.548384,0.003198,0.018163,0.5911080000000001
2,measurement,8,68,8.500099999999998e-05,0.026581,0.548133,0.003195,0.018121,0.59603
2,measurement,8,69,9.0001e-05,0.026416,0.548495,0.0032,0.018209,0.59632
2,measurement,8,70,9.500100000000001e-05,0.026509,0.548166,0.003198,0.018144,0.5960170000000001
2,measurement,8,71,0.000100001,0.032356,0.548339,0.003204,0.018291,0.60219
2,measurement,8,72,0.000105001,0.032368,0.548066,0.003201,0.018209,0.601844
2,measurement,8,73,0.00011000099999999999,0.039803,0.548309,0.003198,0.018209,0.6095190000000001
2,measurement,8,74,0.000115001,0.039398,0.548274,0.003193,0.018076,0.6089410000000001
2,measurement,8,75,0.00012000099999999999,0.045891,0.548892,0.003203,0.018194,0.6161800000000001
2,measurement,8,76,0.000125001,0.045579,0.548146,0.003204,0.018191,0.61512
2,measurement,8,77,0.00013000099999999998,0.045834,0.548386,0.003197,0.018167,0.6155840000000001
2,measurement,8,78,0.000135001,0.053223,0.5486,0.003204,0.018196,0.623223
2,measurement,8,79,0.00014000099999999998,0.053385,0.548165,0.003197,0.018236,0.6229830000000001
2,measurement,8,80,0.000145001,0.061604,0.548532,0.003208,0.018329,0.631673
2,measurement,8,81,0.000150001,0.061883,0.548743,0.003192,0.018357,0.6321749999999999
2,measurement,8,82,0.000155001,0.072514,0.547987,0.003206,0.018327,0.642034
2,measurement,8,83,0.00016000099999999997,0.072127,0.549056,0.003204,0.018264,0.642651
2,measurement,8,84,0.000165001,0.071966,0.548693,0.003212,0.018331,0.6422019999999999
2,measurement,8,85,0.000170001,0.080722,0.548967,0.003204,0.018283,0.651176
2,measurement,8,86,0.000175001,0.080719,0.548985,0.003221,0.01833,0.6512549999999999
2,measurement,8,87,0.00018000099999999997,0.090795,0.549152,0.003208,0.018301,0.6614559999999999
2,measurement,8,88,0.00018500099999999999,0.090997,0.548837,0.003197,0.018323,0.661354
2,measurement,8,89,0.000190001,0.090993,0.549094,0.003202,0.018265,0.661554
2,measurement,8,90,0.00019500099999999999,0.10195,0.548849,0.003212,0.018316,0.672327
2,measurement,8,91,0.000200001,0.102139,0.548992,0.003212,0.018315,0.672658
2,measurement,8,92,0.00020500099999999998,0.113811,0.548959,0.003203,0.018197,0.68417
2,measurement,8,93,0.000210001,0.113649,0.548923,0.003202,0.018378,0.6841520000000001
2,measurement,8,94,0.00021500099999999998,0.126082,0.548899,0.003203,0.018315,0.696499
2,measurement,8,95,0.000220001,0.126121,0.549075,0.003239,0.018449,0.6968840000000001
2,measurement,8,96,0.00022500099999999998,0.129555,0.548874,0.003214,0.018339,0.699982
2,measurement,8,97,0.000230001,0.13972,0.549128,0.003212,0.018304,0.7103639999999999
2,measurement,8,98,0.00023500099999999998,0.139099,0.549205,0.003219,0.018283,0.709806
2,measurement,8,99,0.000240001,0.15301,0.548942,0.003217,0.018303,0.723472
2,measurement,8,100,0.000245001,0.153003,0.549175,0.00321,0.018294,0.723682
2,measurement,8,101,0.000250001,0.152875,0.549127,0.003215,0.018328,0.723545
2,measurement,9,1,-0.000249999,0.165216,0.549212,0.003233,0.018348,0.7360090000000001
2,measurement,9,2,-0.000244999,0.154003,0.548849,0.003227,0.018329,0.724408
2,measurement,9,3,-0.00023999900000000002,0.153416,0.549097,0.00321,0.018238,0.723961
2,measurement,9,4,-0.000234999,0.144032,0.548975,0.003236,0.018312,0.7145549999999999
2,measurement,9,5,-0.00022999900000000002,0.138906,0.549027,0.003221,0.018335,0.709489
2,measurement,9,6,-0.000224999,0.125954,0.548849,0.003208,0.018312,0.696323
2,measurement,9,7,-0.00021999900000000002,0.126041,0.548903,0.003207,0.018336,0.696487
2,measurement,9,8,-0.000214999,0.12606,0.548853,0.003212,0.018339,0.6964640000000001
2,measurement,9,9,-0.00020999900000000002,0.113866,0.549161,0.003214,0.018316,0.6845570000000001
2,measurement,9,10,-0.000204999,0.11391,0.548788,0.003204,0.018284,0.684186
2,measurement,9,11,-0.00019999900000000002,0.102157,0.548932,0.00322,0.018377,0.672686
2,measurement,9,12,-0.000194999,0.10218,0.548771,0.00323,0.018244,0.672425
2,measurement,9,13,-0.00018999900000000002,0.091081,0.548895,0.003215,0.018443,0.6616339999999999
2,measurement,9,14,-0.000184999,0.090831,0.548836,0.003206,0.018275,0.6611480000000001
2,measurement,9,15,-0.000179999,0.090966,0.549036,0.003227,0.018209,0.661438
2,measurement,9,16,-0.000174999,0.080782,0.548917,0.003204,0.018291,0.651194
2,measurement,9,17,-0.00016999900000000002,0.080375,0.548824,0.0032,0.018307,0.6507059999999999
2,measurement,9,18,-0.000164999,0.073673,0.548833,0.003198,0.018209,0.6439130000000001
2,measurement,9,19,-0.000159999,0.071987,0.548878,0.003209,0.018405,0.642479
2,measurement,9,20,-0.000154999,0.072528,0.54861,0.003204,0.018182,0.6425240000000001
2,measurement,9,21,-0.00014999900000000003,0.061596,0.549413,0.003217,0.018274,0.6325000000000001
2,measurement,9,22,-0.000144999,0.061761,0.548621,0.003211,0.01825,0.6318429999999999
2,measurement,9,23,-0.000139999,0.053691,0.549139,0.003199,0.018396,0.624425
2,measurement,9,24,-0.000134999,0.053333,0.548807,0.003203,0.018175,0.623518
2,measurement,9,25,-0.000129999,0.04569,0.549086,0.003214,0.018173,0.616163
2,measurement,9,26,-0.00012499900000000001,0.045915,0.548862,0.003203,0.01825,0.6162299999999999
2,measurement,9,27,-0.00011999899999999999,0.045907,0.548866,0.003213,0.018168,0.616154
2,measurement,9,28,-0.000114999,0.039714,0.548843,0.003207,0.018196,0.60996
2,measurement,9,29,-0.00010999899999999999,0.039233,0.548982,0.003204,0.018413,0.6098319999999999
2,measurement,9,30,-0.000104999,0.032323,0.548954,0.003201,0.018257,0.602735
2,measurement,9,31,-9.999899999999999e-05,0.032255,0.548718,0.003214,0.018405,0.6025920000000001
2,measurement,9,32,-9.4999e-05,0.026601,0.548495,0.0032,0.018312,0.5966079999999999
2,measurement,9,33,-8.999899999999999e-05,0.026607,0.548856,0.003202,0.018356,0.5970210000000001
2,measurement,9,34,-8.499899999999998e-05,0.026571,0.548511,0.003209,0.018275,0.596566
2,measurement,9,35,-7.999899999999999e-05,0.021287,0.549018,0.003194,0.018197,0.5916960000000001
2,measurement,9,36,-7.499899999999998e-05,0.021332,0.54851,0.0032,0.018259,0.5913010000000001
2,measurement,9,37,-6.999899999999999e-05,0.016748,0.54913,0.003205,0.018239,0.587322
2,measurement,9,38,-6.499899999999998e-05,0.01683,0.548413,0.003209,0.018179,0.5866310000000001
2,measurement,9,39,-5.999899999999999e-05,0.016808,0.549162,0.00321,0.018349,0.5875290000000001
2,measurement,9,40,-5.499899999999998e-05,0.013064,0.548378,0.003214,0.018173,0.582829
2,measurement,9,41,-4.9998999999999993e-05,0.013127,0.548651,0.003197,0.018278,0.583253
2,measurement,9,42,-4.499899999999998e-05,0.009879,0.548651,0.003203,0.01817,0.579903
2,measurement,9,43,-3.9998999999999994e-05,0.009735,0.54688,0.003196,0.018204,0.5780150000000001
2,measurement,9,44,-3.499899999999998e-05,0.007404,0.550156,0.003198,0.018241,0.5789989999999999
2,measurement,9,45,-2.9999e-05,0.007337,0.547301,0.003194,0.018213,0.5760450000000001
2,measurement,9,46,-2.4998999999999985e-05,0.007341,0.549581,0.003195,0.018279,0.578396
2,measurement,9,47,-1.9999e-05,0.005582,0.547682,0.003206,0.018227,0.574697
2,measurement,9,48,-1.4998999999999985e-05,0.005593,0.548379,0.003197,0.018192,0.5753609999999999
2,measurement,9,49,-9.998999999999972e-06,0.005597,0.547809,0.00342,0.018287,0.575113
2,measurement,9,50,-4.998999999999959e-06,0.005561,0.548377,0.003205,0.018178,0.5753210000000001
2,measurement,9,51,1e-09,0.005591,0.547702,0.003201,0.018288,0.574782
2,measurement,9,52,5.0009999999999586e-06,0.005581,0.547195,0.003209,0.018102,0.5740869999999999
2,measurement,9,53,1.0000999999999973e-05,0.005626,0.548928,0.003203,0.018112,0.575869
2,measurement,9,54,1.5000999999999986e-05,0.005719,0.547865,0.003203,0.018162,0.574949
2,measurement,9,55,2.0000999999999997e-05,0.005613,0.548722,0.003187,0.018141,0.575663
2,measurement,9,56,2.5000999999999983e-05,0.007403,0.54768,0.003203,0.018187,0.5764729999999999
2,measurement,9,57,3.0000999999999996e-05,0.007437,0.549103,0.0032,0.018113,0.5778530000000001
2,measurement,9,58,3.5000999999999986e-05,0.007433,0.547856,0.003211,0.018103,0.576603
2,measurement,9,59,4.0001e-05,0.009975,0.548815,0.003201,0.018335,0.580326
2,measurement,9,60,4.5000999999999985e-05,0.010004,0.548269,0.003201,0.018293,0.579767
2,measurement,9,61,5.0001e-05,0.013078,0.548537,0.003203,0.018322,0.58314
2,measurement,9,62,5.5000999999999984e-05,0.013071,0.548507,0.003213,0.01821,0.5830009999999999
2,measurement,9,63,6.0001e-05,0.016827,0.548282,0.003205,0.018358,0.5866720000000001
2,measurement,9,64,6.500099999999998e-05,0.016856,0.548376,0.003201,0.018271,0.586704
2,measurement,9,65,7.0001e-05,0.016825,0.548483,0.00321,0.018282,0.5868000000000001
2,measurement,9,66,7.500099999999998e-05,0.021662,0.548571,0.003204,0.018411,0.5918479999999999
2,measurement,9,67,8.0001e-05,0.021405,0.548515,0.003211,0.018318,0.5914489999999999
2,measurement,9,68,8.500099999999998e-05,0.026454,0.548495,0.003205,0.018295,0.5964489999999999
2,measurement,9,69,9.0001e-05,0.026353,0.548638,0.003205,0.018381,0.5965769999999999
2,measurement,9,70,9.500100000000001e-05,0.026364,0.548451,0.0032,0.018331,0.596346
2,measurement,9,71,0.000100001,0.032474,0.548528,0.003195,0.018402,0.602599
2,measurement,9,72,0.000105001,0.032413,0.548992,0.003206,0.018174,0.6027850000000001
2,measurement,9,73,0.00011000099999999999,0.038626,0.548599,0.003206,0.018328,0.608759
2,measurement,9,74,0.000115001,0.038475,0.548908,0.003195,0.018312,0.6088899999999999
2,measurement,9,75,0.00012000099999999999,0.045849,0.548895,0.003202,0.01827,0.6162160000000001
2,measurement,9,76,0.000125001,0.045864,0.548818,0.003455,0.01829,0.6164270000000001
2,measurement,9,77,0.00013000099999999998,0.04583,0.5489,0.0032,0.018154,0.6160840000000001
2,measurement,9,78,0.000135001,0.053426,0.548798,0.003219,0.018255,0.623698
2,measurement,9,79,0.00014000099999999998,0.0533,0.548951,0.003208,0.018347,0.623806
2,measurement,9,80,0.000145001,0.06194,0.548305,0.003208,0.018323,0.631776
2,measurement,9,81,0.000150001,0.061536,0.549354,0.003203,0.018118,0.632211
2,measurement,9,82,0.000155001,0.071103,0.548947,0.003204,0.018196,0.64145
2,measurement,9,83,0.00016000099999999997,0.071125,0.548746,0.003208,0.018164,0.6412429999999999
2,measurement,9,84,0.000165001,0.071127,0.549052,0.003215,0.018362,0.641756
2,measurement,9,85,0.000170001,0.080498,0.549005,0.00321,0.018345,0.6510579999999999
2,measurement,9,86,0.000175001,0.080816,0.548883,0.003201,0.018357,0.651257
2,measurement,9,87,0.00018000099999999997,0.090987,0.549034,0.003203,0.018312,0.661536
2,measurement,9,88,0.00018500099999999999,0.091226,0.549111,0.003202,0.018292,0.6618310000000001
2,measurement,9,89,0.000190001,0.090833,0.549318,0.003198,0.018992,0.662341
2,measurement,9,90,0.00019500099999999999,0.104755,0.549133,0.003223,0.018308,0.675419
2,measurement,9,91,0.000200001,0.101941,0.549225,0.003204,0.018261,0.6726309999999999
2,measurement,9,92,0.00020500099999999998,0.114628,0.549046,0.003212,0.018381,0.685267
2,measurement,9,93,0.000210001,0.113781,0.549258,0.003216,0.018278,0.6845330000000001
2,measurement,9,94,0.00021500099999999998,0.126262,0.549268,0.003211,0.018227,0.6969679999999999
2,measurement,9,95,0.000220001,0.125754,0.549428,0.003207,0.018181,0.69657
2,measurement,9,96,0.00022500099999999998,0.125629,0.549269,0.003218,0.018237,0.696353
2,measurement,9,97,0.000230001,0.13954,0.549352,0.003215,0.018287,0.710394
2,measurement,9,98,0.00023500099999999998,0.13909,0.549869,0.003242,0.018362,0.7105630000000001
2,measurement,9,99,0.000240001,0.153293,0.549362,0.003221,0.01826,0.7241360000000001
2,measurement,9,100,0.000245001,0.152846,0.549934,0.003221,0.018291,0.7242920000000002
2,measurement,9,101,0.000250001,0.153103,0.550328,0.003216,0.018296,0.724943
2,measurement,10,1,-0.000249999,0.164244,0.549053,0.003234,0.018324,0.734855
2,measurement,10,2,-0.000244999,0.153679,0.549056,0.003232,0.018392,0.724359
2,measurement,10,3,-0.00023999900000000002,0.153516,0.549286,0.003215,0.018251,0.724268
2,measurement,10,4,-0.000234999,0.144398,0.549072,0.003218,0.018374,0.7150620000000001
2,measurement,10,5,-0.00022999900000000002,0.138921,0.549258,0.003213,0.01832,0.709712
2,measurement,10,6,-0.000224999,0.125912,0.549044,0.003204,0.018325,0.696485
2,measurement,10,7,-0.00021999900000000002,0.125888,0.549132,0.003212,0.018369,0.6966009999999999
2,measurement,10,8,-0.000214999,0.125958,0.549041,0.003211,0.01827,0.69648
2,measurement,10,9,-0.00020999900000000002,0.113435,0.549149,0.003202,0.018284,0.68407
2,measurement,10,10,-0.000204999,0.114817,0.549045,0.003256,0.018312,0.68543
2,measurement,10,11,-0.00019999900000000002,0.102086,0.549145,0.003209,0.018367,0.672807
2,measurement,10,12,-0.000194999,0.102175,0.548928,0.003213,0.018273,0.672589
2,measurement,10,13,-0.00018999900000000002,0.091081,0.549135,0.00321,0.018273,0.661699
2,measurement,10,14,-0.000184999,0.091097,0.549133,0.003203,0.018192,0.6616249999999999
2,measurement,10,15,-0.000179999,0.090832,0.548999,0.003222,0.018304,0.661357
2,measurement,10,16,-0.000174999,0.080773,0.548621,0.003209,0.018183,0.650786
2,measurement,10,17,-0.00016999900000000002,0.08022,0.549027,0.003206,0.018313,0.6507660000000001
2,measurement,10,18,-0.000164999,0.070935,0.548423,0.003207,0.01837,0.6409349999999999
2,measurement,10,19,-0.000159999,0.071213,0.548904,0.003209,0.018185,0.6415109999999999
2,measurement,10,20,-0.000154999,0.073852,0.54851,0.003231,0.018188,0.643781
2,measurement,10,21,-0.00014999900000000003,0.061945,0.549322,0.003231,0.018285,0.632783
2,measurement,10,22,-0.000144999,0.061954,0.548584,0.003213,0.018272,0.6320229999999999
2,measurement,10,23,-0.000139999,0.053651,0.548946,0.003198,0.018179,0.623974
2,measurement,10,24,-0.000134999,0.05333,0.548727,0.003208,0.01825,0.6235149999999999
2,measurement,10,25,-0.000129999,0.045874,0.548831,0.003199,0.018188,0.6160919999999999
2,measurement,10,26,-0.00012499900000000001,0.045907,0.548742,0.003191,0.018173,0.616013
2,measurement,10,27,-0.00011999899999999999,0.045927,0.548809,0.003202,0.01835,0.6162880000000001
2,measurement,10,28,-0.000114999,0.038777,0.548306,0.003205,0.018219,0.6085069999999999
2,measurement,10,29,-0.00010999899999999999,0.038509,0.549086,0.003207,0.018255,0.609057
2,measurement,10,30,-0.000104999,0.032282,0.549055,0.003206,0.018137,0.60268
2,measurement,10,31,-9.999899999999999e-05,0.032226,0.548322,0.003209,0.018303,0.6020599999999999
2,measurement,10,32,-9.4999e-05,0.026418,0.548535,0.003201,0.018294,0.5964480000000001
2,measurement,10,33,-8.999899999999999e-05,0.026419,0.548426,0.003211,0.018364,0.59642
2,measurement,10,34,-8.499899999999998e-05,0.026451,0.548408,0.003202,0.018257,0.596318
2,measurement,10,35,-7.999899999999999e-05,0.021345,0.548545,0.003203,0.018157,0.5912499999999998
2,measurement,10,36,-7.499899999999998e-05,0.021352,0.548551,0.003202,0.018206,0.5913110000000001
2,measurement,10,37,-6.999899999999999e-05,0.016761,0.548754,0.003201,0.018376,0.587092
2,measurement,10,38,-6.499899999999998e-05,0.016872,0.548321,0.003211,0.018257,0.5866609999999999
2,measurement,10,39,-5.999899999999999e-05,0.016793,0.548742,0.003211,0.018314,0.5870599999999999
2,measurement,10,40,-5.499899999999998e-05,0.013027,0.547749,0.003192,0.018116,0.582084
2,measurement,10,41,-4.9998999999999993e-05,0.013054,0.549036,0.003204,0.018292,0.5835859999999999
2,measurement,10,42,-4.499899999999998e-05,0.009931,0.548189,0.003194,0.018267,0.5795810000000001
2,measurement,10,43,-3.9998999999999994e-05,0.009897,0.548543,0.003209,0.018398,0.5800470000000001
2,measurement,10,44,-3.499899999999998e-05,0.007361,0.5483,0.003193,0.018265,0.5771189999999999
2,measurement,10,45,-2.9999e-05,0.007349,0.548376,0.003192,0.018204,0.577121
2,measurement,10,46,-2.4998999999999985e-05,0.007357,0.548442,0.003208,0.018167,0.577174
2,measurement,10,47,-1.9999e-05,0.005609,0.548146,0.003199,0.018259,0.575213
2,measurement,10,48,-1.4998999999999985e-05,0.005587,0.548352,0.0032,0.018229,0.575368
2,measurement,10,49,-9.998999999999972e-06,0.005581,0.548416,0.003192,0.018197,0.575386
2,measurement,10,50,-4.998999999999959e-06,0.00558,0.548031,0.003202,0.018148,0.5749610000000002
2,measurement,10,51,1e-09,0.00557,0.548559,0.003194,0.018197,0.57552
2,measurement,10,52,5.0009999999999586e-06,0.005553,0.546907,0.003195,0.018248,0.573903
2,measurement,10,53,1.0000999999999973e-05,0.005628,0.549428,0.003205,0.018361,0.576622
2,measurement,10,54,1.5000999999999986e-05,0.005687,0.547397,0.003199,0.018229,0.574512
2,measurement,10,55,2.0000999999999997e-05,0.00566,0.549541,0.003199,0.018204,0.5766039999999999
2,measurement,10,56,2.5000999999999983e-05,0.007425,0.547373,0.003205,0.018225,0.5762280000000001
2,measurement,10,57,3.0000999999999996e-05,0.007405,0.549236,0.003201,0.01825,0.5780919999999999
2,measurement,10,58,3.5000999999999986e-05,0.007399,0.548107,0.003201,0.018396,0.577103
2,measurement,10,59,4.0001e-05,0.01,0.548826,0.003222,0.018276,0.580324
2,measurement,10,60,4.5000999999999985e-05,0.010391,0.548254,0.003203,0.018259,0.580107
2,measurement,10,61,5.0001e-05,0.01315,0.548805,0.003196,0.018199,0.5833499999999999
2,measurement,10,62,5.5000999999999984e-05,0.013041,0.548366,0.003202,0.018272,0.582881
2,measurement,10,63,6.0001e-05,0.016769,0.548742,0.003201,0.018302,0.587014
2,measurement,10,64,6.500099999999998e-05,0.016744,0.548762,0.003212,0.018397,0.5871149999999999
2,measurement,10,65,7.0001e-05,0.016897,0.548563,0.003206,0.018182,0.5868480000000001
2,measurement,10,66,7.500099999999998e-05,0.021333,0.548761,0.003201,0.018177,0.5914720000000001
2,measurement,10,67,8.0001e-05,0.02123,0.548886,0.003199,0.018299,0.5916139999999999
2,measurement,10,68,8.500099999999998e-05,0.026346,0.548855,0.003196,0.018281,0.5966779999999999
2,measurement,10,69,9.0001e-05,0.026308,0.54892,0.003194,0.018297,0.596719
2,measurement,10,70,9.500100000000001e-05,0.026259,0.548757,0.003197,0.018123,0.5963360000000001
2,measurement,10,71,0.000100001,0.032381,0.548757,0.003206,0.01817,0.6025140000000001
2,measurement,10,72,0.000105001,0.032439,0.549144,0.003214,0.018372,0.6031690000000001
2,measurement,10,73,0.00011000099999999999,0.039481,0.548538,0.003206,0.01833,0.609555
2,measurement,10,74,0.000115001,0.039409,0.549305,0.003208,0.018151,0.6100730000000001
2,measurement,10,75,0.00012000099999999999,0.045913,0.549017,0.003206,0.018237,0.616373
2,measurement,10,76,0.000125001,0.045903,0.54899,0.003204,0.018169,0.616266
2,measurement,10,77,0.00013000099999999998,0.045683,0.549235,0.0032,0.018254,0.616372
2,measurement,10,78,0.000135001,0.053551,0.548907,0.003211,0.018334,0.624003
2,measurement,10,79,0.00014000099999999998,0.053447,0.549045,0.003194,0.01821,0.623896
2,measurement,10,80,0.000145001,0.061554,0.549034,0.003201,0.018317,0.6321060000000001
2,measurement,10,81,0.000150001,0.061804,0.549028,0.003194,0.018369,0.6323949999999999
2,measurement,10,82,0.000155001,0.072419,0.548912,0.003215,0.018284,0.6428299999999999
2,measurement,10,83,0.00016000099999999997,0.071865,0.549057,0.003204,0.018248,0.642374
2,measurement,10,84,0.000165001,0.072998,0.548817,0.003226,0.018305,0.643346
2,measurement,10,85,0.000170001,0.082736,0.549009,0.003203,0.018343,0.653291
2,measurement,10,86,0.000175001,0.080685,0.549072,0.003207,0.018223,0.651187
2,measurement,10,87,0.00018000099999999997,0.091665,0.549,0.003209,0.018371,0.6622450000000001
2,measurement,10,88,0.00018500099999999999,0.090864,0.548919,0.003207,0.01838,0.6613699999999999
2,measurement,10,89,0.000190001,0.090801,0.549259,0.0032,0.018198,0.6614580000000001
2,measurement,10,90,0.00019500099999999999,0.102076,0.549079,0.003208,0.01825,0.6726129999999999
2,measurement,10,91,0.000200001,0.101644,0.549039,0.003213,0.018343,0.672239
2,measurement,10,92,0.00020500099999999998,0.114403,0.549008,0.003215,0.018256,0.6848820000000001
2,measurement,10,93,0.000210001,0.11397,0.549085,0.003207,0.018235,0.684497
2,measurement,10,94,0.00021500099999999998,0.126646,0.54898,0.003215,0.018377,0.697218
2,measurement,10,95,0.000220001,0.126038,0.550058,0.00322,0.018259,0.6975750000000001
2,measurement,10,96,0.00022500099999999998,0.125842,0.549121,0.003213,0.018311,0.696487
2,measurement,10,97,0.000230001,0.139535,0.5501,0.003209,0.01827,0.711114
2,measurement,10,98,0.00023500099999999998,0.139042,0.548964,0.003214,0.018305,0.7095250000000001
2,measurement,10,99,0.000240001,0.15332,0.549155,0.003206,0.018309,0.72399
2,measurement,10,100,0.000245001,0.153055,0.549192,0.003214,0.018193,0.7236540000000001
2,measurement,10,101,0.000250001,0.152425,0.54915,0.003206,0.018369,0.7231500000000001
