status,method,parameter,iteration,phase,phase_iteration,included_in_summary,initialization_s,generation_s,total_s,initialization_cuda_ms,generation_cuda_batch_sum_ms,init_peak_allocated_bytes,init_peak_reserved_bytes,init_resident_bytes,generation_peak_allocated_bytes,generation_peak_reserved_bytes,generated_view_depth_pairs,batch_count,validation_last_batch,gpu_before,gpu_after,single_view_divisor,single_view_derived_s,display_name,precomputed_view_count,precomputed_kernel_bytes,angle_batch_cache_hits,angle_subset_cache_hits,full_depth_spectrum_reuses,precompute_view_batch_size
ok,traditional,1,0,warmup,1,False,0.1631203629076481,8.674145272001624,8.837265634909272,163.08633422851562,8674.01528930664,2113036288,2132803584,1063571968,1660955136,2132803584,22725,34,"{'shape': [225, 2, 375, 375], 'dtype': 'torch.float32', 'all_finite': True, 'min': 0.0, 'max': 0.0018643521470949054, 'last_psf_sum': 0.07405511289834976}","{""name"":""NVIDIA GeForce RTX 3090"",""driver_version"":""580.119.02"",""pstate"":""P2"",""temperature.gpu"":32,""power.draw"":57.63,""clocks.current.sm"":1695,""clocks.current.memory"":9501,""memory.used"":364,""utilization.gpu"":0}","{""name"":""NVIDIA GeForce RTX 3090"",""driver_version"":""580.119.02"",""pstate"":""P2"",""temperature.gpu"":50,""power.draw"":340.36,""clocks.current.sm"":1965,""clocks.current.memory"":9501,""memory.used"":2378,""utilization.gpu"":51}",1,8.674145272001624,Traditional,,,,,,
ok,traditional,1,1,warmup,2,False,0.00926421582698822,8.593032335862517,8.602296551689506,9.246208190917969,8592.900100708008,2113036288,2132803584,1063571968,1660955136,2132803584,22725,34,"{'shape': [225, 2, 375, 375], 'dtype': 'torch.float32', 'all_finite': True, 'min': 0.0, 'max': 0.0018643521470949054, 'last_psf_sum': 0.07405511289834976}","{""name"":""NVIDIA GeForce RTX 3090"",""driver_version"":""580.119.02"",""pstate"":""P2"",""temperature.gpu"":50,""power.draw"":340.36,""clocks.current.sm"":1965,""clocks.current.memory"":9501,""memory.used"":364,""utilization.gpu"":51}","{""name"":""NVIDIA GeForce RTX 3090"",""driver_version"":""580.119.02"",""pstate"":""P2"",""temperature.gpu"":54,""power.draw"":348.83,""clocks.current.sm"":1905,""clocks.current.memory"":9501,""memory.used"":2378,""utilization.gpu"":100}",1,8.593032335862517,Traditional,,,,,,
ok,traditional,1,2,warmup,3,False,0.010128676891326904,8.592246420681477,8.602375097572803,10.097663879394531,8592.083969116211,2113036288,2132803584,1063571968,1660955136,2132803584,22725,34,"{'shape': [225, 2, 375, 375], 'dtype': 'torch.float32', 'all_finite': True, 'min': 0.0, 'max': 0.0018643521470949054, 'last_psf_sum': 0.07405511289834976}","{""name"":""NVIDIA GeForce RTX 3090"",""driver_version"":""580.119.02"",""pstate"":""P2"",""temperature.gpu"":55,""power.draw"":338.63,""clocks.current.sm"":1980,""clocks.current.memory"":9501,""memory.used"":364,""utilization.gpu"":41}","{""name"":""NVIDIA GeForce RTX 3090"",""driver_version"":""580.119.02"",""pstate"":""P2"",""temperature.gpu"":58,""power.draw"":349.14,""clocks.current.sm"":1905,""clocks.current.memory"":9501,""memory.used"":2378,""utilization.gpu"":99}",1,8.592246420681477,Traditional,,,,,,
ok,traditional,1,3,warmup,4,False,0.009863484650850296,8.603528656065464,8.613392140716314,9.834879875183105,8603.375564575195,2113036288,2132803584,1063571968,1660955136,2132803584,22725,34,"{'shape': [225, 2, 375, 375], 'dtype': 'torch.float32', 'all_finite': True, 'min': 0.0, 'max': 0.0018643521470949054, 'last_psf_sum': 0.07405511289834976}","{""name"":""NVIDIA GeForce RTX 3090"",""driver_version"":""580.119.02"",""pstate"":""P2"",""temperature.gpu"":56,""power.draw"":325.39,""clocks.current.sm"":1980,""clocks.current.memory"":9501,""memory.used"":364,""utilization.gpu"":0}","{""name"":""NVIDIA GeForce RTX 3090"",""driver_version"":""580.119.02"",""pstate"":""P2"",""temperature.gpu"":61,""power.draw"":349.08,""clocks.current.sm"":1875,""clocks.current.memory"":9501,""memory.used"":2378,""utilization.gpu"":100}",1,8.603528656065464,Traditional,,,,,,
ok,traditional,1,4,warmup,5,False,0.009502721950411797,8.61158431507647,8.621087037026882,9.479776382446289,8611.44270324707,2113036288,2132803584,1063571968,1660955136,2132803584,22725,34,"{'shape': [225, 2, 375, 375], 'dtype': 'torch.float32', 'all_finite': True, 'min': 0.0, 'max': 0.0018643521470949054, 'last_psf_sum': 0.07405511289834976}","{""name"":""NVIDIA GeForce RTX 3090"",""driver_version"":""580.119.02"",""pstate"":""P2"",""temperature.gpu"":58,""power.draw"":318.53,""clocks.current.sm"":1965,""clocks.current.memory"":9501,""memory.used"":364,""utilization.gpu"":0}","{""name"":""NVIDIA GeForce RTX 3090"",""driver_version"":""580.119.02"",""pstate"":""P2"",""temperature.gpu"":64,""power.draw"":349.45,""clocks.current.sm"":1875,""clocks.current.memory"":9501,""memory.used"":2378,""utilization.gpu"":100}",1,8.61158431507647,Traditional,,,,,,
ok,traditional,1,5,warmup,6,False,0.009676022455096245,8.617326475679874,8.62700249813497,9.65385627746582,8617.182235717773,2113036288,2132803584,1063571968,1660955136,2132803584,22725,34,"{'shape': [225, 2, 375, 375], 'dtype': 'torch.float32', 'all_finite': True, 'min': 0.0, 'max': 0.0018643521470949054, 'last_psf_sum': 0.07405511289834976}","{""name"":""NVIDIA GeForce RTX 3090"",""driver_version"":""580.119.02"",""pstate"":""P2"",""temperature.gpu"":64,""power.draw"":349.45,""clocks.current.sm"":1875,""clocks.current.memory"":9501,""memory.used"":364,""utilization.gpu"":100}","{""name"":""NVIDIA GeForce RTX 3090"",""driver_version"":""580.119.02"",""pstate"":""P2"",""temperature.gpu"":65,""power.draw"":349.16,""clocks.current.sm"":1875,""clocks.current.memory"":9501,""memory.used"":2378,""utilization.gpu"":100}",1,8.617326475679874,Traditional,,,,,,
ok,traditional,1,6,warmup,7,False,0.009610915556550026,8.6221145670861,8.63172548264265,9.586848258972168,8621.966262817383,2113036288,2132803584,1063571968,1660955136,2132803584,22725,34,"{'shape': [225, 2, 375, 375], 'dtype': 'torch.float32', 'all_finite': True, 'min': 0.0, 'max': 0.0018643521470949054, 'last_psf_sum': 0.07405511289834976}","{""name"":""NVIDIA GeForce RTX 3090"",""driver_version"":""580.119.02"",""pstate"":""P2"",""temperature.gpu"":65,""power.draw"":349.16,""clocks.current.sm"":1875,""clocks.current.memory"":9501,""memory.used"":364,""utilization.gpu"":100}","{""name"":""NVIDIA GeForce RTX 3090"",""driver_version"":""580.119.02"",""pstate"":""P2"",""temperature.gpu"":67,""power.draw"":348.89,""clocks.current.sm"":1860,""clocks.current.memory"":9501,""memory.used"":2378,""utilization.gpu"":100}",1,8.6221145670861,Traditional,,,,,,
ok,traditional,1,7,warmup,8,False,0.009635599330067635,8.625913193449378,8.635548792779446,9.612064361572266,8625.772552490234,2113036288,2132803584,1063571968,1660955136,2132803584,22725,34,"{'shape': [225, 2, 375, 375], 'dtype': 'torch.float32', 'all_finite': True, 'min': 0.0, 'max': 0.0018643521470949054, 'last_psf_sum': 0.07405511289834976}","{""name"":""NVIDIA GeForce RTX 3090"",""driver_version"":""580.119.02"",""pstate"":""P2"",""temperature.gpu"":67,""power.draw"":348.89,""clocks.current.sm"":1860,""clocks.current.memory"":9501,""memory.used"":364,""utilization.gpu"":100}","{""name"":""NVIDIA GeForce RTX 3090"",""driver_version"":""580.119.02"",""pstate"":""P2"",""temperature.gpu"":67,""power.draw"":349.02,""clocks.current.sm"":1860,""clocks.current.memory"":9501,""memory.used"":2378,""utilization.gpu"":100}",1,8.625913193449378,Traditional,,,,,,
ok,traditional,1,8,warmup,9,False,0.009419707581400871,8.629806905984879,8.63922661356628,9.397279739379883,8629.665786743164,2113036288,2132803584,1063571968,1660955136,2132803584,22725,34,"{'shape': [225, 2, 375, 375], 'dtype': 'torch.float32', 'all_finite': True, 'min': 0.0, 'max': 0.0018643521470949054, 'last_psf_sum': 0.07405511289834976}","{""name"":""NVIDIA GeForce RTX 3090"",""driver_version"":""580.119.02"",""pstate"":""P2"",""temperature.gpu"":64,""power.draw"":339.59,""clocks.current.sm"":1950,""clocks.current.memory"":9501,""memory.used"":364,""utilization.gpu"":100}","{""name"":""NVIDIA GeForce RTX 3090"",""driver_version"":""580.119.02"",""pstate"":""P2"",""temperature.gpu"":68,""power.draw"":349.03,""clocks.current.sm"":1845,""clocks.current.memory"":9501,""memory.used"":2378,""utilization.gpu"":100}",1,8.629806905984879,Traditional,,,,,,
ok,traditional,1,9,warmup,10,False,0.009616725146770477,8.632100351154804,8.641717076301575,9.59228801727295,8631.958541870117,2113036288,2132803584,1063571968,1660955136,2132803584,22725,34,"{'shape': [225, 2, 375, 375], 'dtype': 'torch.float32', 'all_finite': True, 'min': 0.0, 'max': 0.0018643521470949054, 'last_psf_sum': 0.07405511289834976}","{""name"":""NVIDIA GeForce RTX 3090"",""driver_version"":""580.119.02"",""pstate"":""P2"",""temperature.gpu"":63,""power.draw"":320.69,""clocks.current.sm"":1950,""clocks.current.memory"":9501,""memory.used"":364,""utilization.gpu"":100}","{""name"":""NVIDIA GeForce RTX 3090"",""driver_version"":""580.119.02"",""pstate"":""P2"",""temperature.gpu"":69,""power.draw"":349.07,""clocks.current.sm"":1845,""clocks.current.memory"":9501,""memory.used"":2378,""utilization.gpu"":100}",1,8.632100351154804,Traditional,,,,,,
ok,traditional,1,10,measurement,1,True,0.00956277921795845,8.638049693778157,8.647612472996116,9.538816452026367,8637.908004760742,2113036288,2132803584,1063571968,1660955136,2132803584,22725,34,"{'shape': [225, 2, 375, 375], 'dtype': 'torch.float32', 'all_finite': True, 'min': 0.0, 'max': 0.0018643521470949054, 'last_psf_sum': 0.07405511289834976}","{""name"":""NVIDIA GeForce RTX 3090"",""driver_version"":""580.119.02"",""pstate"":""P2"",""temperature.gpu"":69,""power.draw"":349.07,""clocks.current.sm"":1845,""clocks.current.memory"":9501,""memory.used"":364,""utilization.gpu"":100}","{""name"":""NVIDIA GeForce RTX 3090"",""driver_version"":""580.119.02"",""pstate"":""P2"",""temperature.gpu"":69,""power.draw"":349.26,""clocks.current.sm"":1845,""clocks.current.memory"":9501,""memory.used"":2378,""utilization.gpu"":100}",1,8.638049693778157,Traditional,,,,,,
ok,traditional,1,11,measurement,2,True,0.009482748806476593,8.641144009307027,8.650626758113503,9.460288047790527,8641.005554199219,2113036288,2132803584,1063571968,1660955136,2132803584,22725,34,"{'shape': [225, 2, 375, 375], 'dtype': 'torch.float32', 'all_finite': True, 'min': 0.0, 'max': 0.0018643521470949054, 'last_psf_sum': 0.07405511289834976}","{""name"":""NVIDIA GeForce RTX 3090"",""driver_version"":""580.119.02"",""pstate"":""P2"",""temperature.gpu"":69,""power.draw"":349.26,""clocks.current.sm"":1845,""clocks.current.memory"":9501,""memory.used"":364,""utilization.gpu"":100}","{""name"":""NVIDIA GeForce RTX 3090"",""driver_version"":""580.119.02"",""pstate"":""P2"",""temperature.gpu"":70,""power.draw"":349.2,""clocks.current.sm"":1845,""clocks.current.memory"":9501,""memory.used"":2378,""utilization.gpu"":100}",1,8.641144009307027,Traditional,,,,,,
ok,traditional,1,12,measurement,3,True,0.009552599862217903,8.642903804779053,8.65245640464127,9.52729606628418,8642.764831542969,2113036288,2132803584,1063571968,1660955136,2132803584,22725,34,"{'shape': [225, 2, 375, 375], 'dtype': 'torch.float32', 'all_finite': True, 'min': 0.0, 'max': 0.0018643521470949054, 'last_psf_sum': 0.07405511289834976}","{""name"":""NVIDIA GeForce RTX 3090"",""driver_version"":""580.119.02"",""pstate"":""P2"",""temperature.gpu"":70,""power.draw"":349.2,""clocks.current.sm"":1845,""clocks.current.memory"":9501,""memory.used"":364,""utilization.gpu"":100}","{""name"":""NVIDIA GeForce RTX 3090"",""driver_version"":""580.119.02"",""pstate"":""P2"",""temperature.gpu"":70,""power.draw"":349.29,""clocks.current.sm"":1845,""clocks.current.memory"":9501,""memory.used"":2378,""utilization.gpu"":100}",1,8.642903804779053,Traditional,,,,,,
ok,traditional,1,13,measurement,4,True,0.009442750364542007,8.64435825496912,8.653801005333662,9.417728424072266,8644.22102355957,2113036288,2132803584,1063571968,1660955136,2132803584,22725,34,"{'shape': [225, 2, 375, 375], 'dtype': 'torch.float32', 'all_finite': True, 'min': 0.0, 'max': 0.0018643521470949054, 'last_psf_sum': 0.07405511289834976}","{""name"":""NVIDIA GeForce RTX 3090"",""driver_version"":""580.119.02"",""pstate"":""P2"",""temperature.gpu"":67,""power.draw"":343.89,""clocks.current.sm"":1935,""clocks.current.memory"":9501,""memory.used"":364,""utilization.gpu"":67}","{""name"":""NVIDIA GeForce RTX 3090"",""driver_version"":""580.119.02"",""pstate"":""P2"",""temperature.gpu"":70,""power.draw"":349.25,""clocks.current.sm"":1830,""clocks.current.memory"":9501,""memory.used"":2378,""utilization.gpu"":100}",1,8.64435825496912,Traditional,,,,,,
ok,traditional,1,14,measurement,5,True,0.009514041244983673,8.644943319261074,8.654457360506058,9.489824295043945,8644.806686401367,2113036288,2132803584,1063571968,1660955136,2132803584,22725,34,"{'shape': [225, 2, 375, 375], 'dtype': 'torch.float32', 'all_finite': True, 'min': 0.0, 'max': 0.0018643521470949054, 'last_psf_sum': 0.07405511289834976}","{""name"":""NVIDIA GeForce RTX 3090"",""driver_version"":""580.119.02"",""pstate"":""P2"",""temperature.gpu"":65,""power.draw"":326.46,""clocks.current.sm"":1935,""clocks.current.memory"":9501,""memory.used"":364,""utilization.gpu"":0}","{""name"":""NVIDIA GeForce RTX 3090"",""driver_version"":""580.119.02"",""pstate"":""P2"",""temperature.gpu"":70,""power.draw"":349.68,""clocks.current.sm"":1830,""clocks.current.memory"":9501,""memory.used"":2378,""utilization.gpu"":100}",1,8.644943319261074,Traditional,,,,,,
ok,traditional,1,15,measurement,6,True,0.009605031460523605,8.645554168149829,8.655159199610353,9.579584121704102,8645.414916992188,2113036288,2132803584,1063571968,1660955136,2132803584,22725,34,"{'shape': [225, 2, 375, 375], 'dtype': 'torch.float32', 'all_finite': True, 'min': 0.0, 'max': 0.0018643521470949054, 'last_psf_sum': 0.07405511289834976}","{""name"":""NVIDIA GeForce RTX 3090"",""driver_version"":""580.119.02"",""pstate"":""P2"",""temperature.gpu"":70,""power.draw"":349.68,""clocks.current.sm"":1830,""clocks.current.memory"":9501,""memory.used"":364,""utilization.gpu"":100}","{""name"":""NVIDIA GeForce RTX 3090"",""driver_version"":""580.119.02"",""pstate"":""P2"",""temperature.gpu"":71,""power.draw"":349.57,""clocks.current.sm"":1845,""clocks.current.memory"":9501,""memory.used"":2378,""utilization.gpu"":100}",1,8.645554168149829,Traditional,,,,,,
ok,traditional,1,16,measurement,7,True,0.010723268613219261,8.64703057333827,8.65775384195149,10.695455551147461,8646.884353637695,2113036288,2132803584,1063571968,1660955136,2132803584,22725,34,"{'shape': [225, 2, 375, 375], 'dtype': 'torch.float32', 'all_finite': True, 'min': 0.0, 'max': 0.0018643521470949054, 'last_psf_sum': 0.07405511289834976}","{""name"":""NVIDIA GeForce RTX 3090"",""driver_version"":""580.119.02"",""pstate"":""P2"",""temperature.gpu"":71,""power.draw"":349.57,""clocks.current.sm"":1845,""clocks.current.memory"":9501,""memory.used"":364,""utilization.gpu"":100}","{""name"":""NVIDIA GeForce RTX 3090"",""driver_version"":""580.119.02"",""pstate"":""P2"",""temperature.gpu"":71,""power.draw"":349.58,""clocks.current.sm"":1845,""clocks.current.memory"":9501,""memory.used"":2378,""utilization.gpu"":100}",1,8.64703057333827,Traditional,,,,,,
ok,traditional,1,17,measurement,8,True,0.00975126400589943,8.646972049027681,8.65672331303358,9.728320121765137,8646.836212158203,2113036288,2132803584,1063571968,1660955136,2132803584,22725,34,"{'shape': [225, 2, 375, 375], 'dtype': 'torch.float32', 'all_finite': True, 'min': 0.0, 'max': 0.0018643521470949054, 'last_psf_sum': 0.07405511289834976}","{""name"":""NVIDIA GeForce RTX 3090"",""driver_version"":""580.119.02"",""pstate"":""P2"",""temperature.gpu"":71,""power.draw"":349.58,""clocks.current.sm"":1845,""clocks.current.memory"":9501,""memory.used"":364,""utilization.gpu"":100}","{""name"":""NVIDIA GeForce RTX 3090"",""driver_version"":""580.119.02"",""pstate"":""P2"",""temperature.gpu"":71,""power.draw"":349.24,""clocks.current.sm"":1845,""clocks.current.memory"":9501,""memory.used"":2378,""utilization.gpu"":100}",1,8.646972049027681,Traditional,,,,,,
ok,traditional,1,18,measurement,9,True,0.01114642433822155,8.647320531308651,8.658466955646873,11.122783660888672,8647.181396484375,2113036288,2132803584,1063571968,1660955136,2132803584,22725,34,"{'shape': [225, 2, 375, 375], 'dtype': 'torch.float32', 'all_finite': True, 'min': 0.0, 'max': 0.0018643521470949054, 'last_psf_sum': 0.07405511289834976}","{""name"":""NVIDIA GeForce RTX 3090"",""driver_version"":""580.119.02"",""pstate"":""P2"",""temperature.gpu"":71,""power.draw"":349.24,""clocks.current.sm"":1845,""clocks.current.memory"":9501,""memory.used"":364,""utilization.gpu"":100}","{""name"":""NVIDIA GeForce RTX 3090"",""driver_version"":""580.119.02"",""pstate"":""P2"",""temperature.gpu"":71,""power.draw"":349.29,""clocks.current.sm"":1890,""clocks.current.memory"":9501,""memory.used"":2378,""utilization.gpu"":100}",1,8.647320531308651,Traditional,,,,,,
ok,traditional,1,19,measurement,10,True,0.00948183611035347,8.647474456578493,8.656956292688847,9.4585599899292,8647.334945678711,2113036288,2132803584,1063571968,1660955136,2132803584,22725,34,"{'shape': [225, 2, 375, 375], 'dtype': 'torch.float32', 'all_finite': True, 'min': 0.0, 'max': 0.0018643521470949054, 'last_psf_sum': 0.07405511289834976}","{""name"":""NVIDIA GeForce RTX 3090"",""driver_version"":""580.119.02"",""pstate"":""P2"",""temperature.gpu"":71,""power.draw"":349.29,""clocks.current.sm"":1890,""clocks.current.memory"":9501,""memory.used"":364,""utilization.gpu"":100}","{""name"":""NVIDIA GeForce RTX 3090"",""driver_version"":""580.119.02"",""pstate"":""P2"",""temperature.gpu"":71,""power.draw"":349.28,""clocks.current.sm"":1830,""clocks.current.memory"":9501,""memory.used"":2378,""utilization.gpu"":100}",1,8.647474456578493,Traditional,,,,,,
ok,traditional,2,0,warmup,1,False,0.18086477182805538,35.91925445944071,36.10011923126876,180.86502075195312,35919.802490234375,8757089792,8854175744,4395953664,6882157568,8854175744,22725,34,"{'shape': [225, 2, 765, 765], 'dtype': 'torch.float32', 'all_finite': True, 'min': 0.0, 'max': 0.0005539903067983687, 'last_psf_sum': 0.06096591055393219}","{""name"":""NVIDIA GeForce RTX 3090"",""driver_version"":""580.119.02"",""pstate"":""P3"",""temperature.gpu"":53,""power.draw"":151.16,""clocks.current.sm"":405,""clocks.current.memory"":5001,""memory.used"":364,""utilization.gpu"":0}","{""name"":""NVIDIA GeForce RTX 3090"",""driver_version"":""580.119.02"",""pstate"":""P2"",""temperature.gpu"":69,""power.draw"":349.5,""clocks.current.sm"":1830,""clocks.current.memory"":9501,""memory.used"":8788,""utilization.gpu"":100}",1,35.91925445944071,Traditional,,,,,,
ok,traditional,2,1,warmup,2,False,0.04230480641126633,35.93044390156865,35.97274870797992,42.299713134765625,35930.95568847656,8757089792,8854175744,4395953664,6882157568,8854175744,22725,34,"{'shape': [225, 2, 765, 765], 'dtype': 'torch.float32', 'all_finite': True, 'min': 0.0, 'max': 0.0005539903067983687, 'last_psf_sum': 0.06096591055393219}","{""name"":""NVIDIA GeForce RTX 3090"",""driver_version"":""580.119.02"",""pstate"":""P2"",""temperature.gpu"":63,""power.draw"":300.55,""clocks.current.sm"":1950,""clocks.current.memory"":9501,""memory.used"":364,""utilization.gpu"":100}","{""name"":""NVIDIA GeForce RTX 3090"",""driver_version"":""580.119.02"",""pstate"":""P2"",""temperature.gpu"":70,""power.draw"":349.41,""clocks.current.sm"":1830,""clocks.current.memory"":9501,""memory.used"":8788,""utilization.gpu"":100}",1,35.93044390156865,Traditional,,,,,,
ok,traditional,2,2,warmup,3,False,0.04204131290316582,35.961086723953485,36.00312803685665,42.03539276123047,35961.579528808594,8757089792,8854175744,4395953664,6882157568,8854175744,22725,34,"{'shape': [225, 2, 765, 765], 'dtype': 'torch.float32', 'all_finite': True, 'min': 0.0, 'max': 0.0005539903067983687, 'last_psf_sum': 0.06096591055393219}","{""name"":""NVIDIA GeForce RTX 3090"",""driver_version"":""580.119.02"",""pstate"":""P2"",""temperature.gpu"":70,""power.draw"":349.41,""clocks.current.sm"":1830,""clocks.current.memory"":9501,""memory.used"":364,""utilization.gpu"":100}","{""name"":""NVIDIA GeForce RTX 3090"",""driver_version"":""580.119.02"",""pstate"":""P2"",""temperature.gpu"":71,""power.draw"":349.43,""clocks.current.sm"":1830,""clocks.current.memory"":9501,""memory.used"":8788,""utilization.gpu"":100}",1,35.961086723953485,Traditional,,,,,,
ok,traditional,2,3,warmup,4,False,0.041969118639826775,35.96961082704365,36.01157994568348,41.96281433105469,35970.070556640625,8757089792,8854175744,4395953664,6882157568,8854175744,22725,34,"{'shape': [225, 2, 765, 765], 'dtype': 'torch.float32', 'all_finite': True, 'min': 0.0, 'max': 0.0005539903067983687, 'last_psf_sum': 0.06096591055393219}","{""name"":""NVIDIA GeForce RTX 3090"",""driver_version"":""580.119.02"",""pstate"":""P2"",""temperature.gpu"":71,""power.draw"":338.88,""clocks.current.sm"":1935,""clocks.current.memory"":9501,""memory.used"":364,""utilization.gpu"":37}","{""name"":""NVIDIA GeForce RTX 3090"",""driver_version"":""580.119.02"",""pstate"":""P2"",""temperature.gpu"":71,""power.draw"":349.4,""clocks.current.sm"":1815,""clocks.current.memory"":9501,""memory.used"":8788,""utilization.gpu"":100}",1,35.96961082704365,Traditional,,,,,,
ok,traditional,2,4,warmup,5,False,0.04256656765937805,35.97557031549513,36.01813688315451,42.56073760986328,35975.995178222656,8757089792,8854175744,4395953664,6882157568,8854175744,22725,34,"{'shape': [225, 2, 765, 765], 'dtype': 'torch.float32', 'all_finite': True, 'min': 0.0, 'max': 0.0005539903067983687, 'last_psf_sum': 0.06096591055393219}","{""name"":""NVIDIA GeForce RTX 3090"",""driver_version"":""580.119.02"",""pstate"":""P2"",""temperature.gpu"":71,""power.draw"":349.4,""clocks.current.sm"":1815,""clocks.current.memory"":9501,""memory.used"":364,""utilization.gpu"":100}","{""name"":""NVIDIA GeForce RTX 3090"",""driver_version"":""580.119.02"",""pstate"":""P2"",""temperature.gpu"":71,""power.draw"":349.5,""clocks.current.sm"":1830,""clocks.current.memory"":9501,""memory.used"":8788,""utilization.gpu"":100}",1,35.97557031549513,Traditional,,,,,,
ok,traditional,2,5,warmup,6,False,0.04233490489423275,35.97430834919214,36.016643254086375,42.328704833984375,35974.699951171875,8757089792,8854175744,4395953664,6882157568,8854175744,22725,34,"{'shape': [225, 2, 765, 765], 'dtype': 'torch.float32', 'all_finite': True, 'min': 0.0, 'max': 0.0005539903067983687, 'last_psf_sum': 0.06096591055393219}","{""name"":""NVIDIA GeForce RTX 3090"",""driver_version"":""580.119.02"",""pstate"":""P2"",""temperature.gpu"":71,""power.draw"":349.5,""clocks.current.sm"":1830,""clocks.current.memory"":9501,""memory.used"":364,""utilization.gpu"":100}","{""name"":""NVIDIA GeForce RTX 3090"",""driver_version"":""580.119.02"",""pstate"":""P2"",""temperature.gpu"":71,""power.draw"":349.6,""clocks.current.sm"":1815,""clocks.current.memory"":9501,""memory.used"":8788,""utilization.gpu"":100}",1,35.97430834919214,Traditional,,,,,,
ok,traditional,2,6,warmup,7,False,0.04611149802803993,35.97565712220967,36.02176862023771,46.10639953613281,35976.01971435547,8757089792,8854175744,4395953664,6882157568,8854175744,22725,34,"{'shape': [225, 2, 765, 765], 'dtype': 'torch.float32', 'all_finite': True, 'min': 0.0, 'max': 0.0005539903067983687, 'last_psf_sum': 0.06096591055393219}","{""name"":""NVIDIA GeForce RTX 3090"",""driver_version"":""580.119.02"",""pstate"":""P2"",""temperature.gpu"":68,""power.draw"":344.69,""clocks.current.sm"":1935,""clocks.current.memory"":9501,""memory.used"":364,""utilization.gpu"":70}","{""name"":""NVIDIA GeForce RTX 3090"",""driver_version"":""580.119.02"",""pstate"":""P2"",""temperature.gpu"":71,""power.draw"":349.06,""clocks.current.sm"":1830,""clocks.current.memory"":9501,""memory.used"":8788,""utilization.gpu"":100}",1,35.97565712220967,Traditional,,,,,,
ok,traditional,2,7,warmup,8,False,0.041878705844283104,35.97828318364918,36.020161889493465,41.87247848510742,35978.61767578125,8757089792,8854175744,4395953664,6882157568,8854175744,22725,34,"{'shape': [225, 2, 765, 765], 'dtype': 'torch.float32', 'all_finite': True, 'min': 0.0, 'max': 0.0005539903067983687, 'last_psf_sum': 0.06096591055393219}","{""name"":""NVIDIA GeForce RTX 3090"",""driver_version"":""580.119.02"",""pstate"":""P2"",""temperature.gpu"":71,""power.draw"":349.06,""clocks.current.sm"":1830,""clocks.current.memory"":9501,""memory.used"":364,""utilization.gpu"":100}","{""name"":""NVIDIA GeForce RTX 3090"",""driver_version"":""580.119.02"",""pstate"":""P2"",""temperature.gpu"":71,""power.draw"":349.37,""clocks.current.sm"":1815,""clocks.current.memory"":9501,""memory.used"":8788,""utilization.gpu"":100}",1,35.97828318364918,Traditional,,,,,,
ok,traditional,2,8,warmup,9,False,0.04255394637584686,35.97830558754504,36.020859533920884,42.54771041870117,35978.61669921875,8757089792,8854175744,4395953664,6882157568,8854175744,22725,34,"{'shape': [225, 2, 765, 765], 'dtype': 'torch.float32', 'all_finite': True, 'min': 0.0, 'max': 0.0005539903067983687, 'last_psf_sum': 0.06096591055393219}","{""name"":""NVIDIA GeForce RTX 3090"",""driver_version"":""580.119.02"",""pstate"":""P2"",""temperature.gpu"":71,""power.draw"":349.37,""clocks.current.sm"":1815,""clocks.current.memory"":9501,""memory.used"":364,""utilization.gpu"":100}","{""name"":""NVIDIA GeForce RTX 3090"",""driver_version"":""580.119.02"",""pstate"":""P2"",""temperature.gpu"":71,""power.draw"":349.25,""clocks.current.sm"":1815,""clocks.current.memory"":9501,""memory.used"":8788,""utilization.gpu"":100}",1,35.97830558754504,Traditional,,,,,,
ok,traditional,2,9,warmup,10,False,0.04289262741804123,35.97352587804198,36.016418505460024,42.88713455200195,35973.816345214844,8757089792,8854175744,4395953664,6882157568,8854175744,22725,34,"{'shape': [225, 2, 765, 765], 'dtype': 'torch.float32', 'all_finite': True, 'min': 0.0, 'max': 0.0005539903067983687, 'last_psf_sum': 0.06096591055393219}","{""name"":""NVIDIA GeForce RTX 3090"",""driver_version"":""580.119.02"",""pstate"":""P2"",""temperature.gpu"":67,""power.draw"":322.87,""clocks.current.sm"":1935,""clocks.current.memory"":9501,""memory.used"":364,""utilization.gpu"":0}","{""name"":""NVIDIA GeForce RTX 3090"",""driver_version"":""580.119.02"",""pstate"":""P2"",""temperature.gpu"":71,""power.draw"":349.44,""clocks.current.sm"":1830,""clocks.current.memory"":9501,""memory.used"":8788,""utilization.gpu"":100}",1,35.97352587804198,Traditional,,,,,,
ok,traditional,2,10,measurement,1,True,0.042696814984083176,35.97569565847516,36.018392473459244,42.688961029052734,35975.95471191406,8757089792,8854175744,4395953664,6882157568,8854175744,22725,34,"{'shape': [225, 2, 765, 765], 'dtype': 'torch.float32', 'all_finite': True, 'min': 0.0, 'max': 0.0005539903067983687, 'last_psf_sum': 0.06096591055393219}","{""name"":""NVIDIA GeForce RTX 3090"",""driver_version"":""580.119.02"",""pstate"":""P2"",""temperature.gpu"":71,""power.draw"":349.44,""clocks.current.sm"":1830,""clocks.current.memory"":9501,""memory.used"":364,""utilization.gpu"":100}","{""name"":""NVIDIA GeForce RTX 3090"",""driver_version"":""580.119.02"",""pstate"":""P2"",""temperature.gpu"":69,""power.draw"":349.1,""clocks.current.sm"":1890,""clocks.current.memory"":9501,""memory.used"":8788,""utilization.gpu"":100}",1,35.97569565847516,Traditional,,,,,,
ok,traditional,2,11,measurement,2,True,0.042427774518728256,35.973767686635256,36.016195461153984,42.420928955078125,35974.00256347656,8757089792,8854175744,4395953664,6882157568,8854175744,22725,34,"{'shape': [225, 2, 765, 765], 'dtype': 'torch.float32', 'all_finite': True, 'min': 0.0, 'max': 0.0005539903067983687, 'last_psf_sum': 0.06096591055393219}","{""name"":""NVIDIA GeForce RTX 3090"",""driver_version"":""580.119.02"",""pstate"":""P2"",""temperature.gpu"":69,""power.draw"":349.1,""clocks.current.sm"":1890,""clocks.current.memory"":9501,""memory.used"":364,""utilization.gpu"":100}","{""name"":""NVIDIA GeForce RTX 3090"",""driver_version"":""580.119.02"",""pstate"":""P2"",""temperature.gpu"":70,""power.draw"":349.21,""clocks.current.sm"":1815,""clocks.current.memory"":9501,""memory.used"":8788,""utilization.gpu"":100}",1,35.973767686635256,Traditional,,,,,,
ok,traditional,2,12,measurement,3,True,0.04266992770135403,35.97612780705094,36.0187977347523,42.66307067871094,35976.348571777344,8757089792,8854175744,4395953664,6882157568,8854175744,22725,34,"{'shape': [225, 2, 765, 765], 'dtype': 'torch.float32', 'all_finite': True, 'min': 0.0, 'max': 0.0005539903067983687, 'last_psf_sum': 0.06096591055393219}","{""name"":""NVIDIA GeForce RTX 3090"",""driver_version"":""580.119.02"",""pstate"":""P2"",""temperature.gpu"":65,""power.draw"":322.86,""clocks.current.sm"":1935,""clocks.current.memory"":9501,""memory.used"":364,""utilization.gpu"":0}","{""name"":""NVIDIA GeForce RTX 3090"",""driver_version"":""580.119.02"",""pstate"":""P2"",""temperature.gpu"":70,""power.draw"":349.36,""clocks.current.sm"":1830,""clocks.current.memory"":9501,""memory.used"":8788,""utilization.gpu"":100}",1,35.97612780705094,Traditional,,,,,,
ok,traditional,2,13,measurement,4,True,0.04224366322159767,35.97222822345793,36.01447188667953,42.237632751464844,35972.42352294922,8757089792,8854175744,4395953664,6882157568,8854175744,22725,34,"{'shape': [225, 2, 765, 765], 'dtype': 'torch.float32', 'all_finite': True, 'min': 0.0, 'max': 0.0005539903067983687, 'last_psf_sum': 0.06096591055393219}","{""name"":""NVIDIA GeForce RTX 3090"",""driver_version"":""580.119.02"",""pstate"":""P2"",""temperature.gpu"":70,""power.draw"":349.36,""clocks.current.sm"":1830,""clocks.current.memory"":9501,""memory.used"":364,""utilization.gpu"":100}","{""name"":""NVIDIA GeForce RTX 3090"",""driver_version"":""580.119.02"",""pstate"":""P2"",""temperature.gpu"":70,""power.draw"":349.37,""clocks.current.sm"":1830,""clocks.current.memory"":9501,""memory.used"":8788,""utilization.gpu"":100}",1,35.97222822345793,Traditional,,,,,,
ok,traditional,2,14,measurement,5,True,0.042332395911216736,35.97869801521301,36.02103041112423,42.32636642456055,35978.883850097656,8757089792,8854175744,4395953664,6882157568,8854175744,22725,34,"{'shape': [225, 2, 765, 765], 'dtype': 'torch.float32', 'all_finite': True, 'min': 0.0, 'max': 0.0005539903067983687, 'last_psf_sum': 0.06096591055393219}","{""name"":""NVIDIA GeForce RTX 3090"",""driver_version"":""580.119.02"",""pstate"":""P2"",""temperature.gpu"":71,""power.draw"":349.58,""clocks.current.sm"":1875,""clocks.current.memory"":9501,""memory.used"":364,""utilization.gpu"":100}","{""name"":""NVIDIA GeForce RTX 3090"",""driver_version"":""580.119.02"",""pstate"":""P2"",""temperature.gpu"":71,""power.draw"":349.16,""clocks.current.sm"":1830,""clocks.current.memory"":9501,""memory.used"":8788,""utilization.gpu"":100}",1,35.97869801521301,Traditional,,,,,,
ok,traditional,2,15,measurement,6,True,0.04217354208230972,35.97547522932291,36.01764877140522,42.16707229614258,35975.64385986328,8757089792,8854175744,4395953664,6882157568,8854175744,22725,34,"{'shape': [225, 2, 765, 765], 'dtype': 'torch.float32', 'all_finite': True, 'min': 0.0, 'max': 0.0005539903067983687, 'last_psf_sum': 0.06096591055393219}","{""name"":""NVIDIA GeForce RTX 3090"",""driver_version"":""580.119.02"",""pstate"":""P2"",""temperature.gpu"":71,""power.draw"":349.16,""clocks.current.sm"":1830,""clocks.current.memory"":9501,""memory.used"":364,""utilization.gpu"":100}","{""name"":""NVIDIA GeForce RTX 3090"",""driver_version"":""580.119.02"",""pstate"":""P2"",""temperature.gpu"":70,""power.draw"":349.15,""clocks.current.sm"":1830,""clocks.current.memory"":9501,""memory.used"":8788,""utilization.gpu"":100}",1,35.97547522932291,Traditional,,,,,,
ok,traditional,2,16,measurement,7,True,0.043007876724004745,35.97693443112075,36.01994230784476,43.00156784057617,35977.08612060547,8757089792,8854175744,4395953664,6882157568,8854175744,22725,34,"{'shape': [225, 2, 765, 765], 'dtype': 'torch.float32', 'all_finite': True, 'min': 0.0, 'max': 0.0005539903067983687, 'last_psf_sum': 0.06096591055393219}","{""name"":""NVIDIA GeForce RTX 3090"",""driver_version"":""580.119.02"",""pstate"":""P2"",""temperature.gpu"":70,""power.draw"":349.15,""clocks.current.sm"":1830,""clocks.current.memory"":9501,""memory.used"":364,""utilization.gpu"":100}","{""name"":""NVIDIA GeForce RTX 3090"",""driver_version"":""580.119.02"",""pstate"":""P2"",""temperature.gpu"":71,""power.draw"":349.31,""clocks.current.sm"":1830,""clocks.current.memory"":9501,""memory.used"":8788,""utilization.gpu"":100}",1,35.97693443112075,Traditional,,,,,,
ok,traditional,2,17,measurement,8,True,0.04185257665812969,35.97530145198107,36.0171540286392,41.845664978027344,35975.440185546875,8757089792,8854175744,4395953664,6882157568,8854175744,22725,34,"{'shape': [225, 2, 765, 765], 'dtype': 'torch.float32', 'all_finite': True, 'min': 0.0, 'max': 0.0005539903067983687, 'last_psf_sum': 0.06096591055393219}","{""name"":""NVIDIA GeForce RTX 3090"",""driver_version"":""580.119.02"",""pstate"":""P2"",""temperature.gpu"":71,""power.draw"":344.64,""clocks.current.sm"":1875,""clocks.current.memory"":9501,""memory.used"":364,""utilization.gpu"":100}","{""name"":""NVIDIA GeForce RTX 3090"",""driver_version"":""580.119.02"",""pstate"":""P2"",""temperature.gpu"":71,""power.draw"":349.53,""clocks.current.sm"":1830,""clocks.current.memory"":9501,""memory.used"":8788,""utilization.gpu"":100}",1,35.97530145198107,Traditional,,,,,,
ok,traditional,2,18,measurement,9,True,0.04229828529059887,35.97968594171107,36.02198422700167,42.29072189331055,35979.81024169922,8757089792,8854175744,4395953664,6882157568,8854175744,22725,34,"{'shape': [225, 2, 765, 765], 'dtype': 'torch.float32', 'all_finite': True, 'min': 0.0, 'max': 0.0005539903067983687, 'last_psf_sum': 0.06096591055393219}","{""name"":""NVIDIA GeForce RTX 3090"",""driver_version"":""580.119.02"",""pstate"":""P2"",""temperature.gpu"":71,""power.draw"":316.68,""clocks.current.sm"":1935,""clocks.current.memory"":9501,""memory.used"":364,""utilization.gpu"":22}","{""name"":""NVIDIA GeForce RTX 3090"",""driver_version"":""580.119.02"",""pstate"":""P2"",""temperature.gpu"":71,""power.draw"":349.35,""clocks.current.sm"":1830,""clocks.current.memory"":9501,""memory.used"":8788,""utilization.gpu"":100}",1,35.97968594171107,Traditional,,,,,,
ok,traditional,2,19,measurement,10,True,0.04102905094623566,35.9768235553056,36.017852606251836,41.02387237548828,35976.937255859375,8757089792,8854175744,4395953664,6882157568,8854175744,22725,34,"{'shape': [225, 2, 765, 765], 'dtype': 'torch.float32', 'all_finite': True, 'min': 0.0, 'max': 0.0005539903067983687, 'last_psf_sum': 0.06096591055393219}","{""name"":""NVIDIA GeForce RTX 3090"",""driver_version"":""580.119.02"",""pstate"":""P2"",""temperature.gpu"":71,""power.draw"":349.35,""clocks.current.sm"":1830,""clocks.current.memory"":9501,""memory.used"":364,""utilization.gpu"":100}","{""name"":""NVIDIA GeForce RTX 3090"",""driver_version"":""580.119.02"",""pstate"":""P2"",""temperature.gpu"":70,""power.draw"":349.05,""clocks.current.sm"":1830,""clocks.current.memory"":9501,""memory.used"":8788,""utilization.gpu"":100}",1,35.9768235553056,Traditional,,,,,,
ok,shift_fresnel_precomputed,1,0,warmup,1,False,0.29000080190598965,4.196927944198251,4.48692874610424,289.9916687011719,4196.609050750732,3438664192,3569352704,3347535360,4948905984,5393874944,22725,75,"{'shape': [3, 101, 375, 375], 'dtype': 'torch.float32', 'all_finite': True, 'min': 1.3366434017557036e-16, 'max': 0.006516203284263611, 'last_psf_sum': 0.07359086722135544}","{""name"":""NVIDIA GeForce RTX 3090"",""driver_version"":""580.119.02"",""pstate"":""P0"",""temperature.gpu"":29,""power.draw"":33.83,""clocks.current.sm"":1545,""clocks.current.memory"":9751,""memory.used"":364,""utilization.gpu"":0}","{""name"":""NVIDIA GeForce RTX 3090"",""driver_version"":""580.119.02"",""pstate"":""P2"",""temperature.gpu"":43,""power.draw"":340.6,""clocks.current.sm"":1980,""clocks.current.memory"":9501,""memory.used"":5488,""utilization.gpu"":54}",225,0.01865301308532556,Shift–Fresnel,225,2278125000,75,0,75,
ok,shift_fresnel_precomputed,1,1,warmup,2,False,0.07653294317424297,4.134587382897735,4.211120326071978,76.52489471435547,4134.310928344727,3438664192,3569352704,3347535360,4948905984,5393874944,22725,75,"{'shape': [3, 101, 375, 375], 'dtype': 'torch.float32', 'all_finite': True, 'min': 1.3366434017557036e-16, 'max': 0.006516203284263611, 'last_psf_sum': 0.07359086722135544}","{""name"":""NVIDIA GeForce RTX 3090"",""driver_version"":""580.119.02"",""pstate"":""P2"",""temperature.gpu"":43,""power.draw"":340.6,""clocks.current.sm"":1980,""clocks.current.memory"":9501,""memory.used"":364,""utilization.gpu"":54}","{""name"":""NVIDIA GeForce RTX 3090"",""driver_version"":""580.119.02"",""pstate"":""P2"",""temperature.gpu"":49,""power.draw"":348.57,""clocks.current.sm"":1890,""clocks.current.memory"":9501,""memory.used"":5488,""utilization.gpu"":99}",225,0.018375943923989932,Shift–Fresnel,225,2278125000,75,0,75,
ok,shift_fresnel_precomputed,1,2,warmup,3,False,0.07614807784557343,4.132989510893822,4.209137588739395,76.1407699584961,4132.712463378906,3438664192,3569352704,3347535360,4948905984,5393874944,22725,75,"{'shape': [3, 101, 375, 375], 'dtype': 'torch.float32', 'all_finite': True, 'min': 1.3366434017557036e-16, 'max': 0.006516203284263611, 'last_psf_sum': 0.07359086722135544}","{""name"":""NVIDIA GeForce RTX 3090"",""driver_version"":""580.119.02"",""pstate"":""P2"",""temperature.gpu"":49,""power.draw"":348.57,""clocks.current.sm"":1890,""clocks.current.memory"":9501,""memory.used"":364,""utilization.gpu"":99}","{""name"":""NVIDIA GeForce RTX 3090"",""driver_version"":""580.119.02"",""pstate"":""P2"",""temperature.gpu"":52,""power.draw"":348.62,""clocks.current.sm"":1905,""clocks.current.memory"":9501,""memory.used"":5488,""utilization.gpu"":99}",225,0.01836884227063921,Shift–Fresnel,225,2278125000,75,0,75,
ok,shift_fresnel_precomputed,1,3,warmup,4,False,0.08364631980657578,4.133254047483206,4.216900367289782,83.63833618164062,4132.97766494751,3438664192,3569352704,3347535360,4948905984,5393874944,22725,75,"{'shape': [3, 101, 375, 375], 'dtype': 'torch.float32', 'all_finite': True, 'min': 1.3366434017557036e-16, 'max': 0.006516203284263611, 'last_psf_sum': 0.07359086722135544}","{""name"":""NVIDIA GeForce RTX 3090"",""driver_version"":""580.119.02"",""pstate"":""P2"",""temperature.gpu"":52,""power.draw"":348.62,""clocks.current.sm"":1905,""clocks.current.memory"":9501,""memory.used"":364,""utilization.gpu"":99}","{""name"":""NVIDIA GeForce RTX 3090"",""driver_version"":""580.119.02"",""pstate"":""P2"",""temperature.gpu"":54,""power.draw"":348.34,""clocks.current.sm"":1905,""clocks.current.memory"":9501,""memory.used"":5488,""utilization.gpu"":99}",225,0.018370017988814248,Shift–Fresnel,225,2278125000,75,0,75,
ok,shift_fresnel_precomputed,1,4,warmup,5,False,0.07574518583714962,4.135093979537487,4.210839165374637,75.73792266845703,4134.81982421875,3438664192,3569352704,3347535360,4948905984,5393874944,22725,75,"{'shape': [3, 101, 375, 375], 'dtype': 'torch.float32', 'all_finite': True, 'min': 1.3366434017557036e-16, 'max': 0.006516203284263611, 'last_psf_sum': 0.07359086722135544}","{""name"":""NVIDIA GeForce RTX 3090"",""driver_version"":""580.119.02"",""pstate"":""P2"",""temperature.gpu"":54,""power.draw"":348.34,""clocks.current.sm"":1905,""clocks.current.memory"":9501,""memory.used"":364,""utilization.gpu"":99}","{""name"":""NVIDIA GeForce RTX 3090"",""driver_version"":""580.119.02"",""pstate"":""P2"",""temperature.gpu"":56,""power.draw"":348.48,""clocks.current.sm"":1875,""clocks.current.memory"":9501,""memory.used"":5488,""utilization.gpu"":99}",225,0.018378195464611054,Shift–Fresnel,225,2278125000,75,0,75,
ok,shift_fresnel_precomputed,1,5,warmup,6,False,0.07606410793960094,4.136353043839335,4.212417151778936,76.05615997314453,4136.078330993652,3438664192,3569352704,3347535360,4948905984,5393874944,22725,75,"{'shape': [3, 101, 375, 375], 'dtype': 'torch.float32', 'all_finite': True, 'min': 1.3366434017557036e-16, 'max': 0.006516203284263611, 'last_psf_sum': 0.07359086722135544}","{""name"":""NVIDIA GeForce RTX 3090"",""driver_version"":""580.119.02"",""pstate"":""P2"",""temperature.gpu"":56,""power.draw"":348.48,""clocks.current.sm"":1875,""clocks.current.memory"":9501,""memory.used"":364,""utilization.gpu"":99}","{""name"":""NVIDIA GeForce RTX 3090"",""driver_version"":""580.119.02"",""pstate"":""P2"",""temperature.gpu"":58,""power.draw"":348.49,""clocks.current.sm"":1875,""clocks.current.memory"":9501,""memory.used"":5488,""utilization.gpu"":99}",225,0.018383791305952604,Shift–Fresnel,225,2278125000,75,0,75,
ok,shift_fresnel_precomputed,1,6,warmup,7,False,0.0758981853723526,4.137737326323986,4.213635511696339,75.88960266113281,4137.461761474609,3438664192,3569352704,3347535360,4948905984,5393874944,22725,75,"{'shape': [3, 101, 375, 375], 'dtype': 'torch.float32', 'all_finite': True, 'min': 1.3366434017557036e-16, 'max': 0.006516203284263611, 'last_psf_sum': 0.07359086722135544}","{""name"":""NVIDIA GeForce RTX 3090"",""driver_version"":""580.119.02"",""pstate"":""P2"",""temperature.gpu"":58,""power.draw"":348.49,""clocks.current.sm"":1875,""clocks.current.memory"":9501,""memory.used"":364,""utilization.gpu"":99}","{""name"":""NVIDIA GeForce RTX 3090"",""driver_version"":""580.119.02"",""pstate"":""P2"",""temperature.gpu"":59,""power.draw"":348.34,""clocks.current.sm"":1875,""clocks.current.memory"":9501,""memory.used"":5488,""utilization.gpu"":99}",225,0.01838994367255105,Shift–Fresnel,225,2278125000,75,0,75,
ok,shift_fresnel_precomputed,1,7,warmup,8,False,0.07596748322248459,4.139240048825741,4.215207532048225,75.95945739746094,4138.967037200928,3438664192,3569352704,3347535360,4948905984,5393874944,22725,75,"{'shape': [3, 101, 375, 375], 'dtype': 'torch.float32', 'all_finite': True, 'min': 1.3366434017557036e-16, 'max': 0.006516203284263611, 'last_psf_sum': 0.07359086722135544}","{""name"":""NVIDIA GeForce RTX 3090"",""driver_version"":""580.119.02"",""pstate"":""P2"",""temperature.gpu"":59,""power.draw"":348.34,""clocks.current.sm"":1875,""clocks.current.memory"":9501,""memory.used"":364,""utilization.gpu"":99}","{""name"":""NVIDIA GeForce RTX 3090"",""driver_version"":""580.119.02"",""pstate"":""P2"",""temperature.gpu"":61,""power.draw"":348.42,""clocks.current.sm"":1860,""clocks.current.memory"":9501,""memory.used"":5488,""utilization.gpu"":99}",225,0.018396622439225515,Shift–Fresnel,225,2278125000,75,0,75,
ok,shift_fresnel_precomputed,1,8,warmup,9,False,0.07600798830389977,4.139870814979076,4.215878803282976,76.0002212524414,4139.597816467285,3438664192,3569352704,3347535360,4948905984,5393874944,22725,75,"{'shape': [3, 101, 375, 375], 'dtype': 'torch.float32', 'all_finite': True, 'min': 1.3366434017557036e-16, 'max': 0.006516203284263611, 'last_psf_sum': 0.07359086722135544}","{""name"":""NVIDIA GeForce RTX 3090"",""driver_version"":""580.119.02"",""pstate"":""P2"",""temperature.gpu"":61,""power.draw"":348.42,""clocks.current.sm"":1860,""clocks.current.memory"":9501,""memory.used"":364,""utilization.gpu"":99}","{""name"":""NVIDIA GeForce RTX 3090"",""driver_version"":""580.119.02"",""pstate"":""P2"",""temperature.gpu"":62,""power.draw"":348.61,""clocks.current.sm"":1875,""clocks.current.memory"":9501,""memory.used"":5488,""utilization.gpu"":99}",225,0.01839942584435145,Shift–Fresnel,225,2278125000,75,0,75,
ok,shift_fresnel_precomputed,1,9,warmup,10,False,0.08388285338878632,4.1436938270926476,4.227576680481434,83.87468719482422,4143.418361663818,3438664192,3569352704,3347535360,4948905984,5393874944,22725,75,"{'shape': [3, 101, 375, 375], 'dtype': 'torch.float32', 'all_finite': True, 'min': 1.3366434017557036e-16, 'max': 0.006516203284263611, 'last_psf_sum': 0.07359086722135544}","{""name"":""NVIDIA GeForce RTX 3090"",""driver_version"":""580.119.02"",""pstate"":""P2"",""temperature.gpu"":62,""power.draw"":348.61,""clocks.current.sm"":1875,""clocks.current.memory"":9501,""memory.used"":364,""utilization.gpu"":99}","{""name"":""NVIDIA GeForce RTX 3090"",""driver_version"":""580.119.02"",""pstate"":""P2"",""temperature.gpu"":63,""power.draw"":349.01,""clocks.current.sm"":1860,""clocks.current.memory"":9501,""memory.used"":5488,""utilization.gpu"":100}",225,0.018416417009300655,Shift–Fresnel,225,2278125000,75,0,75,
ok,shift_fresnel_precomputed,1,10,measurement,1,True,0.07599940709769726,4.141933565959334,4.217932973057032,75.99158477783203,4141.663219451904,3438664192,3569352704,3347535360,4948905984,5393874944,22725,75,"{'shape': [3, 101, 375, 375], 'dtype': 'torch.float32', 'all_finite': True, 'min': 1.3366434017557036e-16, 'max': 0.006516203284263611, 'last_psf_sum': 0.07359086722135544}","{""name"":""NVIDIA GeForce RTX 3090"",""driver_version"":""580.119.02"",""pstate"":""P2"",""temperature.gpu"":63,""power.draw"":349.01,""clocks.current.sm"":1860,""clocks.current.memory"":9501,""memory.used"":364,""utilization.gpu"":100}","{""name"":""NVIDIA GeForce RTX 3090"",""driver_version"":""580.119.02"",""pstate"":""P2"",""temperature.gpu"":64,""power.draw"":348.82,""clocks.current.sm"":1860,""clocks.current.memory"":9501,""memory.used"":5488,""utilization.gpu"":99}",225,0.01840859362648593,Shift–Fresnel,225,2278125000,75,0,75,
ok,shift_fresnel_precomputed,1,11,measurement,2,True,0.07727320678532124,4.142664378508925,4.219937585294247,77.26573181152344,4142.387191772461,3438664192,3569352704,3347535360,4948905984,5393874944,22725,75,"{'shape': [3, 101, 375, 375], 'dtype': 'torch.float32', 'all_finite': True, 'min': 1.3366434017557036e-16, 'max': 0.006516203284263611, 'last_psf_sum': 0.07359086722135544}","{""name"":""NVIDIA GeForce RTX 3090"",""driver_version"":""580.119.02"",""pstate"":""P2"",""temperature.gpu"":64,""power.draw"":348.82,""clocks.current.sm"":1860,""clocks.current.memory"":9501,""memory.used"":364,""utilization.gpu"":99}","{""name"":""NVIDIA GeForce RTX 3090"",""driver_version"":""580.119.02"",""pstate"":""P2"",""temperature.gpu"":65,""power.draw"":348.68,""clocks.current.sm"":1845,""clocks.current.memory"":9501,""memory.used"":5488,""utilization.gpu"":99}",225,0.01841184168226189,Shift–Fresnel,225,2278125000,75,0,75,
ok,shift_fresnel_precomputed,1,12,measurement,3,True,0.0760327149182558,4.142913771793246,4.218946486711502,76.02483367919922,4142.640117645264,3438664192,3569352704,3347535360,4948905984,5393874944,22725,75,"{'shape': [3, 101, 375, 375], 'dtype': 'torch.float32', 'all_finite': True, 'min': 1.3366434017557036e-16, 'max': 0.006516203284263611, 'last_psf_sum': 0.07359086722135544}","{""name"":""NVIDIA GeForce RTX 3090"",""driver_version"":""580.119.02"",""pstate"":""P2"",""temperature.gpu"":60,""power.draw"":327.75,""clocks.current.sm"":1965,""clocks.current.memory"":9501,""memory.used"":364,""utilization.gpu"":0}","{""name"":""NVIDIA GeForce RTX 3090"",""driver_version"":""580.119.02"",""pstate"":""P2"",""temperature.gpu"":65,""power.draw"":348.33,""clocks.current.sm"":1845,""clocks.current.memory"":9501,""memory.used"":5488,""utilization.gpu"":100}",225,0.018412950096858872,Shift–Fresnel,225,2278125000,75,0,75,
ok,shift_fresnel_precomputed,1,13,measurement,4,True,0.07590601965785027,4.145946104079485,4.221852123737335,75.89817810058594,4145.673225402832,3438664192,3569352704,3347535360,4948905984,5393874944,22725,75,"{'shape': [3, 101, 375, 375], 'dtype': 'torch.float32', 'all_finite': True, 'min': 1.3366434017557036e-16, 'max': 0.006516203284263611, 'last_psf_sum': 0.07359086722135544}","{""name"":""NVIDIA GeForce RTX 3090"",""driver_version"":""580.119.02"",""pstate"":""P2"",""temperature.gpu"":61,""power.draw"":314.37,""clocks.current.sm"":1965,""clocks.current.memory"":9501,""memory.used"":364,""utilization.gpu"":100}","{""name"":""NVIDIA GeForce RTX 3090"",""driver_version"":""580.119.02"",""pstate"":""P2"",""temperature.gpu"":66,""power.draw"":348.42,""clocks.current.sm"":1830,""clocks.current.memory"":9501,""memory.used"":5488,""utilization.gpu"":99}",225,0.018426427129242154,Shift–Fresnel,225,2278125000,75,0,75,
ok,shift_fresnel_precomputed,1,14,measurement,5,True,0.10269731469452381,4.14624747261405,4.248944787308574,102.68924713134766,4145.9804039001465,3438664192,3569352704,3347535360,4948905984,5393874944,22725,75,"{'shape': [3, 101, 375, 375], 'dtype': 'torch.float32', 'all_finite': True, 'min': 1.3366434017557036e-16, 'max': 0.006516203284263611, 'last_psf_sum': 0.07359086722135544}","{""name"":""NVIDIA GeForce RTX 3090"",""driver_version"":""580.119.02"",""pstate"":""P2"",""temperature.gpu"":62,""power.draw"":315.16,""clocks.current.sm"":1950,""clocks.current.memory"":9501,""memory.used"":364,""utilization.gpu"":0}","{""name"":""NVIDIA GeForce RTX 3090"",""driver_version"":""580.119.02"",""pstate"":""P2"",""temperature.gpu"":67,""power.draw"":348.42,""clocks.current.sm"":1845,""clocks.current.memory"":9501,""memory.used"":5488,""utilization.gpu"":99}",225,0.018427766544951332,Shift–Fresnel,225,2278125000,75,0,75,
ok,shift_fresnel_precomputed,1,15,measurement,6,True,0.07632489688694477,4.147618943825364,4.223943840712309,76.3175048828125,4147.349502563477,3438664192,3569352704,3347535360,4948905984,5393874944,22725,75,"{'shape': [3, 101, 375, 375], 'dtype': 'torch.float32', 'all_finite': True, 'min': 1.3366434017557036e-16, 'max': 0.006516203284263611, 'last_psf_sum': 0.07359086722135544}","{""name"":""NVIDIA GeForce RTX 3090"",""driver_version"":""580.119.02"",""pstate"":""P2"",""temperature.gpu"":64,""power.draw"":327.61,""clocks.current.sm"":1950,""clocks.current.memory"":9501,""memory.used"":364,""utilization.gpu"":99}","{""name"":""NVIDIA GeForce RTX 3090"",""driver_version"":""580.119.02"",""pstate"":""P2"",""temperature.gpu"":67,""power.draw"":348.49,""clocks.current.sm"":1830,""clocks.current.memory"":9501,""memory.used"":5488,""utilization.gpu"":99}",225,0.018433861972557173,Shift–Fresnel,225,2278125000,75,0,75,
ok,shift_fresnel_precomputed,1,16,measurement,7,True,0.0761906560510397,4.147621123120189,4.223811779171228,76.18348693847656,4147.349517822266,3438664192,3569352704,3347535360,4948905984,5393874944,22725,75,"{'shape': [3, 101, 375, 375], 'dtype': 'torch.float32', 'all_finite': True, 'min': 1.3366434017557036e-16, 'max': 0.006516203284263611, 'last_psf_sum': 0.07359086722135544}","{""name"":""NVIDIA GeForce RTX 3090"",""driver_version"":""580.119.02"",""pstate"":""P2"",""temperature.gpu"":64,""power.draw"":328.66,""clocks.current.sm"":1950,""clocks.current.memory"":9501,""memory.used"":364,""utilization.gpu"":0}","{""name"":""NVIDIA GeForce RTX 3090"",""driver_version"":""580.119.02"",""pstate"":""P2"",""temperature.gpu"":67,""power.draw"":348.7,""clocks.current.sm"":1830,""clocks.current.memory"":9501,""memory.used"":5488,""utilization.gpu"":99}",225,0.01843387165831195,Shift–Fresnel,225,2278125000,75,0,75,
ok,shift_fresnel_precomputed,1,17,measurement,8,True,0.07701249234378338,4.148522665724158,4.225535158067942,77.00422668457031,4148.2506103515625,3438664192,3569352704,3347535360,4948905984,5393874944,22725,75,"{'shape': [3, 101, 375, 375], 'dtype': 'torch.float32', 'all_finite': True, 'min': 1.3366434017557036e-16, 'max': 0.006516203284263611, 'last_psf_sum': 0.07359086722135544}","{""name"":""NVIDIA GeForce RTX 3090"",""driver_version"":""580.119.02"",""pstate"":""P2"",""temperature.gpu"":67,""power.draw"":335.43,""clocks.current.sm"":1950,""clocks.current.memory"":9501,""memory.used"":364,""utilization.gpu"":99}","{""name"":""NVIDIA GeForce RTX 3090"",""driver_version"":""580.119.02"",""pstate"":""P2"",""temperature.gpu"":68,""power.draw"":348.93,""clocks.current.sm"":1830,""clocks.current.memory"":9501,""memory.used"":5488,""utilization.gpu"":100}",225,0.018437878514329594,Shift–Fresnel,225,2278125000,75,0,75,
ok,shift_fresnel_precomputed,1,18,measurement,9,True,0.07713364623486996,4.1482865661382675,4.2254202123731375,77.12569427490234,4148.020221710205,3438664192,3569352704,3347535360,4948905984,5393874944,22725,75,"{'shape': [3, 101, 375, 375], 'dtype': 'torch.float32', 'all_finite': True, 'min': 1.3366434017557036e-16, 'max': 0.006516203284263611, 'last_psf_sum': 0.07359086722135544}","{""name"":""NVIDIA GeForce RTX 3090"",""driver_version"":""580.119.02"",""pstate"":""P2"",""temperature.gpu"":68,""power.draw"":341.17,""clocks.current.sm"":1935,""clocks.current.memory"":9501,""memory.used"":364,""utilization.gpu"":51}","{""name"":""NVIDIA GeForce RTX 3090"",""driver_version"":""580.119.02"",""pstate"":""P2"",""temperature.gpu"":68,""power.draw"":348.54,""clocks.current.sm"":1845,""clocks.current.memory"":9501,""memory.used"":5488,""utilization.gpu"":99}",225,0.018436829182836744,Shift–Fresnel,225,2278125000,75,0,75,
ok,shift_fresnel_precomputed,1,19,measurement,10,True,0.08337650634348392,4.149076569825411,4.232453076168895,83.36787414550781,4148.812789916992,3438664192,3569352704,3347535360,4948905984,5393874944,22725,75,"{'shape': [3, 101, 375, 375], 'dtype': 'torch.float32', 'all_finite': True, 'min': 1.3366434017557036e-16, 'max': 0.006516203284263611, 'last_psf_sum': 0.07359086722135544}","{""name"":""NVIDIA GeForce RTX 3090"",""driver_version"":""580.119.02"",""pstate"":""P2"",""temperature.gpu"":68,""power.draw"":348.54,""clocks.current.sm"":1845,""clocks.current.memory"":9501,""memory.used"":364,""utilization.gpu"":99}","{""name"":""NVIDIA GeForce RTX 3090"",""driver_version"":""580.119.02"",""pstate"":""P2"",""temperature.gpu"":68,""power.draw"":349.31,""clocks.current.sm"":1845,""clocks.current.memory"":9501,""memory.used"":5488,""utilization.gpu"":99}",225,0.01844034031033516,Shift–Fresnel,225,2278125000,75,0,75,
ok,shift_fresnel_precomputed,2,0,warmup,1,False,0.4511094707995653,17.713528467342257,18.164637938141823,451.0965881347656,17713.030166625977,14276944896,14652801024,13897716224,20555240448,22244491264,22725,75,"{'shape': [3, 101, 765, 765], 'dtype': 'torch.float32', 'all_finite': True, 'min': 1.3870948264919562e-18, 'max': 0.006086055189371109, 'last_psf_sum': 0.06114044040441513}","{""name"":""NVIDIA GeForce RTX 3090"",""driver_version"":""580.119.02"",""pstate"":""P2"",""temperature.gpu"":57,""power.draw"":117.49,""clocks.current.sm"":1695,""clocks.current.memory"":9501,""memory.used"":364,""utilization.gpu"":0}","{""name"":""NVIDIA GeForce RTX 3090"",""driver_version"":""580.119.02"",""pstate"":""P2"",""temperature.gpu"":69,""power.draw"":346.92,""clocks.current.sm"":1890,""clocks.current.memory"":9501,""memory.used"":21558,""utilization.gpu"":85}",225,0.07872679318818782,Shift–Fresnel,225,9480645000,75,0,75,
ok,shift_fresnel_precomputed,2,1,warmup,2,False,0.28839676454663277,17.673026625066996,17.96142338961363,288.3854064941406,17672.553482055664,14276944896,14652801024,13897716224,20555240448,22244491264,22725,75,"{'shape': [3, 101, 765, 765], 'dtype': 'torch.float32', 'all_finite': True, 'min': 1.3870948264919562e-18, 'max': 0.006086055189371109, 'last_psf_sum': 0.06114044040441513}","{""name"":""NVIDIA GeForce RTX 3090"",""driver_version"":""580.119.02"",""pstate"":""P2"",""temperature.gpu"":69,""power.draw"":346.92,""clocks.current.sm"":1890,""clocks.current.memory"":9501,""memory.used"":364,""utilization.gpu"":85}","{""name"":""NVIDIA GeForce RTX 3090"",""driver_version"":""580.119.02"",""pstate"":""P2"",""temperature.gpu"":69,""power.draw"":348.99,""clocks.current.sm"":1875,""clocks.current.memory"":9501,""memory.used"":21558,""utilization.gpu"":100}",225,0.07854678500029776,Shift–Fresnel,225,9480645000,75,0,75,
ok,shift_fresnel_precomputed,2,2,warmup,3,False,0.4994858745485544,17.680521858856082,18.180007733404636,499.46905517578125,17680.061416625977,14276944896,14652801024,13897716224,20555240448,22244491264,22725,75,"{'shape': [3, 101, 765, 765], 'dtype': 'torch.float32', 'all_finite': True, 'min': 1.3870948264919562e-18, 'max': 0.006086055189371109, 'last_psf_sum': 0.06114044040441513}","{""name"":""NVIDIA GeForce RTX 3090"",""driver_version"":""580.119.02"",""pstate"":""P2"",""temperature.gpu"":69,""power.draw"":348.99,""clocks.current.sm"":1875,""clocks.current.memory"":9501,""memory.used"":364,""utilization.gpu"":100}","{""name"":""NVIDIA GeForce RTX 3090"",""driver_version"":""580.119.02"",""pstate"":""P2"",""temperature.gpu"":70,""power.draw"":349.0,""clocks.current.sm"":1815,""clocks.current.memory"":9501,""memory.used"":21558,""utilization.gpu"":100}",225,0.07858009715047147,Shift–Fresnel,225,9480645000,75,0,75,
ok,shift_fresnel_precomputed,2,3,warmup,4,False,0.36436517909169197,17.687911815941334,18.052276995033026,364.3541259765625,17687.45980834961,14276944896,14652801024,13897716224,20555240448,22244491264,22725,75,"{'shape': [3, 101, 765, 765], 'dtype': 'torch.float32', 'all_finite': True, 'min': 1.3870948264919562e-18, 'max': 0.006086055189371109, 'last_psf_sum': 0.06114044040441513}","{""name"":""NVIDIA GeForce RTX 3090"",""driver_version"":""580.119.02"",""pstate"":""P2"",""temperature.gpu"":70,""power.draw"":349.0,""clocks.current.sm"":1815,""clocks.current.memory"":9501,""memory.used"":364,""utilization.gpu"":100}","{""name"":""NVIDIA GeForce RTX 3090"",""driver_version"":""580.119.02"",""pstate"":""P2"",""temperature.gpu"":70,""power.draw"":348.87,""clocks.current.sm"":1815,""clocks.current.memory"":9501,""memory.used"":21558,""utilization.gpu"":100}",225,0.0786129414041837,Shift–Fresnel,225,9480645000,75,0,75,
ok,shift_fresnel_precomputed,2,4,warmup,5,False,0.30413190834224224,17.691151592880487,17.99528350122273,304.1209411621094,17690.714141845703,14276944896,14652801024,13897716224,20555240448,22244491264,22725,75,"{'shape': [3, 101, 765, 765], 'dtype': 'torch.float32', 'all_finite': True, 'min': 1.3870948264919562e-18, 'max': 0.006086055189371109, 'last_psf_sum': 0.06114044040441513}","{""name"":""NVIDIA GeForce RTX 3090"",""driver_version"":""580.119.02"",""pstate"":""P2"",""temperature.gpu"":67,""power.draw"":340.47,""clocks.current.sm"":1935,""clocks.current.memory"":9501,""memory.used"":364,""utilization.gpu"":100}","{""name"":""NVIDIA GeForce RTX 3090"",""driver_version"":""580.119.02"",""pstate"":""P2"",""temperature.gpu"":71,""power.draw"":348.96,""clocks.current.sm"":1830,""clocks.current.memory"":9501,""memory.used"":21558,""utilization.gpu"":100}",225,0.07862734041280217,Shift–Fresnel,225,9480645000,75,0,75,
ok,shift_fresnel_precomputed,2,5,warmup,6,False,0.3828686699271202,17.693621549755335,18.076490219682455,382.8581848144531,17693.18910217285,14276944896,14652801024,13897716224,20555240448,22244491264,22725,75,"{'shape': [3, 101, 765, 765], 'dtype': 'torch.float32', 'all_finite': True, 'min': 1.3870948264919562e-18, 'max': 0.006086055189371109, 'last_psf_sum': 0.06114044040441513}","{""name"":""NVIDIA GeForce RTX 3090"",""driver_version"":""580.119.02"",""pstate"":""P2"",""temperature.gpu"":65,""power.draw"":318.65,""clocks.current.sm"":1935,""clocks.current.memory"":9501,""memory.used"":364,""utilization.gpu"":13}","{""name"":""NVIDIA GeForce RTX 3090"",""driver_version"":""580.119.02"",""pstate"":""P2"",""temperature.gpu"":71,""power.draw"":348.95,""clocks.current.sm"":1830,""clocks.current.memory"":9501,""memory.used"":21558,""utilization.gpu"":100}",225,0.0786383179989126,Shift–Fresnel,225,9480645000,75,0,75,
ok,shift_fresnel_precomputed,2,6,warmup,7,False,0.38259092159569263,17.695218646898866,18.07780956849456,382.58111572265625,17694.79981994629,14276944896,14652801024,13897716224,20555240448,22244491264,22725,75,"{'shape': [3, 101, 765, 765], 'dtype': 'torch.float32', 'all_finite': True, 'min': 1.3870948264919562e-18, 'max': 0.006086055189371109, 'last_psf_sum': 0.06114044040441513}","{""name"":""NVIDIA GeForce RTX 3090"",""driver_version"":""580.119.02"",""pstate"":""P2"",""temperature.gpu"":71,""power.draw"":348.95,""clocks.current.sm"":1830,""clocks.current.memory"":9501,""memory.used"":364,""utilization.gpu"":100}","{""name"":""NVIDIA GeForce RTX 3090"",""driver_version"":""580.119.02"",""pstate"":""P2"",""temperature.gpu"":71,""power.draw"":349.05,""clocks.current.sm"":1815,""clocks.current.memory"":9501,""memory.used"":21558,""utilization.gpu"":100}",225,0.0786454162084394,Shift–Fresnel,225,9480645000,75,0,75,
ok,shift_fresnel_precomputed,2,7,warmup,8,False,0.487626476213336,17.695780159905553,18.18340663611889,487.61431884765625,17695.367111206055,14276944896,14652801024,13897716224,20555240448,22244491264,22725,75,"{'shape': [3, 101, 765, 765], 'dtype': 'torch.float32', 'all_finite': True, 'min': 1.3870948264919562e-18, 'max': 0.006086055189371109, 'last_psf_sum': 0.06114044040441513}","{""name"":""NVIDIA GeForce RTX 3090"",""driver_version"":""580.119.02"",""pstate"":""P2"",""temperature.gpu"":71,""power.draw"":349.05,""clocks.current.sm"":1815,""clocks.current.memory"":9501,""memory.used"":364,""utilization.gpu"":100}","{""name"":""NVIDIA GeForce RTX 3090"",""driver_version"":""580.119.02"",""pstate"":""P2"",""temperature.gpu"":71,""power.draw"":349.26,""clocks.current.sm"":1815,""clocks.current.memory"":9501,""memory.used"":21558,""utilization.gpu"":100}",225,0.07864791182180246,Shift–Fresnel,225,9480645000,75,0,75,
ok,shift_fresnel_precomputed,2,8,warmup,9,False,0.3675404656678438,17.69492511637509,18.062465582042933,367.5296936035156,17694.521377563477,14276944896,14652801024,13897716224,20555240448,22244491264,22725,75,"{'shape': [3, 101, 765, 765], 'dtype': 'torch.float32', 'all_finite': True, 'min': 1.3870948264919562e-18, 'max': 0.006086055189371109, 'last_psf_sum': 0.06114044040441513}","{""name"":""NVIDIA GeForce RTX 3090"",""driver_version"":""580.119.02"",""pstate"":""P2"",""temperature.gpu"":71,""power.draw"":349.26,""clocks.current.sm"":1815,""clocks.current.memory"":9501,""memory.used"":364,""utilization.gpu"":100}","{""name"":""NVIDIA GeForce RTX 3090"",""driver_version"":""580.119.02"",""pstate"":""P2"",""temperature.gpu"":71,""power.draw"":348.89,""clocks.current.sm"":1815,""clocks.current.memory"":9501,""memory.used"":21558,""utilization.gpu"":100}",225,0.07864411162833372,Shift–Fresnel,225,9480645000,75,0,75,
ok,shift_fresnel_precomputed,2,9,warmup,10,False,0.3802847061306238,17.69768249243498,18.077967198565602,380.2742614746094,17697.276977539062,14276944896,14652801024,13897716224,20555240448,22244491264,22725,75,"{'shape': [3, 101, 765, 765], 'dtype': 'torch.float32', 'all_finite': True, 'min': 1.3870948264919562e-18, 'max': 0.006086055189371109, 'last_psf_sum': 0.06114044040441513}","{""name"":""NVIDIA GeForce RTX 3090"",""driver_version"":""580.119.02"",""pstate"":""P2"",""temperature.gpu"":71,""power.draw"":348.89,""clocks.current.sm"":1815,""clocks.current.memory"":9501,""memory.used"":364,""utilization.gpu"":100}","{""name"":""NVIDIA GeForce RTX 3090"",""driver_version"":""580.119.02"",""pstate"":""P2"",""temperature.gpu"":71,""power.draw"":348.83,""clocks.current.sm"":1800,""clocks.current.memory"":9501,""memory.used"":21558,""utilization.gpu"":100}",225,0.07865636663304434,Shift–Fresnel,225,9480645000,75,0,75,
ok,shift_fresnel_precomputed,2,10,measurement,1,True,0.4815935827791691,17.69502391293645,18.176617495715618,481.5816955566406,17694.627838134766,14276944896,14652801024,13897716224,20555240448,22244491264,22725,75,"{'shape': [3, 101, 765, 765], 'dtype': 'torch.float32', 'all_finite': True, 'min': 1.3870948264919562e-18, 'max': 0.006086055189371109, 'last_psf_sum': 0.06114044040441513}","{""name"":""NVIDIA GeForce RTX 3090"",""driver_version"":""580.119.02"",""pstate"":""P2"",""temperature.gpu"":71,""power.draw"":348.83,""clocks.current.sm"":1800,""clocks.current.memory"":9501,""memory.used"":364,""utilization.gpu"":100}","{""name"":""NVIDIA GeForce RTX 3090"",""driver_version"":""580.119.02"",""pstate"":""P2"",""temperature.gpu"":71,""power.draw"":349.1,""clocks.current.sm"":1830,""clocks.current.memory"":9501,""memory.used"":21558,""utilization.gpu"":100}",225,0.078644550724162,Shift–Fresnel,225,9480645000,75,0,75,
ok,shift_fresnel_precomputed,2,11,measurement,2,True,0.2855228055268526,17.697668420150876,17.98319122567773,285.51361083984375,17697.28515625,14276944896,14652801024,13897716224,20555240448,22244491264,22725,75,"{'shape': [3, 101, 765, 765], 'dtype': 'torch.float32', 'all_finite': True, 'min': 1.3870948264919562e-18, 'max': 0.006086055189371109, 'last_psf_sum': 0.06114044040441513}","{""name"":""NVIDIA GeForce RTX 3090"",""driver_version"":""580.119.02"",""pstate"":""P2"",""temperature.gpu"":71,""power.draw"":349.1,""clocks.current.sm"":1830,""clocks.current.memory"":9501,""memory.used"":364,""utilization.gpu"":100}","{""name"":""NVIDIA GeForce RTX 3090"",""driver_version"":""580.119.02"",""pstate"":""P2"",""temperature.gpu"":71,""power.draw"":349.0,""clocks.current.sm"":1815,""clocks.current.memory"":9501,""memory.used"":21558,""utilization.gpu"":100}",225,0.07865630408955945,Shift–Fresnel,225,9480645000,75,0,75,
ok,shift_fresnel_precomputed,2,12,measurement,3,True,0.4833821412175894,17.694207383319736,18.177589524537325,483.37115478515625,17693.821990966797,14276944896,14652801024,13897716224,20555240448,22244491264,22725,75,"{'shape': [3, 101, 765, 765], 'dtype': 'torch.float32', 'all_finite': True, 'min': 1.3870948264919562e-18, 'max': 0.006086055189371109, 'last_psf_sum': 0.06114044040441513}","{""name"":""NVIDIA GeForce RTX 3090"",""driver_version"":""580.119.02"",""pstate"":""P2"",""temperature.gpu"":67,""power.draw"":321.52,""clocks.current.sm"":1935,""clocks.current.memory"":9501,""memory.used"":364,""utilization.gpu"":16}","{""name"":""NVIDIA GeForce RTX 3090"",""driver_version"":""580.119.02"",""pstate"":""P2"",""temperature.gpu"":71,""power.draw"":348.94,""clocks.current.sm"":1815,""clocks.current.memory"":9501,""memory.used"":21558,""utilization.gpu"":100}",225,0.07864092170364327,Shift–Fresnel,225,9480645000,75,0,75,
ok,shift_fresnel_precomputed,2,13,measurement,4,True,0.36797742918133736,17.696818875148892,18.06479630433023,367.9643859863281,17696.419845581055,14276944896,14652801024,13897716224,20555240448,22244491264,22725,75,"{'shape': [3, 101, 765, 765], 'dtype': 'torch.float32', 'all_finite': True, 'min': 1.3870948264919562e-18, 'max': 0.006086055189371109, 'last_psf_sum': 0.06114044040441513}","{""name"":""NVIDIA GeForce RTX 3090"",""driver_version"":""580.119.02"",""pstate"":""P2"",""temperature.gpu"":67,""power.draw"":323.25,""clocks.current.sm"":1935,""clocks.current.memory"":9501,""memory.used"":364,""utilization.gpu"":100}","{""name"":""NVIDIA GeForce RTX 3090"",""driver_version"":""580.119.02"",""pstate"":""P2"",""temperature.gpu"":71,""power.draw"":349.0,""clocks.current.sm"":1815,""clocks.current.memory"":9501,""memory.used"":21558,""utilization.gpu"":100}",225,0.07865252833399508,Shift–Fresnel,225,9480645000,75,0,75,
ok,shift_fresnel_precomputed,2,14,measurement,5,True,0.3652635682374239,17.696957778185606,18.06222134642303,365.2593688964844,17696.58576965332,14276944896,14652801024,13897716224,20555240448,22244491264,22725,75,"{'shape': [3, 101, 765, 765], 'dtype': 'torch.float32', 'all_finite': True, 'min': 1.3870948264919562e-18, 'max': 0.006086055189371109, 'last_psf_sum': 0.06114044040441513}","{""name"":""NVIDIA GeForce RTX 3090"",""driver_version"":""580.119.02"",""pstate"":""P2"",""temperature.gpu"":71,""power.draw"":349.0,""clocks.current.sm"":1815,""clocks.current.memory"":9501,""memory.used"":364,""utilization.gpu"":100}","{""name"":""NVIDIA GeForce RTX 3090"",""driver_version"":""580.119.02"",""pstate"":""P2"",""temperature.gpu"":71,""power.draw"":348.74,""clocks.current.sm"":1815,""clocks.current.memory"":9501,""memory.used"":21558,""utilization.gpu"":100}",225,0.07865314568082492,Shift–Fresnel,225,9480645000,75,0,75,
ok,shift_fresnel_precomputed,2,15,measurement,6,True,0.37021584808826447,17.694676039740443,18.064891887828708,370.20599365234375,17694.309356689453,14276944896,14652801024,13897716224,20555240448,22244491264,22725,75,"{'shape': [3, 101, 765, 765], 'dtype': 'torch.float32', 'all_finite': True, 'min': 1.3870948264919562e-18, 'max': 0.006086055189371109, 'last_psf_sum': 0.06114044040441513}","{""name"":""NVIDIA GeForce RTX 3090"",""driver_version"":""580.119.02"",""pstate"":""P2"",""temperature.gpu"":71,""power.draw"":348.74,""clocks.current.sm"":1815,""clocks.current.memory"":9501,""memory.used"":364,""utilization.gpu"":100}","{""name"":""NVIDIA GeForce RTX 3090"",""driver_version"":""580.119.02"",""pstate"":""P2"",""temperature.gpu"":70,""power.draw"":348.85,""clocks.current.sm"":1815,""clocks.current.memory"":9501,""memory.used"":21558,""utilization.gpu"":100}",225,0.07864300462106864,Shift–Fresnel,225,9480645000,75,0,75,
ok,shift_fresnel_precomputed,2,16,measurement,7,True,0.38066227547824383,17.697367111220956,18.0780293866992,380.6514587402344,17697.00764465332,14276944896,14652801024,13897716224,20555240448,22244491264,22725,75,"{'shape': [3, 101, 765, 765], 'dtype': 'torch.float32', 'all_finite': True, 'min': 1.3870948264919562e-18, 'max': 0.006086055189371109, 'last_psf_sum': 0.06114044040441513}","{""name"":""NVIDIA GeForce RTX 3090"",""driver_version"":""580.119.02"",""pstate"":""P2"",""temperature.gpu"":70,""power.draw"":348.85,""clocks.current.sm"":1815,""clocks.current.memory"":9501,""memory.used"":364,""utilization.gpu"":100}","{""name"":""NVIDIA GeForce RTX 3090"",""driver_version"":""580.119.02"",""pstate"":""P2"",""temperature.gpu"":70,""power.draw"":348.89,""clocks.current.sm"":1875,""clocks.current.memory"":9501,""memory.used"":21558,""utilization.gpu"":100}",225,0.0786549649387598,Shift–Fresnel,225,9480645000,75,0,75,
ok,shift_fresnel_precomputed,2,17,measurement,8,True,0.36795004457235336,17.694161443039775,18.06211148761213,367.940185546875,17693.802520751953,14276944896,14652801024,13897716224,20555240448,22244491264,22725,75,"{'shape': [3, 101, 765, 765], 'dtype': 'torch.float32', 'all_finite': True, 'min': 1.3870948264919562e-18, 'max': 0.006086055189371109, 'last_psf_sum': 0.06114044040441513}","{""name"":""NVIDIA GeForce RTX 3090"",""driver_version"":""580.119.02"",""pstate"":""P2"",""temperature.gpu"":70,""power.draw"":348.89,""clocks.current.sm"":1875,""clocks.current.memory"":9501,""memory.used"":364,""utilization.gpu"":100}","{""name"":""NVIDIA GeForce RTX 3090"",""driver_version"":""580.119.02"",""pstate"":""P2"",""temperature.gpu"":70,""power.draw"":348.94,""clocks.current.sm"":1815,""clocks.current.memory"":9501,""memory.used"":21558,""utilization.gpu"":100}",225,0.07864071752462122,Shift–Fresnel,225,9480645000,75,0,75,
ok,shift_fresnel_precomputed,2,18,measurement,9,True,0.36873520724475384,17.693523991853,18.062259199097753,368.7252197265625,17693.169677734375,14276944896,14652801024,13897716224,20555240448,22244491264,22725,75,"{'shape': [3, 101, 765, 765], 'dtype': 'torch.float32', 'all_finite': True, 'min': 1.3870948264919562e-18, 'max': 0.006086055189371109, 'last_psf_sum': 0.06114044040441513}","{""name"":""NVIDIA GeForce RTX 3090"",""driver_version"":""580.119.02"",""pstate"":""P2"",""temperature.gpu"":67,""power.draw"":344.47,""clocks.current.sm"":1920,""clocks.current.memory"":9501,""memory.used"":364,""utilization.gpu"":100}","{""name"":""NVIDIA GeForce RTX 3090"",""driver_version"":""580.119.02"",""pstate"":""P2"",""temperature.gpu"":70,""power.draw"":349.12,""clocks.current.sm"":1815,""clocks.current.memory"":9501,""memory.used"":21558,""utilization.gpu"":100}",225,0.07863788440823555,Shift–Fresnel,225,9480645000,75,0,75,
ok,shift_fresnel_precomputed,2,19,measurement,10,True,0.3708647172898054,17.7037037871778,18.074568504467607,370.8551330566406,17703.348190307617,14276944896,14652801024,13897716224,20555240448,22244491264,22725,75,"{'shape': [3, 101, 765, 765], 'dtype': 'torch.float32', 'all_finite': True, 'min': 1.3870948264919562e-18, 'max': 0.006086055189371109, 'last_psf_sum': 0.06114044040441513}","{""name"":""NVIDIA GeForce RTX 3090"",""driver_version"":""580.119.02"",""pstate"":""P2"",""temperature.gpu"":66,""power.draw"":331.51,""clocks.current.sm"":1935,""clocks.current.memory"":9501,""memory.used"":364,""utilization.gpu"":0}","{""name"":""NVIDIA GeForce RTX 3090"",""driver_version"":""580.119.02"",""pstate"":""P2"",""temperature.gpu"":70,""power.draw"":349.1,""clocks.current.sm"":1815,""clocks.current.memory"":9501,""memory.used"":21558,""utilization.gpu"":100}",225,0.07868312794301245,Shift–Fresnel,225,9480645000,75,0,75,
ok,shift_blur_batched,1,0,warmup,1,False,0.3109749052673578,1.2995041720569134,1.6104790773242712,310.9191589355469,1299.387393951416,472333824,511705088,288615936,9790416896,18106810368,22725,10,"{'shape': [225, 2, 225, 225], 'dtype': 'torch.float32', 'all_finite': True, 'min': 1.7513609648894118e-13, 'max': 0.001655980246141553, 'last_psf_sum': 0.03500678390264511, 'shift_shape': [225, 2, 2], 'shift_dtype': 'torch.int64', 'shift_min': -111, 'shift_max': 111}","{""name"":""NVIDIA GeForce RTX 3090"",""driver_version"":""580.119.02"",""pstate"":""P2"",""temperature.gpu"":36,""power.draw"":46.49,""clocks.current.sm"":1695,""clocks.current.memory"":9501,""memory.used"":364,""utilization.gpu"":1}","{""name"":""NVIDIA GeForce RTX 3090"",""driver_version"":""580.119.02"",""pstate"":""P2"",""temperature.gpu"":50,""power.draw"":329.98,""clocks.current.sm"":1500,""clocks.current.memory"":9501,""memory.used"":17614,""utilization.gpu"":100}",225,0.005775574098030726,Shift–blur,225,,,,,3
ok,shift_blur_batched,1,1,warmup,2,False,0.07488424703478813,1.331965133547783,1.406849380582571,74.8769302368164,1331.883014678955,472334336,511705088,288616448,9790416896,18106810368,22725,10,"{'shape': [225, 2, 225, 225], 'dtype': 'torch.float32', 'all_finite': True, 'min': 1.7513609648894118e-13, 'max': 0.001655980246141553, 'last_psf_sum': 0.03500678390264511, 'shift_shape': [225, 2, 2], 'shift_dtype': 'torch.int64', 'shift_min': -111, 'shift_max': 111}","{""name"":""NVIDIA GeForce RTX 3090"",""driver_version"":""580.119.02"",""pstate"":""P2"",""temperature.gpu"":50,""power.draw"":329.98,""clocks.current.sm"":1500,""clocks.current.memory"":9501,""memory.used"":368,""utilization.gpu"":100}","{""name"":""NVIDIA GeForce RTX 3090"",""driver_version"":""580.119.02"",""pstate"":""P2"",""temperature.gpu"":50,""power.draw"":313.84,""clocks.current.sm"":1650,""clocks.current.memory"":9501,""memory.used"":17614,""utilization.gpu"":100}",225,0.005919845037990147,Shift–blur,225,,,,,3
ok,shift_blur_batched,1,2,warmup,3,False,0.07685046643018723,1.3681410886347294,1.4449915550649166,76.84812927246094,1368.0609436035156,472334336,511705088,288616448,9790416896,18106810368,22725,10,"{'shape': [225, 2, 225, 225], 'dtype': 'torch.float32', 'all_finite': True, 'min': 1.7513609648894118e-13, 'max': 0.001655980246141553, 'last_psf_sum': 0.03500678390264511, 'shift_shape': [225, 2, 2], 'shift_dtype': 'torch.int64', 'shift_min': -111, 'shift_max': 111}","{""name"":""NVIDIA GeForce RTX 3090"",""driver_version"":""580.119.02"",""pstate"":""P2"",""temperature.gpu"":44,""power.draw"":307.7,""clocks.current.sm"":1965,""clocks.current.memory"":9501,""memory.used"":368,""utilization.gpu"":0}","{""name"":""NVIDIA GeForce RTX 3090"",""driver_version"":""580.119.02"",""pstate"":""P2"",""temperature.gpu"":51,""power.draw"":322.67,""clocks.current.sm"":1530,""clocks.current.memory"":9501,""memory.used"":17614,""utilization.gpu"":99}",225,0.006080627060598798,Shift–blur,225,,,,,3
ok,shift_blur_batched,1,3,warmup,4,False,0.09634970687329769,1.2798539567738771,1.3762036636471748,96.3430404663086,1279.7706184387207,472334336,511705088,288616448,9790416896,18106810368,22725,10,"{'shape': [225, 2, 225, 225], 'dtype': 'torch.float32', 'all_finite': True, 'min': 1.7513609648894118e-13, 'max': 0.001655980246141553, 'last_psf_sum': 0.03500678390264511, 'shift_shape': [225, 2, 2], 'shift_dtype': 'torch.int64', 'shift_min': -111, 'shift_max': 111}","{""name"":""NVIDIA GeForce RTX 3090"",""driver_version"":""580.119.02"",""pstate"":""P2"",""temperature.gpu"":51,""power.draw"":283.23,""clocks.current.sm"":1980,""clocks.current.memory"":9501,""memory.used"":368,""utilization.gpu"":91}","{""name"":""NVIDIA GeForce RTX 3090"",""driver_version"":""580.119.02"",""pstate"":""P2"",""temperature.gpu"":50,""power.draw"":329.68,""clocks.current.sm"":1830,""clocks.current.memory"":9501,""memory.used"":17614,""utilization.gpu"":99}",225,0.005688239807883898,Shift–blur,225,,,,,3
ok,shift_blur_batched,1,4,warmup,5,False,0.07819009572267532,1.327369712293148,1.4055598080158234,78.18854522705078,1327.2811470031738,472334336,511705088,288616448,9790416896,18106810368,22725,10,"{'shape': [225, 2, 225, 225], 'dtype': 'torch.float32', 'all_finite': True, 'min': 1.7513609648894118e-13, 'max': 0.001655980246141553, 'last_psf_sum': 0.03500678390264511, 'shift_shape': [225, 2, 2], 'shift_dtype': 'torch.int64', 'shift_min': -111, 'shift_max': 111}","{""name"":""NVIDIA GeForce RTX 3090"",""driver_version"":""580.119.02"",""pstate"":""P2"",""temperature.gpu"":50,""power.draw"":329.68,""clocks.current.sm"":1830,""clocks.current.memory"":9501,""memory.used"":368,""utilization.gpu"":99}","{""name"":""NVIDIA GeForce RTX 3090"",""driver_version"":""580.119.02"",""pstate"":""P2"",""temperature.gpu"":51,""power.draw"":326.2,""clocks.current.sm"":1755,""clocks.current.memory"":9501,""memory.used"":17614,""utilization.gpu"":99}",225,0.0058994209435251025,Shift–blur,225,,,,,3
ok,shift_blur_batched,1,5,warmup,6,False,0.07458306103944778,1.3638608399778605,1.4384439010173082,74.57587432861328,1363.7816467285156,472334336,511705088,288616448,9790416896,18106810368,22725,10,"{'shape': [225, 2, 225, 225], 'dtype': 'torch.float32', 'all_finite': True, 'min': 1.7513609648894118e-13, 'max': 0.001655980246141553, 'last_psf_sum': 0.03500678390264511, 'shift_shape': [225, 2, 2], 'shift_dtype': 'torch.int64', 'shift_min': -111, 'shift_max': 111}","{""name"":""NVIDIA GeForce RTX 3090"",""driver_version"":""580.119.02"",""pstate"":""P2"",""temperature.gpu"":51,""power.draw"":289.11,""clocks.current.sm"":1965,""clocks.current.memory"":9501,""memory.used"":368,""utilization.gpu"":99}","{""name"":""NVIDIA GeForce RTX 3090"",""driver_version"":""580.119.02"",""pstate"":""P2"",""temperature.gpu"":53,""power.draw"":328.78,""clocks.current.sm"":1620,""clocks.current.memory"":9501,""memory.used"":17614,""utilization.gpu"":100}",225,0.006061603733234935,Shift–blur,225,,,,,3
ok,shift_blur_batched,1,6,warmup,7,False,0.07494345679879189,1.3367408215999603,1.4116842783987522,74.93529510498047,1336.66304397583,472334336,511705088,288616448,9790416896,18106810368,22725,10,"{'shape': [225, 2, 225, 225], 'dtype': 'torch.float32', 'all_finite': True, 'min': 1.7513609648894118e-13, 'max': 0.001655980246141553, 'last_psf_sum': 0.03500678390264511, 'shift_shape': [225, 2, 2], 'shift_dtype': 'torch.int64', 'shift_min': -111, 'shift_max': 111}","{""name"":""NVIDIA GeForce RTX 3090"",""driver_version"":""580.119.02"",""pstate"":""P2"",""temperature.gpu"":53,""power.draw"":328.78,""clocks.current.sm"":1620,""clocks.current.memory"":9501,""memory.used"":368,""utilization.gpu"":100}","{""name"":""NVIDIA GeForce RTX 3090"",""driver_version"":""580.119.02"",""pstate"":""P2"",""temperature.gpu"":54,""power.draw"":328.34,""clocks.current.sm"":1635,""clocks.current.memory"":9501,""memory.used"":17614,""utilization.gpu"":99}",225,0.005941070318222046,Shift–blur,225,,,,,3
ok,shift_blur_batched,1,7,warmup,8,False,0.07480759546160698,1.3343605659902096,1.4091681614518166,74.80012512207031,1334.2822532653809,472334336,511705088,288616448,9790416896,18106810368,22725,10,"{'shape': [225, 2, 225, 225], 'dtype': 'torch.float32', 'all_finite': True, 'min': 1.7513609648894118e-13, 'max': 0.001655980246141553, 'last_psf_sum': 0.03500678390264511, 'shift_shape': [225, 2, 2], 'shift_dtype': 'torch.int64', 'shift_min': -111, 'shift_max': 111}","{""name"":""NVIDIA GeForce RTX 3090"",""driver_version"":""580.119.02"",""pstate"":""P2"",""temperature.gpu"":48,""power.draw"":299.89,""clocks.current.sm"":1965,""clocks.current.memory"":9501,""memory.used"":368,""utilization.gpu"":23}","{""name"":""NVIDIA GeForce RTX 3090"",""driver_version"":""580.119.02"",""pstate"":""P2"",""temperature.gpu"":56,""power.draw"":328.26,""clocks.current.sm"":1635,""clocks.current.memory"":9501,""memory.used"":17614,""utilization.gpu"":99}",225,0.0059304914044009316,Shift–blur,225,,,,,3
ok,shift_blur_batched,1,8,warmup,9,False,0.07521041110157967,1.358809543773532,1.4340199548751116,75.20358276367188,1358.728183746338,472334336,511705088,288616448,9790416896,18106810368,22725,10,"{'shape': [225, 2, 225, 225], 'dtype': 'torch.float32', 'all_finite': True, 'min': 1.7513609648894118e-13, 'max': 0.001655980246141553, 'last_psf_sum': 0.03500678390264511, 'shift_shape': [225, 2, 2], 'shift_dtype': 'torch.int64', 'shift_min': -111, 'shift_max': 111}","{""name"":""NVIDIA GeForce RTX 3090"",""driver_version"":""580.119.02"",""pstate"":""P2"",""temperature.gpu"":56,""power.draw"":328.26,""clocks.current.sm"":1635,""clocks.current.memory"":9501,""memory.used"":368,""utilization.gpu"":99}","{""name"":""NVIDIA GeForce RTX 3090"",""driver_version"":""580.119.02"",""pstate"":""P2"",""temperature.gpu"":56,""power.draw"":320.45,""clocks.current.sm"":1530,""clocks.current.memory"":9501,""memory.used"":17614,""utilization.gpu"":100}",225,0.006039153527882364,Shift–blur,225,,,,,3
ok,shift_blur_batched,1,9,warmup,10,False,0.07561353966593742,1.3503033220767975,1.425916861742735,75.60601806640625,1350.2197761535645,472334336,511705088,288616448,9790416896,18106810368,22725,10,"{'shape': [225, 2, 225, 225], 'dtype': 'torch.float32', 'all_finite': True, 'min': 1.7513609648894118e-13, 'max': 0.001655980246141553, 'last_psf_sum': 0.03500678390264511, 'shift_shape': [225, 2, 2], 'shift_dtype': 'torch.int64', 'shift_min': -111, 'shift_max': 111}","{""name"":""NVIDIA GeForce RTX 3090"",""driver_version"":""580.119.02"",""pstate"":""P2"",""temperature.gpu"":50,""power.draw"":305.04,""clocks.current.sm"":1980,""clocks.current.memory"":9501,""memory.used"":368,""utilization.gpu"":100}","{""name"":""NVIDIA GeForce RTX 3090"",""driver_version"":""580.119.02"",""pstate"":""P2"",""temperature.gpu"":55,""power.draw"":326.82,""clocks.current.sm"":1680,""clocks.current.memory"":9501,""memory.used"":17614,""utilization.gpu"":99}",225,0.0060013480981191,Shift–blur,225,,,,,3
ok,shift_blur_batched,1,10,measurement,1,True,0.07490038871765137,1.3349489197134972,1.4098493084311485,74.89433288574219,1334.8689880371094,472334336,511705088,288616448,9790416896,18106810368,22725,10,"{'shape': [225, 2, 225, 225], 'dtype': 'torch.float32', 'all_finite': True, 'min': 1.7513609648894118e-13, 'max': 0.001655980246141553, 'last_psf_sum': 0.03500678390264511, 'shift_shape': [225, 2, 2], 'shift_dtype': 'torch.int64', 'shift_min': -111, 'shift_max': 111}","{""name"":""NVIDIA GeForce RTX 3090"",""driver_version"":""580.119.02"",""pstate"":""P2"",""temperature.gpu"":55,""power.draw"":326.82,""clocks.current.sm"":1680,""clocks.current.memory"":9501,""memory.used"":368,""utilization.gpu"":99}","{""name"":""NVIDIA GeForce RTX 3090"",""driver_version"":""580.119.02"",""pstate"":""P2"",""temperature.gpu"":54,""power.draw"":325.57,""clocks.current.sm"":1935,""clocks.current.memory"":9501,""memory.used"":17614,""utilization.gpu"":64}",225,0.005933106309837765,Shift–blur,225,,,,,3
ok,shift_blur_batched,1,11,measurement,2,True,0.07820147648453712,1.3519167210906744,1.4301181975752115,78.19161224365234,1351.828483581543,472334336,511705088,288616448,9790416896,18106810368,22725,10,"{'shape': [225, 2, 225, 225], 'dtype': 'torch.float32', 'all_finite': True, 'min': 1.7513609648894118e-13, 'max': 0.001655980246141553, 'last_psf_sum': 0.03500678390264511, 'shift_shape': [225, 2, 2], 'shift_dtype': 'torch.int64', 'shift_min': -111, 'shift_max': 111}","{""name"":""NVIDIA GeForce RTX 3090"",""driver_version"":""580.119.02"",""pstate"":""P2"",""temperature.gpu"":54,""power.draw"":325.57,""clocks.current.sm"":1935,""clocks.current.memory"":9501,""memory.used"":368,""utilization.gpu"":64}","{""name"":""NVIDIA GeForce RTX 3090"",""driver_version"":""580.119.02"",""pstate"":""P2"",""temperature.gpu"":56,""power.draw"":321.41,""clocks.current.sm"":1755,""clocks.current.memory"":9501,""memory.used"":17614,""utilization.gpu"":99}",225,0.0060085187604029975,Shift–blur,225,,,,,3
ok,shift_blur_batched,1,12,measurement,3,True,0.07575702480971813,1.354761477559805,1.430518502369523,75.74937438964844,1354.6803398132324,472334336,511705088,288616448,9790416896,18106810368,22725,10,"{'shape': [225, 2, 225, 225], 'dtype': 'torch.float32', 'all_finite': True, 'min': 1.7513609648894118e-13, 'max': 0.001655980246141553, 'last_psf_sum': 0.03500678390264511, 'shift_shape': [225, 2, 2], 'shift_dtype': 'torch.int64', 'shift_min': -111, 'shift_max': 111}","{""name"":""NVIDIA GeForce RTX 3090"",""driver_version"":""580.119.02"",""pstate"":""P2"",""temperature.gpu"":51,""power.draw"":290.41,""clocks.current.sm"":1965,""clocks.current.memory"":9501,""memory.used"":368,""utilization.gpu"":48}","{""name"":""NVIDIA GeForce RTX 3090"",""driver_version"":""580.119.02"",""pstate"":""P2"",""temperature.gpu"":58,""power.draw"":329.05,""clocks.current.sm"":1515,""clocks.current.memory"":9501,""memory.used"":17614,""utilization.gpu"":99}",225,0.0060211621224880215,Shift–blur,225,,,,,3
ok,shift_blur_batched,1,13,measurement,4,True,0.07463325187563896,1.360259486362338,1.434892738237977,74.62604522705078,1360.1781883239746,472334336,511705088,288616448,9790416896,18106810368,22725,10,"{'shape': [225, 2, 225, 225], 'dtype': 'torch.float32', 'all_finite': True, 'min': 1.7513609648894118e-13, 'max': 0.001655980246141553, 'last_psf_sum': 0.03500678390264511, 'shift_shape': [225, 2, 2], 'shift_dtype': 'torch.int64', 'shift_min': -111, 'shift_max': 111}","{""name"":""NVIDIA GeForce RTX 3090"",""driver_version"":""580.119.02"",""pstate"":""P2"",""temperature.gpu"":58,""power.draw"":329.05,""clocks.current.sm"":1515,""clocks.current.memory"":9501,""memory.used"":368,""utilization.gpu"":99}","{""name"":""NVIDIA GeForce RTX 3090"",""driver_version"":""580.119.02"",""pstate"":""P2"",""temperature.gpu"":58,""power.draw"":316.82,""clocks.current.sm"":1635,""clocks.current.memory"":9501,""memory.used"":17614,""utilization.gpu"":99}",225,0.006045597717165947,Shift–blur,225,,,,,3
ok,shift_blur_batched,1,14,measurement,5,True,0.07408670336008072,1.368739664554596,1.4428263679146767,74.07923126220703,1368.6568908691406,472334336,511705088,288616448,9790416896,18106810368,22725,10,"{'shape': [225, 2, 225, 225], 'dtype': 'torch.float32', 'all_finite': True, 'min': 1.7513609648894118e-13, 'max': 0.001655980246141553, 'last_psf_sum': 0.03500678390264511, 'shift_shape': [225, 2, 2], 'shift_dtype': 'torch.int64', 'shift_min': -111, 'shift_max': 111}","{""name"":""NVIDIA GeForce RTX 3090"",""driver_version"":""580.119.02"",""pstate"":""P2"",""temperature.gpu"":53,""power.draw"":307.8,""clocks.current.sm"":1965,""clocks.current.memory"":9501,""memory.used"":368,""utilization.gpu"":99}","{""name"":""NVIDIA GeForce RTX 3090"",""driver_version"":""580.119.02"",""pstate"":""P2"",""temperature.gpu"":58,""power.draw"":327.42,""clocks.current.sm"":1665,""clocks.current.memory"":9501,""memory.used"":17614,""utilization.gpu"":99}",225,0.006083287398020426,Shift–blur,225,,,,,3
ok,shift_blur_batched,1,15,measurement,6,True,0.07508347742259502,1.3585085421800613,1.4335920196026564,75.0755844116211,1358.4281425476074,472334336,511705088,288616448,9790416896,18106810368,22725,10,"{'shape': [225, 2, 225, 225], 'dtype': 'torch.float32', 'all_finite': True, 'min': 1.7513609648894118e-13, 'max': 0.001655980246141553, 'last_psf_sum': 0.03500678390264511, 'shift_shape': [225, 2, 2], 'shift_dtype': 'torch.int64', 'shift_min': -111, 'shift_max': 111}","{""name"":""NVIDIA GeForce RTX 3090"",""driver_version"":""580.119.02"",""pstate"":""P2"",""temperature.gpu"":58,""power.draw"":327.42,""clocks.current.sm"":1665,""clocks.current.memory"":9501,""memory.used"":368,""utilization.gpu"":99}","{""name"":""NVIDIA GeForce RTX 3090"",""driver_version"":""580.119.02"",""pstate"":""P2"",""temperature.gpu"":59,""power.draw"":307.04,""clocks.current.sm"":1620,""clocks.current.memory"":9501,""memory.used"":17614,""utilization.gpu"":99}",225,0.006037815743022494,Shift–blur,225,,,,,3
ok,shift_blur_batched,1,16,measurement,7,True,0.07556567341089249,1.3557635489851236,1.4313292223960161,75.5578842163086,1355.683837890625,472334336,511705088,288616448,9790416896,18106810368,22725,10,"{'shape': [225, 2, 225, 225], 'dtype': 'torch.float32', 'all_finite': True, 'min': 1.7513609648894118e-13, 'max': 0.001655980246141553, 'last_psf_sum': 0.03500678390264511, 'shift_shape': [225, 2, 2], 'shift_dtype': 'torch.int64', 'shift_min': -111, 'shift_max': 111}","{""name"":""NVIDIA GeForce RTX 3090"",""driver_version"":""580.119.02"",""pstate"":""P2"",""temperature.gpu"":56,""power.draw"":325.69,""clocks.current.sm"":1950,""clocks.current.memory"":9501,""memory.used"":368,""utilization.gpu"":56}","{""name"":""NVIDIA GeForce RTX 3090"",""driver_version"":""580.119.02"",""pstate"":""P2"",""temperature.gpu"":59,""power.draw"":324.25,""clocks.current.sm"":1695,""clocks.current.memory"":9501,""memory.used"":17614,""utilization.gpu"":99}",225,0.0060256157732672165,Shift–blur,225,,,,,3
ok,shift_blur_batched,1,17,measurement,8,True,0.07487286813557148,1.329355489462614,1.4042283575981855,74.86463928222656,1329.271816253662,472334336,511705088,288616448,9790416896,18106810368,22725,10,"{'shape': [225, 2, 225, 225], 'dtype': 'torch.float32', 'all_finite': True, 'min': 1.7513609648894118e-13, 'max': 0.001655980246141553, 'last_psf_sum': 0.03500678390264511, 'shift_shape': [225, 2, 2], 'shift_dtype': 'torch.int64', 'shift_min': -111, 'shift_max': 111}","{""name"":""NVIDIA GeForce RTX 3090"",""driver_version"":""580.119.02"",""pstate"":""P2"",""temperature.gpu"":54,""power.draw"":290.91,""clocks.current.sm"":1965,""clocks.current.memory"":9501,""memory.used"":368,""utilization.gpu"":31}","{""name"":""NVIDIA GeForce RTX 3090"",""driver_version"":""580.119.02"",""pstate"":""P2"",""temperature.gpu"":60,""power.draw"":331.27,""clocks.current.sm"":1635,""clocks.current.memory"":9501,""memory.used"":17614,""utilization.gpu"":99}",225,0.00590824661983384,Shift–blur,225,,,,,3
ok,shift_blur_batched,1,18,measurement,9,True,0.07886365056037903,1.3546183947473764,1.4334820453077555,78.85517120361328,1354.5369606018066,472334336,511705088,288616448,9790416896,18106810368,22725,10,"{'shape': [225, 2, 225, 225], 'dtype': 'torch.float32', 'all_finite': True, 'min': 1.7513609648894118e-13, 'max': 0.001655980246141553, 'last_psf_sum': 0.03500678390264511, 'shift_shape': [225, 2, 2], 'shift_dtype': 'torch.int64', 'shift_min': -111, 'shift_max': 111}","{""name"":""NVIDIA GeForce RTX 3090"",""driver_version"":""580.119.02"",""pstate"":""P2"",""temperature.gpu"":60,""power.draw"":331.27,""clocks.current.sm"":1635,""clocks.current.memory"":9501,""memory.used"":368,""utilization.gpu"":99}","{""name"":""NVIDIA GeForce RTX 3090"",""driver_version"":""580.119.02"",""pstate"":""P2"",""temperature.gpu"":61,""power.draw"":322.39,""clocks.current.sm"":1530,""clocks.current.memory"":9501,""memory.used"":17614,""utilization.gpu"":99}",225,0.006020526198877229,Shift–blur,225,,,,,3
ok,shift_blur_batched,1,19,measurement,10,True,0.09459440782666206,1.3541281260550022,1.4487225338816643,94.58790588378906,1354.0403518676758,472334336,511705088,288616448,9790416896,18106810368,22725,10,"{'shape': [225, 2, 225, 225], 'dtype': 'torch.float32', 'all_finite': True, 'min': 1.7513609648894118e-13, 'max': 0.001655980246141553, 'last_psf_sum': 0.03500678390264511, 'shift_shape': [225, 2, 2], 'shift_dtype': 'torch.int64', 'shift_min': -111, 'shift_max': 111}","{""name"":""NVIDIA GeForce RTX 3090"",""driver_version"":""580.119.02"",""pstate"":""P2"",""temperature.gpu"":56,""power.draw"":307.67,""clocks.current.sm"":1965,""clocks.current.memory"":9501,""memory.used"":368,""utilization.gpu"":99}","{""name"":""NVIDIA GeForce RTX 3090"",""driver_version"":""580.119.02"",""pstate"":""P2"",""temperature.gpu"":60,""power.draw"":329.97,""clocks.current.sm"":1710,""clocks.current.memory"":9501,""memory.used"":17614,""utilization.gpu"":99}",225,0.006018347226911121,Shift–blur,225,,,,,3
ok,shift_blur_batched,2,0,warmup,1,False,0.3709440138190985,2.7694609481841326,3.140404962003231,370.93682861328125,2769.371124267578,914925568,991952896,554661888,18451746304,24555552768,22725,10,"{'shape': [225, 2, 225, 225], 'dtype': 'torch.float32', 'all_finite': True, 'min': 2.7217857416668434e-13, 'max': 0.0005229151574894786, 'last_psf_sum': 0.00744979502633214, 'shift_shape': [225, 2, 2], 'shift_dtype': 'torch.int64', 'shift_min': -210, 'shift_max': 210}","{""name"":""NVIDIA GeForce RTX 3090"",""driver_version"":""580.119.02"",""pstate"":""P2"",""temperature.gpu"":51,""power.draw"":103.45,""clocks.current.sm"":1695,""clocks.current.memory"":9501,""memory.used"":364,""utilization.gpu"":0}","{""name"":""NVIDIA GeForce RTX 3090"",""driver_version"":""580.119.02"",""pstate"":""P2"",""temperature.gpu"":60,""power.draw"":331.04,""clocks.current.sm"":1680,""clocks.current.memory"":9501,""memory.used"":20348,""utilization.gpu"":100}",225,0.012308715325262811,Shift–blur,225,,,,,3
ok,shift_blur_batched,2,1,warmup,2,False,0.14266017638146877,2.849604217335582,2.9922643937170506,142.6534423828125,2849.5052795410156,914926080,991952896,554662400,18451746304,24555552768,22725,10,"{'shape': [225, 2, 225, 225], 'dtype': 'torch.float32', 'all_finite': True, 'min': 2.7217857416668434e-13, 'max': 0.0005229151574894786, 'last_psf_sum': 0.00744979502633214, 'shift_shape': [225, 2, 2], 'shift_dtype': 'torch.int64', 'shift_min': -210, 'shift_max': 210}","{""name"":""NVIDIA GeForce RTX 3090"",""driver_version"":""580.119.02"",""pstate"":""P2"",""temperature.gpu"":56,""power.draw"":297.93,""clocks.current.sm"":1965,""clocks.current.memory"":9501,""memory.used"":368,""utilization.gpu"":100}","{""name"":""NVIDIA GeForce RTX 3090"",""driver_version"":""580.119.02"",""pstate"":""P2"",""temperature.gpu"":61,""power.draw"":331.02,""clocks.current.sm"":1605,""clocks.current.memory"":9501,""memory.used"":20348,""utilization.gpu"":100}",225,0.012664907632602586,Shift–blur,225,,,,,3
ok,shift_blur_batched,2,2,warmup,3,False,0.14322596415877342,2.8390870597213507,2.982313023880124,143.2156219482422,2838.9878005981445,914926080,991952896,554662400,18451746304,24555552768,22725,10,"{'shape': [225, 2, 225, 225], 'dtype': 'torch.float32', 'all_finite': True, 'min': 2.7217857416668434e-13, 'max': 0.0005229151574894786, 'last_psf_sum': 0.00744979502633214, 'shift_shape': [225, 2, 2], 'shift_dtype': 'torch.int64', 'shift_min': -210, 'shift_max': 210}","{""name"":""NVIDIA GeForce RTX 3090"",""driver_version"":""580.119.02"",""pstate"":""P2"",""temperature.gpu"":61,""power.draw"":331.02,""clocks.current.sm"":1605,""clocks.current.memory"":9501,""memory.used"":368,""utilization.gpu"":100}","{""name"":""NVIDIA GeForce RTX 3090"",""driver_version"":""580.119.02"",""pstate"":""P2"",""temperature.gpu"":62,""power.draw"":329.17,""clocks.current.sm"":1770,""clocks.current.memory"":9501,""memory.used"":20348,""utilization.gpu"":100}",225,0.01261816470987267,Shift–blur,225,,,,,3
ok,shift_blur_batched,2,3,warmup,4,False,0.14367618784308434,2.8400378078222275,2.983713995665312,143.66412353515625,2839.946304321289,914926080,991952896,554662400,18451746304,24555552768,22725,10,"{'shape': [225, 2, 225, 225], 'dtype': 'torch.float32', 'all_finite': True, 'min': 2.7217857416668434e-13, 'max': 0.0005229151574894786, 'last_psf_sum': 0.00744979502633214, 'shift_shape': [225, 2, 2], 'shift_dtype': 'torch.int64', 'shift_min': -210, 'shift_max': 210}","{""name"":""NVIDIA GeForce RTX 3090"",""driver_version"":""580.119.02"",""pstate"":""P2"",""temperature.gpu"":62,""power.draw"":329.17,""clocks.current.sm"":1770,""clocks.current.memory"":9501,""memory.used"":368,""utilization.gpu"":100}","{""name"":""NVIDIA GeForce RTX 3090"",""driver_version"":""580.119.02"",""pstate"":""P2"",""temperature.gpu"":64,""power.draw"":335.34,""clocks.current.sm"":1455,""clocks.current.memory"":9501,""memory.used"":20348,""utilization.gpu"":100}",225,0.012622390256987678,Shift–blur,225,,,,,3
ok,shift_blur_batched,2,4,warmup,5,False,0.1425801869481802,2.864994388073683,3.007574575021863,142.57151794433594,2864.9001693725586,914926080,991952896,554662400,18451746304,24555552768,22725,10,"{'shape': [225, 2, 225, 225], 'dtype': 'torch.float32', 'all_finite': True, 'min': 2.7217857416668434e-13, 'max': 0.0005229151574894786, 'last_psf_sum': 0.00744979502633214, 'shift_shape': [225, 2, 2], 'shift_dtype': 'torch.int64', 'shift_min': -210, 'shift_max': 210}","{""name"":""NVIDIA GeForce RTX 3090"",""driver_version"":""580.119.02"",""pstate"":""P2"",""temperature.gpu"":59,""power.draw"":317.18,""clocks.current.sm"":1950,""clocks.current.memory"":9501,""memory.used"":368,""utilization.gpu"":100}","{""name"":""NVIDIA GeForce RTX 3090"",""driver_version"":""580.119.02"",""pstate"":""P2"",""temperature.gpu"":63,""power.draw"":332.08,""clocks.current.sm"":1785,""clocks.current.memory"":9501,""memory.used"":20348,""utilization.gpu"":100}",225,0.01273330839143859,Shift–blur,225,,,,,3
ok,shift_blur_batched,2,5,warmup,6,False,0.14301977679133415,2.902879435569048,3.045899212360382,142.9606475830078,2902.7409744262695,914926080,991952896,554662400,18451746304,24555552768,22725,10,"{'shape': [225, 2, 225, 225], 'dtype': 'torch.float32', 'all_finite': True, 'min': 2.7217857416668434e-13, 'max': 0.0005229151574894786, 'last_psf_sum': 0.00744979502633214, 'shift_shape': [225, 2, 2], 'shift_dtype': 'torch.int64', 'shift_min': -210, 'shift_max': 210}","{""name"":""NVIDIA GeForce RTX 3090"",""driver_version"":""580.119.02"",""pstate"":""P2"",""temperature.gpu"":63,""power.draw"":332.08,""clocks.current.sm"":1785,""clocks.current.memory"":9501,""memory.used"":368,""utilization.gpu"":100}","{""name"":""NVIDIA GeForce RTX 3090"",""driver_version"":""580.119.02"",""pstate"":""P2"",""temperature.gpu"":65,""power.draw"":334.69,""clocks.current.sm"":1545,""clocks.current.memory"":9501,""memory.used"":20348,""utilization.gpu"":100}",225,0.01290168638030688,Shift–blur,225,,,,,3
ok,shift_blur_batched,2,6,warmup,7,False,0.14308156818151474,2.8538463972508907,2.9969279654324055,143.07431030273438,2853.7313385009766,914926080,991952896,554662400,18451746304,24555552768,22725,10,"{'shape': [225, 2, 225, 225], 'dtype': 'torch.float32', 'all_finite': True, 'min': 2.7217857416668434e-13, 'max': 0.0005229151574894786, 'last_psf_sum': 0.00744979502633214, 'shift_shape': [225, 2, 2], 'shift_dtype': 'torch.int64', 'shift_min': -210, 'shift_max': 210}","{""name"":""NVIDIA GeForce RTX 3090"",""driver_version"":""580.119.02"",""pstate"":""P2"",""temperature.gpu"":65,""power.draw"":334.69,""clocks.current.sm"":1545,""clocks.current.memory"":9501,""memory.used"":368,""utilization.gpu"":100}","{""name"":""NVIDIA GeForce RTX 3090"",""driver_version"":""580.119.02"",""pstate"":""P2"",""temperature.gpu"":63,""power.draw"":331.83,""clocks.current.sm"":1905,""clocks.current.memory"":9501,""memory.used"":20348,""utilization.gpu"":100}",225,0.012683761765559515,Shift–blur,225,,,,,3
ok,shift_blur_batched,2,7,warmup,8,False,0.14405707456171513,2.893866265192628,3.037923339754343,144.04608154296875,2893.7738189697266,914926080,991952896,554662400,18451746304,24555552768,22725,10,"{'shape': [225, 2, 225, 225], 'dtype': 'torch.float32', 'all_finite': True, 'min': 2.7217857416668434e-13, 'max': 0.0005229151574894786, 'last_psf_sum': 0.00744979502633214, 'shift_shape': [225, 2, 2], 'shift_dtype': 'torch.int64', 'shift_min': -210, 'shift_max': 210}","{""name"":""NVIDIA GeForce RTX 3090"",""driver_version"":""580.119.02"",""pstate"":""P2"",""temperature.gpu"":63,""power.draw"":331.83,""clocks.current.sm"":1905,""clocks.current.memory"":9501,""memory.used"":368,""utilization.gpu"":100}","{""name"":""NVIDIA GeForce RTX 3090"",""driver_version"":""580.119.02"",""pstate"":""P2"",""temperature.gpu"":66,""power.draw"":335.73,""clocks.current.sm"":1470,""clocks.current.memory"":9501,""memory.used"":20348,""utilization.gpu"":100}",225,0.012861627845300568,Shift–blur,225,,,,,3
ok,shift_blur_batched,2,8,warmup,9,False,0.14329330436885357,2.884168593212962,3.0274618975818157,143.2821807861328,2884.0662689208984,914926080,991952896,554662400,18451746304,24555552768,22725,10,"{'shape': [225, 2, 225, 225], 'dtype': 'torch.float32', 'all_finite': True, 'min': 2.7217857416668434e-13, 'max': 0.0005229151574894786, 'last_psf_sum': 0.00744979502633214, 'shift_shape': [225, 2, 2], 'shift_dtype': 'torch.int64', 'shift_min': -210, 'shift_max': 210}","{""name"":""NVIDIA GeForce RTX 3090"",""driver_version"":""580.119.02"",""pstate"":""P2"",""temperature.gpu"":60,""power.draw"":317.0,""clocks.current.sm"":1785,""clocks.current.memory"":9501,""memory.used"":368,""utilization.gpu"":0}","{""name"":""NVIDIA GeForce RTX 3090"",""driver_version"":""580.119.02"",""pstate"":""P2"",""temperature.gpu"":64,""power.draw"":332.19,""clocks.current.sm"":1755,""clocks.current.memory"":9501,""memory.used"":20348,""utilization.gpu"":100}",225,0.0128185270809465,Shift–blur,225,,,,,3
ok,shift_blur_batched,2,9,warmup,10,False,0.14287398383021355,2.8750360999256372,3.017910083755851,142.8572235107422,2874.924026489258,914926080,991952896,554662400,18451746304,24555552768,22725,10,"{'shape': [225, 2, 225, 225], 'dtype': 'torch.float32', 'all_finite': True, 'min': 2.7217857416668434e-13, 'max': 0.0005229151574894786, 'last_psf_sum': 0.00744979502633214, 'shift_shape': [225, 2, 2], 'shift_dtype': 'torch.int64', 'shift_min': -210, 'shift_max': 210}","{""name"":""NVIDIA GeForce RTX 3090"",""driver_version"":""580.119.02"",""pstate"":""P2"",""temperature.gpu"":64,""power.draw"":332.19,""clocks.current.sm"":1755,""clocks.current.memory"":9501,""memory.used"":368,""utilization.gpu"":100}","{""name"":""NVIDIA GeForce RTX 3090"",""driver_version"":""580.119.02"",""pstate"":""P2"",""temperature.gpu"":67,""power.draw"":334.43,""clocks.current.sm"":1500,""clocks.current.memory"":9501,""memory.used"":20348,""utilization.gpu"":100}",225,0.012777938221891721,Shift–blur,225,,,,,3
ok,shift_blur_batched,2,10,measurement,1,True,0.1426786445081234,2.848141610622406,2.9908202551305294,142.666748046875,2848.0501708984375,914926080,991952896,554662400,18451746304,24555552768,22725,10,"{'shape': [225, 2, 225, 225], 'dtype': 'torch.float32', 'all_finite': True, 'min': 2.7217857416668434e-13, 'max': 0.0005229151574894786, 'last_psf_sum': 0.00744979502633214, 'shift_shape': [225, 2, 2], 'shift_dtype': 'torch.int64', 'shift_min': -210, 'shift_max': 210}","{""name"":""NVIDIA GeForce RTX 3090"",""driver_version"":""580.119.02"",""pstate"":""P2"",""temperature.gpu"":67,""power.draw"":334.43,""clocks.current.sm"":1500,""clocks.current.memory"":9501,""memory.used"":368,""utilization.gpu"":100}","{""name"":""NVIDIA GeForce RTX 3090"",""driver_version"":""580.119.02"",""pstate"":""P2"",""temperature.gpu"":65,""power.draw"":332.88,""clocks.current.sm"":1575,""clocks.current.memory"":9501,""memory.used"":20348,""utilization.gpu"":100}",225,0.012658407158321805,Shift–blur,225,,,,,3
ok,shift_blur_batched,2,11,measurement,2,True,0.143011212348938,2.870841419324279,3.013852631673217,143.00364685058594,2870.75431060791,914926080,991952896,554662400,18451746304,24555552768,22725,10,"{'shape': [225, 2, 225, 225], 'dtype': 'torch.float32', 'all_finite': True, 'min': 2.7217857416668434e-13, 'max': 0.0005229151574894786, 'last_psf_sum': 0.00744979502633214, 'shift_shape': [225, 2, 2], 'shift_dtype': 'torch.int64', 'shift_min': -210, 'shift_max': 210}","{""name"":""NVIDIA GeForce RTX 3090"",""driver_version"":""580.119.02"",""pstate"":""P2"",""temperature.gpu"":62,""power.draw"":325.24,""clocks.current.sm"":1950,""clocks.current.memory"":9501,""memory.used"":368,""utilization.gpu"":42}","{""name"":""NVIDIA GeForce RTX 3090"",""driver_version"":""580.119.02"",""pstate"":""P2"",""temperature.gpu"":66,""power.draw"":332.74,""clocks.current.sm"":1665,""clocks.current.memory"":9501,""memory.used"":20348,""utilization.gpu"":100}",225,0.012759295196996794,Shift–blur,225,,,,,3
ok,shift_blur_batched,2,12,measurement,3,True,0.14322400093078613,2.8817277532070875,3.0249517541378736,143.21664428710938,2881.6373901367188,914926080,991952896,554662400,18451746304,24555552768,22725,10,"{'shape': [225, 2, 225, 225], 'dtype': 'torch.float32', 'all_finite': True, 'min': 2.7217857416668434e-13, 'max': 0.0005229151574894786, 'last_psf_sum': 0.00744979502633214, 'shift_shape': [225, 2, 2], 'shift_dtype': 'torch.int64', 'shift_min': -210, 'shift_max': 210}","{""name"":""NVIDIA GeForce RTX 3090"",""driver_version"":""580.119.02"",""pstate"":""P2"",""temperature.gpu"":61,""power.draw"":300.8,""clocks.current.sm"":1950,""clocks.current.memory"":9501,""memory.used"":368,""utilization.gpu"":100}","{""name"":""NVIDIA GeForce RTX 3090"",""driver_version"":""580.119.02"",""pstate"":""P2"",""temperature.gpu"":65,""power.draw"":333.12,""clocks.current.sm"":1590,""clocks.current.memory"":9501,""memory.used"":20348,""utilization.gpu"":100}",225,0.01280767890314261,Shift–blur,225,,,,,3
ok,shift_blur_batched,2,13,measurement,4,True,0.14257771894335747,2.9276630971580744,3.070240816101432,142.56947326660156,2927.571990966797,914926080,991952896,554662400,18451746304,24555552768,22725,10,"{'shape': [225, 2, 225, 225], 'dtype': 'torch.float32', 'all_finite': True, 'min': 2.7217857416668434e-13, 'max': 0.0005229151574894786, 'last_psf_sum': 0.00744979502633214, 'shift_shape': [225, 2, 2], 'shift_dtype': 'torch.int64', 'shift_min': -210, 'shift_max': 210}","{""name"":""NVIDIA GeForce RTX 3090"",""driver_version"":""580.119.02"",""pstate"":""P2"",""temperature.gpu"":65,""power.draw"":333.12,""clocks.current.sm"":1590,""clocks.current.memory"":9501,""memory.used"":368,""utilization.gpu"":100}","{""name"":""NVIDIA GeForce RTX 3090"",""driver_version"":""580.119.02"",""pstate"":""P2"",""temperature.gpu"":67,""power.draw"":335.21,""clocks.current.sm"":1650,""clocks.current.memory"":9501,""memory.used"":20348,""utilization.gpu"":100}",225,0.013011835987369219,Shift–blur,225,,,,,3
ok,shift_blur_batched,2,14,measurement,5,True,0.1414254792034626,2.896650845184922,3.038076324388385,141.4185028076172,2896.5621643066406,914926080,991952896,554662400,18451746304,24555552768,22725,10,"{'shape': [225, 2, 225, 225], 'dtype': 'torch.float32', 'all_finite': True, 'min': 2.7217857416668434e-13, 'max': 0.0005229151574894786, 'last_psf_sum': 0.00744979502633214, 'shift_shape': [225, 2, 2], 'shift_dtype': 'torch.int64', 'shift_min': -210, 'shift_max': 210}","{""name"":""NVIDIA GeForce RTX 3090"",""driver_version"":""580.119.02"",""pstate"":""P2"",""temperature.gpu"":67,""power.draw"":335.21,""clocks.current.sm"":1650,""clocks.current.memory"":9501,""memory.used"":368,""utilization.gpu"":100}","{""name"":""NVIDIA GeForce RTX 3090"",""driver_version"":""580.119.02"",""pstate"":""P2"",""temperature.gpu"":65,""power.draw"":332.54,""clocks.current.sm"":1590,""clocks.current.memory"":9501,""memory.used"":20348,""utilization.gpu"":100}",225,0.012874003756377431,Shift–blur,225,,,,,3
ok,shift_blur_batched,2,15,measurement,6,True,0.1448656152933836,2.90204543992877,3.0469110552221537,144.8581085205078,2901.9566497802734,914926080,991952896,554662400,18451746304,24555552768,22725,10,"{'shape': [225, 2, 225, 225], 'dtype': 'torch.float32', 'all_finite': True, 'min': 2.7217857416668434e-13, 'max': 0.0005229151574894786, 'last_psf_sum': 0.00744979502633214, 'shift_shape': [225, 2, 2], 'shift_dtype': 'torch.int64', 'shift_min': -210, 'shift_max': 210}","{""name"":""NVIDIA GeForce RTX 3090"",""driver_version"":""580.119.02"",""pstate"":""P2"",""temperature.gpu"":63,""power.draw"":327.26,""clocks.current.sm"":1935,""clocks.current.memory"":9501,""memory.used"":368,""utilization.gpu"":100}","{""name"":""NVIDIA GeForce RTX 3090"",""driver_version"":""580.119.02"",""pstate"":""P2"",""temperature.gpu"":67,""power.draw"":336.33,""clocks.current.sm"":1605,""clocks.current.memory"":9501,""memory.used"":20348,""utilization.gpu"":100}",225,0.012897979733016755,Shift–blur,225,,,,,3
ok,shift_blur_batched,2,16,measurement,7,True,0.1427075546234846,2.872072711586952,3.014780266210437,142.70054626464844,2871.984130859375,914926080,991952896,554662400,18451746304,24555552768,22725,10,"{'shape': [225, 2, 225, 225], 'dtype': 'torch.float32', 'all_finite': True, 'min': 2.7217857416668434e-13, 'max': 0.0005229151574894786, 'last_psf_sum': 0.00744979502633214, 'shift_shape': [225, 2, 2], 'shift_dtype': 'torch.int64', 'shift_min': -210, 'shift_max': 210}","{""name"":""NVIDIA GeForce RTX 3090"",""driver_version"":""580.119.02"",""pstate"":""P2"",""temperature.gpu"":62,""power.draw"":308.66,""clocks.current.sm"":1935,""clocks.current.memory"":9501,""memory.used"":368,""utilization.gpu"":0}","{""name"":""NVIDIA GeForce RTX 3090"",""driver_version"":""580.119.02"",""pstate"":""P2"",""temperature.gpu"":66,""power.draw"":333.51,""clocks.current.sm"":1605,""clocks.current.memory"":9501,""memory.used"":20348,""utilization.gpu"":100}",225,0.012764767607053121,Shift–blur,225,,,,,3
ok,shift_blur_batched,2,17,measurement,8,True,0.14280733838677406,2.859604759141803,3.002412097528577,142.7967987060547,2859.5128326416016,914926080,991952896,554662400,18451746304,24555552768,22725,10,"{'shape': [225, 2, 225, 225], 'dtype': 'torch.float32', 'all_finite': True, 'min': 2.7217857416668434e-13, 'max': 0.0005229151574894786, 'last_psf_sum': 0.00744979502633214, 'shift_shape': [225, 2, 2], 'shift_dtype': 'torch.int64', 'shift_min': -210, 'shift_max': 210}","{""name"":""NVIDIA GeForce RTX 3090"",""driver_version"":""580.119.02"",""pstate"":""P2"",""temperature.gpu"":66,""power.draw"":333.51,""clocks.current.sm"":1605,""clocks.current.memory"":9501,""memory.used"":368,""utilization.gpu"":100}","{""name"":""NVIDIA GeForce RTX 3090"",""driver_version"":""580.119.02"",""pstate"":""P2"",""temperature.gpu"":68,""power.draw"":335.84,""clocks.current.sm"":1635,""clocks.current.memory"":9501,""memory.used"":20348,""utilization.gpu"":100}",225,0.01270935448507468,Shift–blur,225,,,,,3
ok,shift_blur_batched,2,18,measurement,9,True,0.14344313740730286,2.889019785448909,3.0324629228562117,143.38047790527344,2888.8872833251953,914926080,991952896,554662400,18451746304,24555552768,22725,10,"{'shape': [225, 2, 225, 225], 'dtype': 'torch.float32', 'all_finite': True, 'min': 2.7217857416668434e-13, 'max': 0.0005229151574894786, 'last_psf_sum': 0.00744979502633214, 'shift_shape': [225, 2, 2], 'shift_dtype': 'torch.int64', 'shift_min': -210, 'shift_max': 210}","{""name"":""NVIDIA GeForce RTX 3090"",""driver_version"":""580.119.02"",""pstate"":""P2"",""temperature.gpu"":68,""power.draw"":335.84,""clocks.current.sm"":1635,""clocks.current.memory"":9501,""memory.used"":368,""utilization.gpu"":100}","{""name"":""NVIDIA GeForce RTX 3090"",""driver_version"":""580.119.02"",""pstate"":""P2"",""temperature.gpu"":66,""power.draw"":332.39,""clocks.current.sm"":1575,""clocks.current.memory"":9501,""memory.used"":20348,""utilization.gpu"":100}",225,0.012840087935328483,Shift–blur,225,,,,,3
ok,shift_blur_batched,2,19,measurement,10,True,0.14245654828846455,2.903107365593314,3.0455639138817787,142.4435272216797,2903.0112915039062,914926080,991952896,554662400,18451746304,24555552768,22725,10,"{'shape': [225, 2, 225, 225], 'dtype': 'torch.float32', 'all_finite': True, 'min': 2.7217857416668434e-13, 'max': 0.0005229151574894786, 'last_psf_sum': 0.00744979502633214, 'shift_shape': [225, 2, 2], 'shift_dtype': 'torch.int64', 'shift_min': -210, 'shift_max': 210}","{""name"":""NVIDIA GeForce RTX 3090"",""driver_version"":""580.119.02"",""pstate"":""P2"",""temperature.gpu"":64,""power.draw"":328.48,""clocks.current.sm"":1920,""clocks.current.memory"":9501,""memory.used"":368,""utilization.gpu"":55}","{""name"":""NVIDIA GeForce RTX 3090"",""driver_version"":""580.119.02"",""pstate"":""P2"",""temperature.gpu"":68,""power.draw"":335.33,""clocks.current.sm"":1650,""clocks.current.memory"":9501,""memory.used"":20348,""utilization.gpu"":100}",225,0.012902699402636952,Shift–blur,225,,,,,3
